id,materia,assunto,banca,concurso,ano,status,enunciado_inicio,cursos,n_cursos,unidades_pedagogicas,n_unidades,gerada_por_ia
2,Legislação de Guardas Municipais,Estatuto Geral das Guardas Municipais,Papiro — estilo Fundatec,Guarda Municipal de Alvorada,,EXPLICACAO_INCOMPLETA,"Segundo a Lei nº 13.022/2014, qual é um princípio mínimo de atuação das guardas municipais?",Guarda Municipal de Alvorada — Guarda Municipal,1,(nenhuma),0,false
3,Direito Constitucional,Segurança pública,Papiro — estilo Fundatec,Guarda Municipal de Alvorada,,EXPLICACAO_INCOMPLETA,"Nos termos da Constituição Federal, os municípios poderão constituir guardas municipais destinadas principalme",Guarda Municipal de Alvorada — Guarda Municipal,1,(nenhuma),0,false
4,Legislação de Trânsito,Normas de circulação,Papiro — estilo Fundatec,Guarda Municipal de Alvorada,,EXPLICACAO_INCOMPLETA,"Ao se aproximar de uma faixa de pedestres sem semáforo, o condutor deve agir de modo a:",Guarda Municipal de Alvorada — Guarda Municipal,1,(nenhuma),0,false
5,Direito Penal,Crimes contra a Administração Pública,Papiro — estilo Fundatec,Guarda Municipal de Alvorada,,EXPLICACAO_INCOMPLETA,"O servidor que se apropria de bem móvel de que tem posse em razão do cargo pratica, em tese:",Guarda Municipal de Alvorada — Guarda Municipal,1,(nenhuma),0,false
9,Direito Penal,Concurso de pessoas,Papiro — estilo FGV,Polícia Civil do Paraná,,EXPLICACAO_INCOMPLETA,"Para a teoria monista adotada como regra pelo Código Penal, quem concorre para o crime:",Polícia Civil do Paraná — Agente de Polícia Judiciária,1,(nenhuma),0,false
6,Língua Portuguesa,Crase,Papiro — estilo Fundatec,Guarda Municipal de Alvorada,,EXPLICACAO_INCOMPLETA,Assinale a alternativa em que o emprego do acento indicativo de crase está correto.,Brigada Militar do Rio Grande do Sul — Soldado de Primeira Classe | Guarda Municipal de Alvorada — Guarda Municipal,2,(nenhuma),0,false
70,Língua Portuguesa,Crase,Fundatec,Brigada Militar RS - Soldado de Primeira Classe,2025,EXPLICACAO_GENERICA,"Considerando o emprego do acento indicativo de crase, assinale a alternativa que preenche, correta e respectiv",Brigada Militar do Rio Grande do Sul — Soldado de Primeira Classe,1,(nenhuma),0,false
115,Língua Portuguesa,Crase,Fundatec,Brigada Militar RS - Soldado Nível III,2022,EXPLICACAO_GENERICA,"As lacunas pontilhadas e hachuradas das linhas 01, 12, 24, 33 e 34 do texto-base, visando à correção do texto,",Brigada Militar do Rio Grande do Sul — Soldado de Primeira Classe,1,(nenhuma),0,false
328,Língua Portuguesa,Crase,Fundatec,Corpo de Bombeiros Militar RS - Soldado de Primeira Classe,2025,EXPLICACAO_GENERICA,"Considerando o emprego do acento indicativo de crase, assinale a alternativa que preenche, correta e respectiv",Brigada Militar do Rio Grande do Sul — Soldado de Primeira Classe,1,(nenhuma),0,false
16,Língua Portuguesa,Concordância verbal,Papiro — estilo Fundatec,Brigada Militar do Rio Grande do Sul,,EXPLICACAO_INCOMPLETA,Assinale a frase em conformidade com a norma-padrão de concordância verbal.,Brigada Militar do Rio Grande do Sul — Soldado de Primeira Classe,1,(nenhuma),0,false
116,Língua Portuguesa,Concordância verbal,Fundatec,Brigada Militar RS - Soldado Nível III,2022,EXPLICACAO_INCOMPLETA,"Na frase “os jovens renovam o vocabulário, reforçam sua superioridade sobre os caquéticos e mantêm a classific",Brigada Militar do Rio Grande do Sul — Soldado de Primeira Classe,1,(nenhuma),0,false
304,Língua Portuguesa,Concordância verbal,Papiro,PAPIRO - Adaptada do padrão Fundatec 2025/2026,2026,EXPLICACAO_INCOMPLETA,Assinale a alternativa correta.,Brigada Militar do Rio Grande do Sul — Soldado de Primeira Classe,1,(nenhuma),0,false
318,Língua Portuguesa,Concordância verbal,Fundatec,Guarda Municipal de Gravataí/RS - Concurso Público nº 01/2025,2026,EXPLICACAO_INCOMPLETA,"Em “Durante a fase de crescimento, esse ponteiro tem duas horas de atraso em relação às crianças e adultos”, s",Brigada Militar do Rio Grande do Sul — Soldado de Primeira Classe,1,(nenhuma),0,false
17,Língua Portuguesa,Interpretação de textos,Papiro - estilo Fundatec,Brigada Militar do Rio Grande do Sul,,EXPLICACAO_INCOMPLETA,"Em um texto argumentativo, a tese corresponde:",Brigada Militar do Rio Grande do Sul — Soldado de Primeira Classe,1,(nenhuma),0,false
65,Língua Portuguesa,Interpretação de textos,Fundatec,Brigada Militar RS - Soldado de Primeira Classe,2025,EXPLICACAO_GENERICA,"Considerando o exposto pelo texto-base, analise as assertivas a seguir: I. Na construção do texto, o autor uti",Brigada Militar do Rio Grande do Sul — Soldado de Primeira Classe,1,(nenhuma),0,false
306,Língua Portuguesa,Interpretação de textos,Papiro,PAPIRO - Adaptada do padrão Fundatec 2025/2026,2026,EXPLICACAO_INCOMPLETA,"Em interpretação textual, uma inferência válida deve:",Brigada Militar do Rio Grande do Sul — Soldado de Primeira Classe,1,(nenhuma),0,false
18,Língua Portuguesa,Redação oficial,Papiro - estilo Fundatec,Brigada Militar do Rio Grande do Sul,,EXPLICACAO_INCOMPLETA,"Segundo as características da redação oficial, a comunicação administrativa deve priorizar:",Brigada Militar do Rio Grande do Sul — Soldado de Primeira Classe,1,(nenhuma),0,false
73,Língua Portuguesa,Redação oficial,Fundatec,Brigada Militar RS - Soldado de Primeira Classe,2025,EXPLICACAO_GENERICA,A respeito da formatação de documentos oficiais padrão ofício de acordo com o Manual de Redação da Presidência,Brigada Militar do Rio Grande do Sul — Soldado de Primeira Classe,1,(nenhuma),0,false
117,Língua Portuguesa,Redação oficial,Fundatec,Brigada Militar RS - Soldado Nível III,2022,EXPLICACAO_GENERICA,"Em relação à redação oficial, avalie as afirmações que seguem: I. Na redação oficial, quem comunica é sempre o",Brigada Militar do Rio Grande do Sul — Soldado de Primeira Classe,1,(nenhuma),0,false
118,Língua Portuguesa,Redação oficial,Fundatec,Brigada Militar RS - Soldado Nível III,2022,EXPLICACAO_GENERICA,"Na redação oficial, considerando um documento endereçado ao Presidente da República, avalie as afirmações: I. ",Brigada Militar do Rio Grande do Sul — Soldado de Primeira Classe,1,(nenhuma),0,false
34,Língua Portuguesa,"Transitividade Verbal e Termos Integrantes (Objeto Direto e Indireto, Complemento Nominal e Agente da Passiva)",Fundatec,,,EXPLICACAO_INCOMPLETA,"No trecho: “Devorou ao caçador o leão, depois perseguiram-no e trouxeram-no para o barco. Os complementos verb",(banco geral),0,(nenhuma),0,false
123,Língua Portuguesa,"Transitividade Verbal e Termos Integrantes (Objeto Direto e Indireto, Complemento Nominal e Agente da Passiva)",Fundatec,Brigada Militar RS - Soldado Nível III,2022,EXPLICACAO_GENERICA,"Em relação à frase “Quem for diferente da sua tribo lhes parecerá sem noção”, afirma-se que: I. “Quem for dife",Brigada Militar do Rio Grande do Sul — Soldado de Primeira Classe,1,(nenhuma),0,false
283,Língua Portuguesa,"Transitividade Verbal e Termos Integrantes (Objeto Direto e Indireto, Complemento Nominal e Agente da Passiva)",Papiro,PAPIRO - Adaptada do padrão Fundatec 2025/2026,2026,EXPLICACAO_INCOMPLETA,"Na frase “O servidor entregou o documento ao chefe”, o termo “o documento” é:",Brigada Militar do Rio Grande do Sul — Soldado de Primeira Classe,1,(nenhuma),0,false
284,Língua Portuguesa,"Transitividade Verbal e Termos Integrantes (Objeto Direto e Indireto, Complemento Nominal e Agente da Passiva)",Papiro,PAPIRO - Adaptada do padrão Fundatec 2025/2026,2026,EXPLICACAO_INCOMPLETA,"Em “A decisão foi tomada pelo comandante”, o termo “pelo comandante” exerce função de:",Brigada Militar do Rio Grande do Sul — Soldado de Primeira Classe,1,(nenhuma),0,false
332,Língua Portuguesa,"Transitividade Verbal e Termos Integrantes (Objeto Direto e Indireto, Complemento Nominal e Agente da Passiva)",Fundatec,Corpo de Bombeiros Militar RS - Soldado de Primeira Classe,2025,EXPLICACAO_GENERICA,"Considerando as possibilidades de reescrita e os termos que compõem a voz passiva, analise o trecho a seguir: ",Brigada Militar do Rio Grande do Sul — Soldado de Primeira Classe,1,(nenhuma),0,false
120,Língua Portuguesa,Regência verbal e nominal,Fundatec,Brigada Militar RS - Soldado Nível III,2022,EXPLICACAO_GENERICA,"Considerando o uso dos pronomes relativos e os aspectos próprios da regência, assinale a alternativa que preen",Brigada Militar do Rio Grande do Sul — Soldado de Primeira Classe,1,(nenhuma),0,false
281,Língua Portuguesa,Regência verbal e nominal,Papiro,PAPIRO - Adaptada do padrão Fundatec 2025/2026,2026,EXPLICACAO_INCOMPLETA,Assinale a alternativa de acordo com a norma-padrão.,Brigada Militar do Rio Grande do Sul — Soldado de Primeira Classe,1,(nenhuma),0,false
282,Língua Portuguesa,Regência verbal e nominal,Papiro,PAPIRO - Adaptada do padrão Fundatec 2025/2026,2026,EXPLICACAO_INCOMPLETA,Assinale a frase correta quanto à regência.,Brigada Militar do Rio Grande do Sul — Soldado de Primeira Classe,1,(nenhuma),0,false
219,Língua Portuguesa,Colocação pronominal,Papiro,PAPIRO - Estilo Fundatec - BM RS,2026,EXPLICACAO_INCOMPLETA,Assinale a alternativa que apresenta próclise corretamente empregada.,Brigada Militar do Rio Grande do Sul — Soldado de Primeira Classe,1,(nenhuma),0,false
220,Língua Portuguesa,Colocação pronominal,Papiro,PAPIRO - Estilo Fundatec - BM RS,2026,EXPLICACAO_INCOMPLETA,"Em “Jamais se esquecerá daquele dia”, o pronome “se” aparece antes do verbo porque:",Brigada Militar do Rio Grande do Sul — Soldado de Primeira Classe,1,(nenhuma),0,false
221,Língua Portuguesa,Colocação pronominal,Papiro,PAPIRO - Estilo Fundatec - BM RS,2026,EXPLICACAO_INCOMPLETA,Assinale a alternativa com colocação pronominal adequada à norma-padrão.,Brigada Militar do Rio Grande do Sul — Soldado de Primeira Classe,1,(nenhuma),0,false
216,Língua Portuguesa,Acentuação gráfica,Papiro,PAPIRO - Estilo Fundatec - BM RS,2026,EXPLICACAO_INCOMPLETA,Assinale a alternativa em que todas as palavras estão corretamente acentuadas.,Brigada Militar do Rio Grande do Sul — Soldado de Primeira Classe,1,(nenhuma),0,false
217,Língua Portuguesa,Acentuação gráfica,Papiro,PAPIRO - Estilo Fundatec - BM RS,2026,EXPLICACAO_INCOMPLETA,A palavra “lâmpada” é acentuada por ser:,Brigada Militar do Rio Grande do Sul — Soldado de Primeira Classe,1,(nenhuma),0,false
218,Língua Portuguesa,Acentuação gráfica,Papiro,PAPIRO - Estilo Fundatec - BM RS,2026,EXPLICACAO_INCOMPLETA,Assinale a palavra cuja acentuação se justifica por ser oxítona terminada em “a”.,Brigada Militar do Rio Grande do Sul — Soldado de Primeira Classe,1,(nenhuma),0,false
679,Língua Portuguesa,Acentuação gráfica,Fundatec,Esc Pol (PC RS)/PC RS/2026,2026,EXPLICACAO_GENERICA,"A finalidade da sociedade e o bem comum Por Gazeta do Povo As pessoas, convivendo em sociedade, desejam alcanç",Brigada Militar do Rio Grande do Sul — Soldado de Primeira Classe,1,(nenhuma),0,false
680,Língua Portuguesa,Acentuação gráfica,Fundatec,GM (Pref Gravataí)/Pref Gravataí/2026,2026,EXPLICACAO_GENERICA,Repor o sono no fim de semana pode ajudar a saúde mental dos jovens Por Diego Facundini Compensar as noites ma,Brigada Militar do Rio Grande do Sul — Soldado de Primeira Classe,1,(nenhuma),0,false
681,Língua Portuguesa,Acentuação gráfica,Fundatec,GM (Pref Araquari)/Pref Araquari/2026,2026,EXPLICACAO_GENERICA,"Quem foi Carl Sagan, o cientista que desvendou o cosmos e combateu a desinformação Por Redação National Geogra",Brigada Militar do Rio Grande do Sul — Soldado de Primeira Classe,1,(nenhuma),0,false
744,Língua Portuguesa,Acentuação gráfica,Fundatec,GM (Pref Porto Alegre)/Pref Porto Alegre/2025,2025,EXPLICACAO_GENERICA,Modo Avião Por Pedro GuerraA brevidade de todas as coisas me assusta. ___ anos falamos sobre a obsolescência p,Brigada Militar do Rio Grande do Sul — Soldado de Primeira Classe,1,(nenhuma),0,false
745,Língua Portuguesa,Acentuação gráfica,Fundatec,Del Pol (PC RS)/PC RS/2025,2025,EXPLICACAO_GENERICA,Considere o texto a seguir para responder a questão Violência: Problema social que afeta multidões Por Nalim T,Brigada Militar do Rio Grande do Sul — Soldado de Primeira Classe,1,(nenhuma),0,false
746,Língua Portuguesa,Acentuação gráfica,Fundatec,Per Crim (IGP RS)/IGP RS/Contabilidade e Economia/2025,2025,EXPLICACAO_GENERICA,"Quando os resultados de um artigo científico são muito surpreendentes, desconfie: pode ser mentira provocada p",Brigada Militar do Rio Grande do Sul — Soldado de Primeira Classe,1,(nenhuma),0,false
747,Língua Portuguesa,Acentuação gráfica,Fundatec,Tec Per (IGP RS)/IGP RS/Técnico em Química/2025,2025,EXPLICACAO_GENERICA,Como a capacitação digital está transformando o mercado de trabalho Por Alexandre Max Com o avanço das tecnolo,Brigada Militar do Rio Grande do Sul — Soldado de Primeira Classe,1,(nenhuma),0,false
748,Língua Portuguesa,Acentuação gráfica,Fundatec,GCM (Pref St'a Livramento)/Pref St'a Livramento/2025,2025,EXPLICACAO_GENERICA,Anda raro a gente flagrar alguém se emocionando de verdade Por Martha Medeiros Ando sentimental. Quase fui às ,Brigada Militar do Rio Grande do Sul — Soldado de Primeira Classe,1,(nenhuma),0,false
872,Língua Portuguesa,Acentuação gráfica,Fundatec,Profis (Pref Viamão)/Pref Viamão/Magistério para Educação Infantil/2022,2022,EXPLICACAO_GENERICA,Vacina contra a dengue desenvolvida pelo Butantan entra na reta final de estudos clínicos Nem só ao combate à ,Brigada Militar do Rio Grande do Sul — Soldado de Primeira Classe,1,(nenhuma),0,false
873,Língua Portuguesa,Acentuação gráfica,Fundatec,TA Pol Pen (PP RS)/PP RS/2022,2022,EXPLICACAO_GENERICA,Três anos de um Rio Grande mais seguro para viver e investirPor Ranolfo Vieira Junior Chegamos em 2022 com a c,Brigada Militar do Rio Grande do Sul — Soldado de Primeira Classe,1,(nenhuma),0,false
874,Língua Portuguesa,Acentuação gráfica,Fundatec,TA Pol Pen (PP RS)/PP RS/2022,2022,EXPLICACAO_GENERICA,Três anos de um Rio Grande mais seguro para viver e investirPor Ranolfo Vieira Junior Chegamos em 2022 com a c,Brigada Militar do Rio Grande do Sul — Soldado de Primeira Classe,1,(nenhuma),0,false
875,Língua Portuguesa,Acentuação gráfica,Fundatec,Pol Pen (PP RS)/PP RS/2022,2022,EXPLICACAO_GENERICA,Como seriam as coisas se a humanidade tratasse a mudança climática como uma emergência real Por Jason Hickel 5,Brigada Militar do Rio Grande do Sul — Soldado de Primeira Classe,1,(nenhuma),0,false
231,Língua Portuguesa,Estrutura e formação de palavras,Papiro,PAPIRO - Estilo Fundatec - BM RS,2026,EXPLICACAO_INCOMPLETA,A palavra “infeliz” é formada por:,Brigada Militar do Rio Grande do Sul — Soldado de Primeira Classe,1,(nenhuma),0,false
232,Língua Portuguesa,Estrutura e formação de palavras,Papiro,PAPIRO - Estilo Fundatec - BM RS,2026,EXPLICACAO_INCOMPLETA,A palavra “felizmente” resulta de:,Brigada Militar do Rio Grande do Sul — Soldado de Primeira Classe,1,(nenhuma),0,false
233,Língua Portuguesa,Estrutura e formação de palavras,Papiro,PAPIRO - Estilo Fundatec - BM RS,2026,EXPLICACAO_INCOMPLETA,A palavra “passatempo” é exemplo de:,Brigada Militar do Rio Grande do Sul — Soldado de Primeira Classe,1,(nenhuma),0,false
336,Língua Portuguesa,Estrutura e formação de palavras,Fundatec,Corpo de Bombeiros Militar RS - Soldado de Primeira Classe,2025,EXPLICACAO_GENERICA,Assinale a alternativa que apresenta palavra na qual NÃO haja a ocorrência do prefixo “in-” com o mesmo sentid,Brigada Militar do Rio Grande do Sul — Soldado de Primeira Classe,1,(nenhuma),0,false
685,Língua Portuguesa,Estrutura e formação de palavras,Fundatec,Esc Pol (PC RS)/PC RS/2026,2026,EXPLICACAO_GENERICA,"A finalidade da sociedade e o bem comum Por Gazeta do Povo As pessoas, convivendo em sociedade, desejam alcanç",Brigada Militar do Rio Grande do Sul — Soldado de Primeira Classe,1,(nenhuma),0,false
753,Língua Portuguesa,Estrutura e formação de palavras,Fundatec,Tec Per (IGP RS)/IGP RS/Técnico em Química/2025,2025,EXPLICACAO_GENERICA,Como a capacitação digital está transformando o mercado de trabalho Por Alexandre Max Com o avanço das tecnolo,Brigada Militar do Rio Grande do Sul — Soldado de Primeira Classe,1,(nenhuma),0,false
754,Língua Portuguesa,Estrutura e formação de palavras,Fundatec,Del Pol (PC RS)/PC RS/2025,2025,EXPLICACAO_GENERICA,Considere o texto a seguir para responder a questão Violência: Problema social que afeta multidões Registros a,Brigada Militar do Rio Grande do Sul — Soldado de Primeira Classe,1,(nenhuma),0,false
755,Língua Portuguesa,Estrutura e formação de palavras,Fundatec,GCM (Pref St'a Livramento)/Pref St'a Livramento/2025,2025,EXPLICACAO_GENERICA,Anda raro a gente flagrar alguém se emocionando de verdade Por Martha Medeiros Ando sentimental. Quase fui às ,Brigada Militar do Rio Grande do Sul — Soldado de Primeira Classe,1,(nenhuma),0,false
807,Língua Portuguesa,Estrutura e formação de palavras,Fundatec,GCM (Uruguaiana)/Pref Uruguaiana/2023,2023,EXPLICACAO_GENERICA,A questão se refere ao texto abaixo. Estratégias para um estudo mais produtivo e realizador Por Alfredo Freita,Brigada Militar do Rio Grande do Sul — Soldado de Primeira Classe,1,(nenhuma),0,false
880,Língua Portuguesa,Estrutura e formação de palavras,Fundatec,Profis (Pref Viamão)/Pref Viamão/Magistério para Educação Infantil/2022,2022,EXPLICACAO_GENERICA,Vacina contra a dengue desenvolvida pelo Butantan entra na reta final de estudos clínicos Nem só ao combate à ,Brigada Militar do Rio Grande do Sul — Soldado de Primeira Classe,1,(nenhuma),0,false
881,Língua Portuguesa,Estrutura e formação de palavras,Fundatec,Profis (Pref Viamão)/Pref Viamão/Magistério para Educação Infantil/2022,2022,EXPLICACAO_GENERICA,Vacina contra a dengue desenvolvida pelo Butantan entra na reta final de estudos clínicos Nem só ao combate à ,Brigada Militar do Rio Grande do Sul — Soldado de Primeira Classe,1,(nenhuma),0,false
882,Língua Portuguesa,Estrutura e formação de palavras,Fundatec,Ag Sg Sc (SEJUSP MG)/SEJUSP MG/2022,2022,EXPLICACAO_GENERICA,Instrução: A questão refere-se ao texto abaixo. O destaque ao longo do texto está citado na questão. Medidas p,Brigada Militar do Rio Grande do Sul — Soldado de Primeira Classe,1,(nenhuma),0,false
883,Língua Portuguesa,Estrutura e formação de palavras,Fundatec,TA Pol Pen (PP RS)/PP RS/2022,2022,EXPLICACAO_GENERICA,Três anos de um Rio Grande mais seguro para viver e investirPor Ranolfo Vieira Junior Chegamos em 2022 com a c,Brigada Militar do Rio Grande do Sul — Soldado de Primeira Classe,1,(nenhuma),0,false
234,Língua Portuguesa,Implícitos e subentendidos,Papiro,PAPIRO - Estilo Fundatec - BM RS,2026,EXPLICACAO_INCOMPLETA,"Na frase “Até João acertou a questão”, o emprego de “até” permite inferir que:",Brigada Militar do Rio Grande do Sul — Soldado de Primeira Classe,1,(nenhuma),0,false
235,Língua Portuguesa,Implícitos e subentendidos,Papiro,PAPIRO - Estilo Fundatec - BM RS,2026,EXPLICACAO_INCOMPLETA,"Em “Pedro parou de fumar”, pressupõe-se que:",Brigada Militar do Rio Grande do Sul — Soldado de Primeira Classe,1,(nenhuma),0,false
236,Língua Portuguesa,Implícitos e subentendidos,Papiro,PAPIRO - Estilo Fundatec - BM RS,2026,EXPLICACAO_INCOMPLETA,"Em “Maria voltou a estudar”, fica pressuposto que:",Brigada Militar do Rio Grande do Sul — Soldado de Primeira Classe,1,(nenhuma),0,false
71,Língua Portuguesa,Classes de palavras,Fundatec,Brigada Militar RS - Soldado de Primeira Classe,2025,EXPLICACAO_GENERICA,Assinale a alternativa que classifica corretamente o sujeito da forma verbal “aproveitaram” no trecho a seguir,Brigada Militar do Rio Grande do Sul — Soldado de Primeira Classe,1,(nenhuma),0,false
273,Língua Portuguesa,Classes de palavras,Papiro,PAPIRO - Adaptada do padrão Fundatec 2025/2026,2026,EXPLICACAO_INCOMPLETA,"Na frase “Os candidatos estudaram bastante”, a palavra “bastante” exerce função de:",Brigada Militar do Rio Grande do Sul — Soldado de Primeira Classe,1,(nenhuma),0,false
274,Língua Portuguesa,Classes de palavras,Papiro,PAPIRO - Adaptada do padrão Fundatec 2025/2026,2026,EXPLICACAO_INCOMPLETA,"Em “Aquela prova estava difícil”, a palavra “aquela” é classificada como:",Brigada Militar do Rio Grande do Sul — Soldado de Primeira Classe,1,(nenhuma),0,false
323,Língua Portuguesa,Classes de palavras,Fundatec,Guarda Municipal de Esteio/RS,2022,EXPLICACAO_INCOMPLETA,Assinale a alternativa que indica o número de artigos definidos presentes no trecho a seguir: “Pedro tem seu p,Brigada Militar do Rio Grande do Sul — Soldado de Primeira Classe,1,(nenhuma),0,false
325,Língua Portuguesa,Classes de palavras,Fundatec,Guarda Municipal de Esteio/RS,2022,EXPLICACAO_INCOMPLETA,Assinale a alternativa na qual a palavra “que” NÃO esteja sendo empregada como pronome relativo.,Brigada Militar do Rio Grande do Sul — Soldado de Primeira Classe,1,(nenhuma),0,false
330,Língua Portuguesa,Classes de palavras,Fundatec,Corpo de Bombeiros Militar RS - Soldado de Primeira Classe,2025,EXPLICACAO_GENERICA,"Considerando a palavra “e...tremidades” (l. 1 5), verifica-se que se trata de um ______________, cuja grafia c",Brigada Militar do Rio Grande do Sul — Soldado de Primeira Classe,1,(nenhuma),0,false
331,Língua Portuguesa,Classes de palavras,Fundatec,Corpo de Bombeiros Militar RS - Soldado de Primeira Classe,2025,EXPLICACAO_GENERICA,"Analise os trechos a seguir, retirados do texto-base: 1. “A partir do século XVI, com o desenvolvimento da Eur",Brigada Militar do Rio Grande do Sul — Soldado de Primeira Classe,1,(nenhuma),0,false
335,Língua Portuguesa,Classes de palavras,Fundatec,Corpo de Bombeiros Militar RS - Soldado de Primeira Classe,2025,EXPLICACAO_GENERICA,"Assinale a alternativa que indica, correta e respectivamente, as classes de palavras às quais pertencem as pal",Brigada Militar do Rio Grande do Sul — Soldado de Primeira Classe,1,(nenhuma),0,false
682,Língua Portuguesa,Classes de palavras,Fundatec,Esc Pol (PC RS)/PC RS/2026,2026,EXPLICACAO_GENERICA,"A finalidade da sociedade e o bem comum Por Gazeta do Povo As pessoas, convivendo em sociedade, desejam alcanç",Brigada Militar do Rio Grande do Sul — Soldado de Primeira Classe,1,(nenhuma),0,false
683,Língua Portuguesa,Classes de palavras,Fundatec,Esc Pol (PC RS)/PC RS/2026,2026,EXPLICACAO_GENERICA,"A finalidade da sociedade e o bem comum Por Gazeta do Povo As pessoas, convivendo em sociedade, desejam alcanç",Brigada Militar do Rio Grande do Sul — Soldado de Primeira Classe,1,(nenhuma),0,false
684,Língua Portuguesa,Classes de palavras,Fundatec,GM (Pref Gravataí)/Pref Gravataí/2026,2026,EXPLICACAO_GENERICA,Repor o sono no fim de semana pode ajudar a saúde mental dos jovens Por Diego Facundini Compensar as noites ma,Brigada Militar do Rio Grande do Sul — Soldado de Primeira Classe,1,(nenhuma),0,false
749,Língua Portuguesa,Classes de palavras,Fundatec,GM (Pref Porto Alegre)/Pref Porto Alegre/2025,2025,EXPLICACAO_GENERICA,Modo Avião Por Pedro GuerraA brevidade de todas as coisas me assusta. ___ anos falamos sobre a obsolescência p,Brigada Militar do Rio Grande do Sul — Soldado de Primeira Classe,1,(nenhuma),0,false
750,Língua Portuguesa,Classes de palavras,Fundatec,Del Pol (PC RS)/PC RS/2025,2025,EXPLICACAO_GENERICA,Considere o texto a seguir para responder a questão Violência: Problema social que afeta multidões Por Nalim T,Brigada Militar do Rio Grande do Sul — Soldado de Primeira Classe,1,(nenhuma),0,false
751,Língua Portuguesa,Classes de palavras,Fundatec,Tec Per (IGP RS)/IGP RS/Técnico em Química/2025,2025,EXPLICACAO_GENERICA,Como a capacitação digital está transformando o mercado de trabalho Por Alexandre Max Com o avanço das tecnolo,Brigada Militar do Rio Grande do Sul — Soldado de Primeira Classe,1,(nenhuma),0,false
752,Língua Portuguesa,Classes de palavras,Fundatec,GCM (Pref St'a Livramento)/Pref St'a Livramento/2025,2025,EXPLICACAO_GENERICA,Anda raro a gente flagrar alguém se emocionando de verdade Por Martha Medeiros Ando sentimental. Quase fui às ,Brigada Militar do Rio Grande do Sul — Soldado de Primeira Classe,1,(nenhuma),0,false
784,Língua Portuguesa,Classes de palavras,Fundatec,Arm (Pref Bagé)/Pref Bagé/2024,2024,EXPLICACAO_GENERICA,Segurança Por Luís Fernando Verissimo O ponto de venda mais forte do condomínio era a sua segurança. Havia as ,Brigada Militar do Rio Grande do Sul — Soldado de Primeira Classe,1,(nenhuma),0,false
806,Língua Portuguesa,Classes de palavras,Fundatec,GM (Pref Imbé)/Pref Imbé/2023,2023,EXPLICACAO_GENERICA,Uma advertência que vira virtude Por Fabrício Carpinejar “Você não é todo mundo!”Tratava-se de uma das mais ir,Brigada Militar do Rio Grande do Sul — Soldado de Primeira Classe,1,(nenhuma),0,false
876,Língua Portuguesa,Classes de palavras,Fundatec,Profis (Pref Viamão)/Pref Viamão/Magistério para Educação Infantil/2022,2022,EXPLICACAO_GENERICA,Vacina contra a dengue desenvolvida pelo Butantan entra na reta final de estudos clínicos Nem só ao combate à ,Brigada Militar do Rio Grande do Sul — Soldado de Primeira Classe,1,(nenhuma),0,false
877,Língua Portuguesa,Classes de palavras,Fundatec,Ag Sg Sc (SEJUSP MG)/SEJUSP MG/2022,2022,EXPLICACAO_GENERICA,Instrução: A questão refere-se ao texto abaixo. O destaque ao longo do texto está citado na questão. Medidas p,Brigada Militar do Rio Grande do Sul — Soldado de Primeira Classe,1,(nenhuma),0,false
878,Língua Portuguesa,Classes de palavras,Fundatec,TA Pol Pen (PP RS)/PP RS/2022,2022,EXPLICACAO_GENERICA,Três anos de um Rio Grande mais seguro para viver e investirPor Ranolfo Vieira Junior Chegamos em 2022 com a c,Brigada Militar do Rio Grande do Sul — Soldado de Primeira Classe,1,(nenhuma),0,false
879,Língua Portuguesa,Classes de palavras,Fundatec,Pol Pen (PP RS)/PP RS/2022,2022,EXPLICACAO_GENERICA,Como seriam as coisas se a humanidade tratasse a mudança climática como uma emergência real Por Jason Hickel 5,Brigada Militar do Rio Grande do Sul — Soldado de Primeira Classe,1,(nenhuma),0,false
237,Língua Portuguesa,Pontuação,Papiro,PAPIRO - Estilo Fundatec - BM RS,2026,EXPLICACAO_INCOMPLETA,Assinale a alternativa corretamente pontuada.,Brigada Militar do Rio Grande do Sul — Soldado de Primeira Classe,1,(nenhuma),0,false
238,Língua Portuguesa,Pontuação,Papiro,PAPIRO - Estilo Fundatec - BM RS,2026,EXPLICACAO_INCOMPLETA,Assinale a frase em que a vírgula está empregada corretamente.,Brigada Militar do Rio Grande do Sul — Soldado de Primeira Classe,1,(nenhuma),0,false
239,Língua Portuguesa,Pontuação,Papiro,PAPIRO - Estilo Fundatec - BM RS,2026,EXPLICACAO_INCOMPLETA,"A vírgula não deve, em regra, separar:",Brigada Militar do Rio Grande do Sul — Soldado de Primeira Classe,1,(nenhuma),0,false
72,Língua Portuguesa,Reescrita de frases e textos,Fundatec,Brigada Militar RS - Soldado de Primeira Classe,2025,EXPLICACAO_GENERICA,Assinale a alternativa que apresenta uma reescrita do trecho a seguir que esteja de acordo com a norma-padrão ,Brigada Militar do Rio Grande do Sul — Soldado de Primeira Classe,1,(nenhuma),0,false
279,Língua Portuguesa,Reescrita de frases e textos,Papiro,PAPIRO - Adaptada do padrão Fundatec 2025/2026,2026,EXPLICACAO_INCOMPLETA,"Assinale a reescrita que mantém o sentido de “Embora estivesse cansado, continuou estudando”.",Brigada Militar do Rio Grande do Sul — Soldado de Primeira Classe,1,(nenhuma),0,false
280,Língua Portuguesa,Reescrita de frases e textos,Papiro,PAPIRO - Adaptada do padrão Fundatec 2025/2026,2026,EXPLICACAO_INCOMPLETA,"A frase “Os policiais analisaram o relatório” pode ser reescrita, sem alteração essencial de sentido, como:",Brigada Militar do Rio Grande do Sul — Soldado de Primeira Classe,1,(nenhuma),0,false
225,Língua Portuguesa,Coordenação e subordinação,Papiro,PAPIRO - Estilo Fundatec - BM RS,2026,EXPLICACAO_INCOMPLETA,"No período “Estudou bastante, mas não conseguiu a aprovação”, a oração introduzida por “mas” é coordenada:",Brigada Militar do Rio Grande do Sul — Soldado de Primeira Classe,1,(nenhuma),0,false
226,Língua Portuguesa,Coordenação e subordinação,Papiro,PAPIRO - Estilo Fundatec - BM RS,2026,EXPLICACAO_INCOMPLETA,"No período “Quando o edital sair, intensificaremos os estudos”, a oração “Quando o edital sair” é subordinada ",Brigada Militar do Rio Grande do Sul — Soldado de Primeira Classe,1,(nenhuma),0,false
227,Língua Portuguesa,Coordenação e subordinação,Papiro,PAPIRO - Estilo Fundatec - BM RS,2026,EXPLICACAO_INCOMPLETA,"Em “Embora estivesse cansado, continuou estudando”, a oração inicial exprime ideia de:",Brigada Militar do Rio Grande do Sul — Soldado de Primeira Classe,1,(nenhuma),0,false
243,Língua Portuguesa,Vozes verbais,Papiro,PAPIRO - Estilo Fundatec - BM RS,2026,EXPLICACAO_INCOMPLETA,"Na frase “A equipe concluiu o relatório”, o verbo está na voz:",Brigada Militar do Rio Grande do Sul — Soldado de Primeira Classe,1,(nenhuma),0,false
244,Língua Portuguesa,Vozes verbais,Papiro,PAPIRO - Estilo Fundatec - BM RS,2026,EXPLICACAO_INCOMPLETA,A forma passiva de “Os candidatos resolveram as questões” é:,Brigada Militar do Rio Grande do Sul — Soldado de Primeira Classe,1,(nenhuma),0,false
245,Língua Portuguesa,Vozes verbais,Papiro,PAPIRO - Estilo Fundatec - BM RS,2026,EXPLICACAO_INCOMPLETA,"Em “Vendem-se apartamentos”, ocorre voz:",Brigada Militar do Rio Grande do Sul — Soldado de Primeira Classe,1,(nenhuma),0,false
222,Língua Portuguesa,Concordância nominal,Papiro,PAPIRO - Estilo Fundatec - BM RS,2026,EXPLICACAO_INCOMPLETA,Assinale a alternativa correta quanto à concordância nominal.,Brigada Militar do Rio Grande do Sul — Soldado de Primeira Classe,1,(nenhuma),0,false
223,Língua Portuguesa,Concordância nominal,Papiro,PAPIRO - Estilo Fundatec - BM RS,2026,EXPLICACAO_INCOMPLETA,Assinale a frase correta.,Brigada Militar do Rio Grande do Sul — Soldado de Primeira Classe,1,(nenhuma),0,false
224,Língua Portuguesa,Concordância nominal,Papiro,PAPIRO - Estilo Fundatec - BM RS,2026,EXPLICACAO_INCOMPLETA,Assinale a alternativa em que a concordância nominal está adequada.,Brigada Militar do Rio Grande do Sul — Soldado de Primeira Classe,1,(nenhuma),0,false
66,Língua Portuguesa,Ortografia,Fundatec,Brigada Militar RS - Soldado de Primeira Classe,2025,EXPLICACAO_GENERICA,"Considerando a ortografia das palavras em Língua Portuguesa, assinale a alternativa que preenche, correta e re",Brigada Militar do Rio Grande do Sul — Soldado de Primeira Classe,1,(nenhuma),0,false
119,Língua Portuguesa,Ortografia,Fundatec,Brigada Militar RS - Soldado Nível III,2022,EXPLICACAO_GENERICA,"Assinale a alternativa cujos vocábulos preenchem, correta e adequadamente, as lacunas tracejadas das linhas 02",Brigada Militar do Rio Grande do Sul — Soldado de Primeira Classe,1,(nenhuma),0,false
307,Língua Portuguesa,Ortografia,Papiro,PAPIRO - Adaptada do padrão Fundatec 2025/2026,2026,EXPLICACAO_INCOMPLETA,Assinale a alternativa grafada corretamente.,Brigada Militar do Rio Grande do Sul — Soldado de Primeira Classe,1,(nenhuma),0,false
321,Língua Portuguesa,Ortografia,Fundatec,Guarda Municipal de Gravataí/RS - Concurso Público nº 01/2025,2026,EXPLICACAO_INCOMPLETA,"Considerando a norma ortográfica vigente, assinale a alternativa que preenche, correta e respectivamente, as l",Brigada Militar do Rio Grande do Sul — Soldado de Primeira Classe,1,(nenhuma),0,false
322,Língua Portuguesa,Ortografia,Fundatec,Guarda Municipal de Gravataí/RS - Concurso Público nº 01/2025,2026,EXPLICACAO_INCOMPLETA,"Considerando a norma ortográfica vigente, assinale a alternativa em que a palavra está grafada corretamente.",Brigada Militar do Rio Grande do Sul — Soldado de Primeira Classe,1,(nenhuma),0,false
329,Língua Portuguesa,Ortografia,Fundatec,Corpo de Bombeiros Militar RS - Soldado de Primeira Classe,2025,EXPLICACAO_GENERICA,"Considerando a ortografia das palavras em Língua Portuguesa, assinale a alternativa que preenche, correta e re",Brigada Militar do Rio Grande do Sul — Soldado de Primeira Classe,1,(nenhuma),0,false
688,Língua Portuguesa,Ortografia,Fundatec,Esc Pol (PC RS)/PC RS/2026,2026,EXPLICACAO_GENERICA,"A finalidade da sociedade e o bem comum Por Gazeta do Povo As pessoas, convivendo em sociedade, desejam alcanç",Brigada Militar do Rio Grande do Sul — Soldado de Primeira Classe,1,(nenhuma),0,false
689,Língua Portuguesa,Ortografia,Fundatec,GM (Pref Gravataí)/Pref Gravataí/2026,2026,EXPLICACAO_GENERICA,"Considerando a norma ortográfica vigente, assinale a alternativa que preenche, correta e respectivamente, as l",Brigada Militar do Rio Grande do Sul — Soldado de Primeira Classe,1,(nenhuma),0,false
690,Língua Portuguesa,Ortografia,Fundatec,GM (Pref Araquari)/Pref Araquari/2026,2026,EXPLICACAO_GENERICA,"Quem foi Carl Sagan, o cientista que desvendou o cosmos e combateu a desinformação Por Redação National Geogra",Brigada Militar do Rio Grande do Sul — Soldado de Primeira Classe,1,(nenhuma),0,false
691,Língua Portuguesa,Ortografia,Fundatec,GM (Pref Araquari)/Pref Araquari/2026,2026,EXPLICACAO_GENERICA,"Quem foi Carl Sagan, o cientista que desvendou o cosmos e combateu a desinformação Por Redação National Geogra",Brigada Militar do Rio Grande do Sul — Soldado de Primeira Classe,1,(nenhuma),0,false
758,Língua Portuguesa,Ortografia,Fundatec,GM (Pref Porto Alegre)/Pref Porto Alegre/2025,2025,EXPLICACAO_GENERICA,Modo Avião Por Pedro GuerraA brevidade de todas as coisas me assusta. ___ anos falamos sobre a obsolescência p,Brigada Militar do Rio Grande do Sul — Soldado de Primeira Classe,1,(nenhuma),0,false
759,Língua Portuguesa,Ortografia,Fundatec,Del Pol (PC RS)/PC RS/2025,2025,EXPLICACAO_GENERICA,Considere o texto a seguir para responder a questão Violência: Problema social que afeta multidões Por Nalim T,Brigada Militar do Rio Grande do Sul — Soldado de Primeira Classe,1,(nenhuma),0,false
760,Língua Portuguesa,Ortografia,Fundatec,Tec Per (IGP RS)/IGP RS/Técnico em Química/2025,2025,EXPLICACAO_GENERICA,Como a capacitação digital está transformando o mercado de trabalho Por Alexandre Max Com o avanço das tecnolo,Brigada Militar do Rio Grande do Sul — Soldado de Primeira Classe,1,(nenhuma),0,false
761,Língua Portuguesa,Ortografia,Fundatec,GCM (Pref St'a Livramento)/Pref St'a Livramento/2025,2025,EXPLICACAO_GENERICA,Anda raro a gente flagrar alguém se emocionando de verdade Por Martha Medeiros Ando sentimental. Quase fui às ,Brigada Militar do Rio Grande do Sul — Soldado de Primeira Classe,1,(nenhuma),0,false
762,Língua Portuguesa,Ortografia,Fundatec,GCM (Pref St'a Livramento)/Pref St'a Livramento/2025,2025,EXPLICACAO_GENERICA,Anda raro a gente flagrar alguém se emocionando de verdade Por Martha Medeiros Ando sentimental. Quase fui às ,Brigada Militar do Rio Grande do Sul — Soldado de Primeira Classe,1,(nenhuma),0,false
786,Língua Portuguesa,Ortografia,Fundatec,GM (Pref Foz do Iguaçu)/Pref Foz do Iguaçu/2024,2024,EXPLICACAO_GENERICA,Lei que determina detectores de metais em rodoviárias no Rio está há 27 anos “parada” no papelPor Isabelle Sal,Brigada Militar do Rio Grande do Sul — Soldado de Primeira Classe,1,(nenhuma),0,false
787,Língua Portuguesa,Ortografia,Fundatec,Arm (Pref Bagé)/Pref Bagé/2024,2024,EXPLICACAO_GENERICA,Segurança Por Luís Fernando Verissimo O ponto de venda mais forte do condomínio era a sua segurança. Havia as ,Brigada Militar do Rio Grande do Sul — Soldado de Primeira Classe,1,(nenhuma),0,false
809,Língua Portuguesa,Ortografia,Fundatec,GCM (Uruguaiana)/Pref Uruguaiana/2023,2023,EXPLICACAO_GENERICA,A questão se refere ao texto abaixo. Estratégias para um estudo mais produtivo e realizador Por Alfredo Freita,Brigada Militar do Rio Grande do Sul — Soldado de Primeira Classe,1,(nenhuma),0,false
810,Língua Portuguesa,Ortografia,Fundatec,GM (Pref Imbé)/Pref Imbé/2023,2023,EXPLICACAO_GENERICA,Uma advertência que vira virtude Por Fabrício Carpinejar “Você não é todo mundo!”Tratava-se de uma das mais ir,Brigada Militar do Rio Grande do Sul — Soldado de Primeira Classe,1,(nenhuma),0,false
888,Língua Portuguesa,Ortografia,Fundatec,Profis (Pref Viamão)/Pref Viamão/Magistério para Educação Infantil/2022,2022,EXPLICACAO_GENERICA,Vacina contra a dengue desenvolvida pelo Butantan entra na reta final de estudos clínicos Nem só ____ combate ,Brigada Militar do Rio Grande do Sul — Soldado de Primeira Classe,1,(nenhuma),0,false
889,Língua Portuguesa,Ortografia,Fundatec,Ag Sg Sc (SEJUSP MG)/SEJUSP MG/2022,2022,EXPLICACAO_GENERICA,Instrução: A questão refere-se ao texto abaixo. O destaque ao longo do texto está citado na questão. Medidas p,Brigada Militar do Rio Grande do Sul — Soldado de Primeira Classe,1,(nenhuma),0,false
890,Língua Portuguesa,Ortografia,Fundatec,Ag Sg Sc (SEJUSP MG)/SEJUSP MG/2022,2022,EXPLICACAO_GENERICA,Instrução: A questão refere-se ao texto abaixo. O destaque ao longo do texto está citado na questão. Medidas p,Brigada Militar do Rio Grande do Sul — Soldado de Primeira Classe,1,(nenhuma),0,false
891,Língua Portuguesa,Ortografia,Fundatec,TA Pol Pen (PP RS)/PP RS/2022,2022,EXPLICACAO_GENERICA,Três anos de um Rio Grande mais seguro para viver e investirPor Ranolfo Vieira Junior Chegamos em 2022 com a c,Brigada Militar do Rio Grande do Sul — Soldado de Primeira Classe,1,(nenhuma),0,false
892,Língua Portuguesa,Ortografia,Fundatec,Pol Pen (PP RS)/PP RS/2022,2022,EXPLICACAO_GENERICA,Como seriam as coisas se a humanidade tratasse a mudança climática como uma emergência real Por Jason Hickel 5,Brigada Militar do Rio Grande do Sul — Soldado de Primeira Classe,1,(nenhuma),0,false
240,Língua Portuguesa,Tempos e modos verbais,Papiro,PAPIRO - Estilo Fundatec - BM RS,2026,EXPLICACAO_INCOMPLETA,"Na frase “Se eu estudasse mais, teria melhor desempenho”, a forma “estudasse” está no:",Brigada Militar do Rio Grande do Sul — Soldado de Primeira Classe,1,(nenhuma),0,false
241,Língua Portuguesa,Tempos e modos verbais,Papiro,PAPIRO - Estilo Fundatec - BM RS,2026,EXPLICACAO_INCOMPLETA,"Na frase “Quando eu chegar, avisarei”, a forma “chegar” está no:",Brigada Militar do Rio Grande do Sul — Soldado de Primeira Classe,1,(nenhuma),0,false
242,Língua Portuguesa,Tempos e modos verbais,Papiro,PAPIRO - Estilo Fundatec - BM RS,2026,EXPLICACAO_INCOMPLETA,A forma verbal “faria” está no:,Brigada Militar do Rio Grande do Sul — Soldado de Primeira Classe,1,(nenhuma),0,false
692,Língua Portuguesa,Tempos e modos verbais,Fundatec,Esc Pol (PC RS)/PC RS/2026,2026,EXPLICACAO_GENERICA,"A finalidade da sociedade e o bem comum Por Gazeta do Povo As pessoas, convivendo em sociedade, desejam alcanç",Brigada Militar do Rio Grande do Sul — Soldado de Primeira Classe,1,(nenhuma),0,false
693,Língua Portuguesa,Tempos e modos verbais,Fundatec,GM (Pref Gravataí)/Pref Gravataí/2026,2026,EXPLICACAO_GENERICA,Repor o sono no fim de semana pode ajudar a saúde mental dos jovens Por Diego Facundini Compensar as noites ma,Brigada Militar do Rio Grande do Sul — Soldado de Primeira Classe,1,(nenhuma),0,false
763,Língua Portuguesa,Tempos e modos verbais,Fundatec,Tec Per (IGP RS)/IGP RS/Técnico em Química/2025,2025,EXPLICACAO_GENERICA,Como a capacitação digital está transformando o mercado de trabalho Por Alexandre Max Com o avanço das tecnolo,Brigada Militar do Rio Grande do Sul — Soldado de Primeira Classe,1,(nenhuma),0,false
764,Língua Portuguesa,Tempos e modos verbais,Fundatec,Del Pol (PC RS)/PC RS/2025,2025,EXPLICACAO_GENERICA,Considere o texto a seguir para responder a questão Violência: Problema social que afeta multidões Por Nalim T,Brigada Militar do Rio Grande do Sul — Soldado de Primeira Classe,1,(nenhuma),0,false
765,Língua Portuguesa,Tempos e modos verbais,Fundatec,Del Pol (PC RS)/PC RS/2025,2025,EXPLICACAO_GENERICA,Considere o texto a seguir para responder a questão Violência: Problema social que afeta multidões Registros a,Brigada Militar do Rio Grande do Sul — Soldado de Primeira Classe,1,(nenhuma),0,false
766,Língua Portuguesa,Tempos e modos verbais,Fundatec,Del Pol (PC RS)/PC RS/2025,2025,EXPLICACAO_GENERICA,Considere o texto a seguir para responder a questão Violência: Problema social que afeta multidões Denunciar é,Brigada Militar do Rio Grande do Sul — Soldado de Primeira Classe,1,(nenhuma),0,false
767,Língua Portuguesa,Tempos e modos verbais,Fundatec,GCM (Pref St'a Livramento)/Pref St'a Livramento/2025,2025,EXPLICACAO_GENERICA,Anda raro a gente flagrar alguém se emocionando de verdade Por Martha Medeiros Ando sentimental. Quase fui às ,Brigada Militar do Rio Grande do Sul — Soldado de Primeira Classe,1,(nenhuma),0,false
811,Língua Portuguesa,Tempos e modos verbais,Fundatec,GM (Pref Imbé)/Pref Imbé/2023,2023,EXPLICACAO_GENERICA,Uma advertência que vira virtude Por Fabrício Carpinejar “Você não é todo mundo!”Tratava-se de uma das mais ir,Brigada Militar do Rio Grande do Sul — Soldado de Primeira Classe,1,(nenhuma),0,false
893,Língua Portuguesa,Tempos e modos verbais,Fundatec,Profis (Pref Viamão)/Pref Viamão/Magistério para Educação Infantil/2022,2022,EXPLICACAO_GENERICA,Vacina contra a dengue desenvolvida pelo Butantan entra na reta final de estudos clínicos Nem só ao combate à ,Brigada Militar do Rio Grande do Sul — Soldado de Primeira Classe,1,(nenhuma),0,false
894,Língua Portuguesa,Tempos e modos verbais,Fundatec,TA Pol Pen (PP RS)/PP RS/2022,2022,EXPLICACAO_GENERICA,Três anos de um Rio Grande mais seguro para viver e investirPor Ranolfo Vieira Junior Chegamos em 2022 com a c,Brigada Militar do Rio Grande do Sul — Soldado de Primeira Classe,1,(nenhuma),0,false
69,Língua Portuguesa,Coesão textual,Fundatec,Brigada Militar RS - Soldado de Primeira Classe,2025,EXPLICACAO_GENERICA,"Considerando a coesão por referenciação, analise as afirmações a seguir: 1. Na linha 08, a palavra “seus” esta",Brigada Militar do Rio Grande do Sul — Soldado de Primeira Classe,1,(nenhuma),0,false
275,Língua Portuguesa,Coesão textual,Papiro,PAPIRO - Adaptada do padrão Fundatec 2025/2026,2026,EXPLICACAO_INCOMPLETA,"Em um texto, o emprego de pronomes para retomar termos anteriormente mencionados constitui mecanismo de:",Brigada Militar do Rio Grande do Sul — Soldado de Primeira Classe,1,(nenhuma),0,false
276,Língua Portuguesa,Coesão textual,Papiro,PAPIRO - Adaptada do padrão Fundatec 2025/2026,2026,EXPLICACAO_INCOMPLETA,O conectivo “portanto” costuma estabelecer relação de:,Brigada Militar do Rio Grande do Sul — Soldado de Primeira Classe,1,(nenhuma),0,false
319,Língua Portuguesa,Coesão textual,Fundatec,Guarda Municipal de Gravataí/RS - Concurso Público nº 01/2025,2026,EXPLICACAO_INCOMPLETA,"No trecho “Há de se reconhecer, contudo, que esse é um privilégio para poucos – principalmente no caso dos ado",Brigada Militar do Rio Grande do Sul — Soldado de Primeira Classe,1,(nenhuma),0,false
324,Língua Portuguesa,Coesão textual,Fundatec,Guarda Municipal de Esteio/RS,2022,EXPLICACAO_INCOMPLETA,"Com relação ao emprego de recursos coesivos no texto, analise as assertivas a seguir: I. Na linha 17, a expres",Brigada Militar do Rio Grande do Sul — Soldado de Primeira Classe,1,(nenhuma),0,false
333,Língua Portuguesa,Coesão textual,Fundatec,Corpo de Bombeiros Militar RS - Soldado de Primeira Classe,2025,EXPLICACAO_GENERICA,"Considerando as relações de coesão referencial, analise as assertivas a seguir: I. Na linha 10, o pronome rela",Brigada Militar do Rio Grande do Sul — Soldado de Primeira Classe,1,(nenhuma),0,false
114,Língua Portuguesa,Fonemas e dígrafos,Fundatec,Brigada Militar RS - Soldado Nível III,2022,EXPLICACAO_GENERICA,"Na Língua Portuguesa, muitos vocábulos têm mais letras que fonemas, visto que, em sua estrutura, ocorrem dígra",Brigada Militar do Rio Grande do Sul — Soldado de Primeira Classe,1,(nenhuma),0,false
277,Língua Portuguesa,Fonemas e dígrafos,Papiro,PAPIRO - Adaptada do padrão Fundatec 2025/2026,2026,EXPLICACAO_INCOMPLETA,Assinale a palavra que apresenta dígrafo consonantal.,Brigada Militar do Rio Grande do Sul — Soldado de Primeira Classe,1,(nenhuma),0,false
278,Língua Portuguesa,Fonemas e dígrafos,Papiro,PAPIRO - Adaptada do padrão Fundatec 2025/2026,2026,EXPLICACAO_INCOMPLETA,"Na palavra “guerra”, a sequência “gu” funciona como:",Brigada Militar do Rio Grande do Sul — Soldado de Primeira Classe,1,(nenhuma),0,false
320,Língua Portuguesa,Fonemas e dígrafos,Fundatec,Guarda Municipal de Gravataí/RS - Concurso Público nº 01/2025,2026,EXPLICACAO_INCOMPLETA,"Em sua estrutura fonológica, a palavra “horas” apresenta:",Brigada Militar do Rio Grande do Sul — Soldado de Primeira Classe,1,(nenhuma),0,false
686,Língua Portuguesa,Fonemas e dígrafos,Fundatec,Esc Pol (PC RS)/PC RS/2026,2026,EXPLICACAO_GENERICA,"A finalidade da sociedade e o bem comum Por Gazeta do Povo As pessoas, convivendo em sociedade, desejam alcanç",Brigada Militar do Rio Grande do Sul — Soldado de Primeira Classe,1,(nenhuma),0,false
687,Língua Portuguesa,Fonemas e dígrafos,Fundatec,Esc Pol (PC RS)/PC RS/2026,2026,EXPLICACAO_GENERICA,"A finalidade da sociedade e o bem comum Por Gazeta do Povo As pessoas, convivendo em sociedade, desejam alcanç",Brigada Militar do Rio Grande do Sul — Soldado de Primeira Classe,1,(nenhuma),0,false
756,Língua Portuguesa,Fonemas e dígrafos,Fundatec,Del Pol (PC RS)/PC RS/2025,2025,EXPLICACAO_GENERICA,Considere o texto a seguir para responder a questão Violência: Problema social que afeta multidões Por Nalim T,Brigada Militar do Rio Grande do Sul — Soldado de Primeira Classe,1,(nenhuma),0,false
757,Língua Portuguesa,Fonemas e dígrafos,Fundatec,Del Pol (PC RS)/PC RS/2025,2025,EXPLICACAO_GENERICA,Considere o texto a seguir para responder a questão Violência: Problema social que afeta multidões Por Nalim T,Brigada Militar do Rio Grande do Sul — Soldado de Primeira Classe,1,(nenhuma),0,false
785,Língua Portuguesa,Fonemas e dígrafos,Fundatec,Arm (Pref Bagé)/Pref Bagé/2024,2024,EXPLICACAO_GENERICA,Segurança Por Luís Fernando Verissimo O ponto de venda mais forte do condomínio era a sua segurança. Havia as ,Brigada Militar do Rio Grande do Sul — Soldado de Primeira Classe,1,(nenhuma),0,false
808,Língua Portuguesa,Fonemas e dígrafos,Fundatec,GCM (Uruguaiana)/Pref Uruguaiana/2023,2023,EXPLICACAO_GENERICA,A questão se refere ao texto abaixo. Estratégias para um estudo mais produtivo e realizador Por Alfredo Freita,Brigada Militar do Rio Grande do Sul — Soldado de Primeira Classe,1,(nenhuma),0,false
884,Língua Portuguesa,Fonemas e dígrafos,Fundatec,Profis (Pref Viamão)/Pref Viamão/Magistério para Educação Infantil/2022,2022,EXPLICACAO_GENERICA,Vacina contra a dengue desenvolvida pelo Butantan entra na reta final de estudos clínicos Nem só ao combate à ,Brigada Militar do Rio Grande do Sul — Soldado de Primeira Classe,1,(nenhuma),0,false
885,Língua Portuguesa,Fonemas e dígrafos,Fundatec,Profis (Pref Viamão)/Pref Viamão/Magistério para Educação Infantil/2022,2022,EXPLICACAO_GENERICA,Vacina contra a dengue desenvolvida pelo Butantan entra na reta final de estudos clínicos Nem só ao combate à ,Brigada Militar do Rio Grande do Sul — Soldado de Primeira Classe,1,(nenhuma),0,false
886,Língua Portuguesa,Fonemas e dígrafos,Fundatec,TA Pol Pen (PP RS)/PP RS/2022,2022,EXPLICACAO_GENERICA,Três anos de um Rio Grande mais seguro para viver e investirPor Ranolfo Vieira Junior Chegamos em 2022 com a c,Brigada Militar do Rio Grande do Sul — Soldado de Primeira Classe,1,(nenhuma),0,false
887,Língua Portuguesa,Fonemas e dígrafos,Fundatec,Pol Pen (PP RS)/PP RS/2022,2022,EXPLICACAO_GENERICA,Como seriam as coisas se a humanidade tratasse a mudança climática como uma emergência real Por Jason Hickel 5,Brigada Militar do Rio Grande do Sul — Soldado de Primeira Classe,1,(nenhuma),0,false
67,Língua Portuguesa,Conectores,Fundatec,Brigada Militar RS - Soldado de Primeira Classe,2025,EXPLICACAO_GENERICA,"Analise o emprego das locuções conjuntivas nos trechos a seguir, retirados do texto-base: 1. “[...] tão incont",Brigada Militar do Rio Grande do Sul — Soldado de Primeira Classe,1,(nenhuma),0,false
121,Língua Portuguesa,Conectores,Fundatec,Brigada Militar RS - Soldado Nível III,2022,EXPLICACAO_GENERICA,"Avalie as afirmações que seguem sobre os conectores destacados no texto-base: I. Na linha 22, a conjunção “qua",Brigada Militar do Rio Grande do Sul — Soldado de Primeira Classe,1,(nenhuma),0,false
305,Língua Portuguesa,Conectores,Papiro,PAPIRO - Adaptada do padrão Fundatec 2025/2026,2026,EXPLICACAO_INCOMPLETA,O conectivo “contudo” expressa relação de:,Brigada Militar do Rio Grande do Sul — Soldado de Primeira Classe,1,(nenhuma),0,false
316,Língua Portuguesa,Conectores,Fundatec,Guarda Municipal de Gravataí/RS - Concurso Público nº 01/2025,2026,EXPLICACAO_INCOMPLETA,"No trecho retirado do texto “Uma boa rotina de sono pode mais que dobrar esse benefício, reduzindo os sintomas",Brigada Militar do Rio Grande do Sul — Soldado de Primeira Classe,1,(nenhuma),0,false
334,Língua Portuguesa,Conectores,Fundatec,Corpo de Bombeiros Militar RS - Soldado de Primeira Classe,2025,EXPLICACAO_GENERICA,"Assinale a alternativa que indica uma palavra que NÃO substitui corretamente a conjunção “mas” na linha 07, po",Brigada Militar do Rio Grande do Sul — Soldado de Primeira Classe,1,(nenhuma),0,false
228,Língua Portuguesa,Denotação e conotação,Papiro,PAPIRO - Estilo Fundatec - BM RS,2026,EXPLICACAO_INCOMPLETA,"Na frase “O policial fechou a porta”, a palavra “porta” foi empregada, em regra, em sentido:",Brigada Militar do Rio Grande do Sul — Soldado de Primeira Classe,1,(nenhuma),0,false
229,Língua Portuguesa,Denotação e conotação,Papiro,PAPIRO - Estilo Fundatec - BM RS,2026,EXPLICACAO_INCOMPLETA,"Na frase “A aprovação abriu portas para sua carreira”, a expressão “abriu portas” está em sentido:",Brigada Militar do Rio Grande do Sul — Soldado de Primeira Classe,1,(nenhuma),0,false
230,Língua Portuguesa,Denotação e conotação,Papiro,PAPIRO - Estilo Fundatec - BM RS,2026,EXPLICACAO_INCOMPLETA,Assinale a alternativa em que há uso conotativo.,Brigada Militar do Rio Grande do Sul — Soldado de Primeira Classe,1,(nenhuma),0,false
68,Língua Portuguesa,Significação das palavras,Fundatec,Brigada Militar RS - Soldado de Primeira Classe,2025,EXPLICACAO_GENERICA,"Considerando a palavra “calamidade”, analise as assertivas a seguir, assinalando V, se verdadeiras, ou F, se f",Brigada Militar do Rio Grande do Sul — Soldado de Primeira Classe,1,(nenhuma),0,false
122,Língua Portuguesa,Significação das palavras,Fundatec,Brigada Militar RS - Soldado Nível III,2022,EXPLICACAO_GENERICA,"Avalie as assertivas a seguir, relativas a determinados vocábulos utilizados no texto-base: I. “caquéticos” te",Brigada Militar do Rio Grande do Sul — Soldado de Primeira Classe,1,(nenhuma),0,false
308,Língua Portuguesa,Significação das palavras,Papiro,PAPIRO - Adaptada do padrão Fundatec 2025/2026,2026,EXPLICACAO_INCOMPLETA,"As palavras “eminente” e “iminente” significam, respectivamente:",Brigada Militar do Rio Grande do Sul — Soldado de Primeira Classe,1,(nenhuma),0,false
317,Língua Portuguesa,Significação das palavras,Fundatec,Guarda Municipal de Gravataí/RS - Concurso Público nº 01/2025,2026,EXPLICACAO_INCOMPLETA,No trecho retirado do texto “Saber amenizar os prejuízos disso é também um jeito de cuidar do psicológico da j,Brigada Militar do Rio Grande do Sul — Soldado de Primeira Classe,1,(nenhuma),0,false
7,Direito Processual Penal,Inquérito policial,Papiro — estilo FGV,Polícia Civil do Paraná,,EXPLICACAO_INCOMPLETA,"Sobre o inquérito policial, é correto afirmar que ele é, em regra:",Polícia Civil do Paraná — Agente de Polícia Judiciária,1,(nenhuma),0,false
8,Direito Processual Penal,Cadeia de custódia,Papiro — estilo FGV,Polícia Civil do Paraná,,EXPLICACAO_INCOMPLETA,A cadeia de custódia tem como finalidade principal:,Polícia Civil do Paraná — Agente de Polícia Judiciária,1,(nenhuma),0,false
10,Legislação Penal Especial,Abuso de Autoridade,Papiro — estilo FGV,Polícia Civil do Paraná,,EXPLICACAO_INCOMPLETA,"Para a configuração dos crimes da Lei de Abuso de Autoridade, a lei exige, além do dolo, finalidade específica",Polícia Civil do Paraná — Agente de Polícia Judiciária,1,(nenhuma),0,false
11,Informática,Segurança da informação,Papiro — estilo FGV,Polícia Civil do Paraná,,EXPLICACAO_INCOMPLETA,Uma mensagem eletrônica que imita uma instituição legítima para induzir o usuário a informar sua senha é exemp,Polícia Civil do Paraná — Agente de Polícia Judiciária,1,(nenhuma),0,false
15,Informática,Segurança da informação,Papiro — estilo Fundatec,Brigada Militar do Rio Grande do Sul,,EXPLICACAO_INCOMPLETA,Qual prática aumenta a segurança de uma conta utilizada em serviço?,Brigada Militar do Rio Grande do Sul — Soldado de Primeira Classe,1,(nenhuma),0,false
32,Informática,Segurança da informação,Papiro - estilo Fundatec,Brigada Militar do Rio Grande do Sul,,EXPLICACAO_INCOMPLETA,Qual medida adiciona uma segunda verificação além da senha ao acessar uma conta?,Brigada Militar do Rio Grande do Sul — Soldado de Primeira Classe,1,(nenhuma),0,false
294,Informática,Segurança da informação,Papiro,PAPIRO - Adaptada do padrão Fundatec 2025/2026,2026,EXPLICACAO_INCOMPLETA,Uma mensagem eletrônica fraudulenta que tenta induzir o usuário a fornecer senhas ou dados bancários caracteri,Brigada Militar do Rio Grande do Sul — Soldado de Primeira Classe,1,(nenhuma),0,false
639,Informática,Segurança da informação,Fundatec,Esc Pol (PC RS)/PC RS/2026,2026,EXPLICACAO_GENERICA,"Em relação à segurança cibernética, qual das alternativas abaixo melhor define o que é spoofing?",Brigada Militar do Rio Grande do Sul — Soldado de Primeira Classe,1,(nenhuma),0,false
640,Informática,Segurança da informação,Fundatec,Esc Pol (PC RS)/PC RS/2026,2026,EXPLICACAO_GENERICA,"Sobre a autenticação multifator (MFA), é INCORRETO afirmar que:",Brigada Militar do Rio Grande do Sul — Soldado de Primeira Classe,1,(nenhuma),0,false
641,Informática,Segurança da informação,Fundatec,Esc Pol (PC RS)/PC RS/2026,2026,EXPLICACAO_GENERICA,A criptografia que utiliza a mesma chave tanto para codificar (criptografar) quanto para decodificar (descript,Brigada Militar do Rio Grande do Sul — Soldado de Primeira Classe,1,(nenhuma),0,false
642,Informática,Segurança da informação,Fundatec,GM (Pref Araquari)/Pref Araquari/2026,2026,EXPLICACAO_GENERICA,"Durante o atendimento em um posto da Guarda Municipal, um agente utiliza um computador institucional para regi",Brigada Militar do Rio Grande do Sul — Soldado de Primeira Classe,1,(nenhuma),0,false
706,Informática,Segurança da informação,Fundatec,Per Crim (IGP RS)/IGP RS/Contabilidade e Economia/2025,2025,EXPLICACAO_GENERICA,"Sobre os princípios da segurança da informação, analise as assertivas abaixo: I. A autenticidade garante que a",Brigada Militar do Rio Grande do Sul — Soldado de Primeira Classe,1,(nenhuma),0,false
707,Informática,Segurança da informação,Fundatec,Per Crim (IGP RS)/IGP RS/Contabilidade e Economia/2025,2025,EXPLICACAO_GENERICA,"Códigos maliciosos (malwares) são usados como intermediários para a prática de golpes, realização de ataques e",Brigada Militar do Rio Grande do Sul — Soldado de Primeira Classe,1,(nenhuma),0,false
708,Informática,Segurança da informação,Fundatec,Tec Per (IGP RS)/IGP RS/Técnico em Química/2025,2025,EXPLICACAO_GENERICA,"Tipo de código malicioso (malware) capaz de se replicar automaticamente por uma rede de computadores, enviando",Brigada Militar do Rio Grande do Sul — Soldado de Primeira Classe,1,(nenhuma),0,false
709,Informática,Segurança da informação,Fundatec,Tec Per (IGP RS)/IGP RS/Técnico em Química/2025,2025,EXPLICACAO_GENERICA,"O processo de criar uma cópia de segurança de dados, com o objetivo de permitir a recuperação desses dados cas",Brigada Militar do Rio Grande do Sul — Soldado de Primeira Classe,1,(nenhuma),0,false
710,Informática,Segurança da informação,Fundatec,Del Pol (PC RS)/PC RS/2025,2025,EXPLICACAO_GENERICA,"É um mecanismo técnico destinado a garantir a integridade de dados, permitindo verificar se um arquivo digital",Brigada Militar do Rio Grande do Sul — Soldado de Primeira Classe,1,(nenhuma),0,false
31,Informática,Windows,Papiro - estilo Fundatec,Brigada Militar do Rio Grande do Sul,,EXPLICACAO_INCOMPLETA,"No Windows, mover um arquivo para a Lixeira normalmente permite:",Brigada Militar do Rio Grande do Sul — Soldado de Primeira Classe,1,(nenhuma),0,false
60,Informática,Windows,Fundatec,Brigada Militar RS - Soldado de Primeira Classe,2025,EXPLICACAO_GENERICA,"Na Figura 1 abaixo, é apresentada uma janela do Explorador de Arquivos no Microsoft Windows 10, em sua configu",Brigada Militar do Rio Grande do Sul — Soldado de Primeira Classe,1,(nenhuma),0,false
101,Informática,Windows,Fundatec,SUSEPE RS - Agente Penitenciário,2022,EXPLICACAO_INCOMPLETA,"No Microsoft Windows 10, não é permitido o uso de alguns caracteres em nomes de arquivos e pastas. Assinale a ",Brigada Militar do Rio Grande do Sul — Soldado de Primeira Classe,1,(nenhuma),0,false
102,Informática,Windows,Fundatec,SUSEPE RS - Agente Penitenciário,2022,EXPLICACAO_INCOMPLETA,"Analise as ações abaixo, verificando se podem ser executadas utilizando a Barra de Tarefas do Microsoft Window",Brigada Militar do Rio Grande do Sul — Soldado de Primeira Classe,1,(nenhuma),0,false
103,Informática,Windows,Fundatec,SUSEPE RS - Agente Penitenciário Administrativo,2022,EXPLICACAO_INCOMPLETA,Em que categoria do Painel de Controle do Microsoft Windows 10 está disponível a opção para desinstalar um pro,Brigada Militar do Rio Grande do Sul — Soldado de Primeira Classe,1,(nenhuma),0,false
108,Informática,Windows,Fundatec,Brigada Militar RS - Soldado Nível III,2022,EXPLICACAO_INCOMPLETA,"Entre as maneiras de desligar um computador que utiliza o Microsoft Windows 10, existe uma em que o consumo de",Brigada Militar do Rio Grande do Sul — Soldado de Primeira Classe,1,(nenhuma),0,false
338,Informática,Windows,Fundatec,Corpo de Bombeiros Militar RS - Soldado de Primeira Classe,2025,EXPLICACAO_GENERICA,"No Microsoft Windows 10, em sua configuração padrão e em português, como é chamado o tipo de ícone utilizado c",Brigada Militar do Rio Grande do Sul — Soldado de Primeira Classe,1,(nenhuma),0,false
339,Informática,Windows,Fundatec,Corpo de Bombeiros Militar RS - Soldado de Primeira Classe,2025,EXPLICACAO_GENERICA,"Sobre o Microsoft Windows 10, em sua configuração padrão e em português, são informações exibidas na guia “Pro",Brigada Militar do Rio Grande do Sul — Soldado de Primeira Classe,1,(nenhuma),0,false
494,Informática,Windows,Fundatec,GM (Pref Foz do Iguaçu)/Pref Foz do Iguaçu/2024,2024,EXPLICACAO_GENERICA,"Analise a Figura 1 abaixo, que apresenta uma tela do Windows 10: Figura 1Qual aba do Gerenciador de Tarefas es",Brigada Militar do Rio Grande do Sul — Soldado de Primeira Classe,1,(nenhuma),0,false
643,Informática,Windows,Fundatec,Esc Pol (PC RS)/PC RS/2026,2026,EXPLICACAO_GENERICA,"Sobre a área de transferência no Microsoft Windows 11, em sua configuração padrão e versão em português, anali",Brigada Militar do Rio Grande do Sul — Soldado de Primeira Classe,1,(nenhuma),0,false
644,Informática,Windows,Fundatec,GM (Pref Gravataí)/Pref Gravataí/2026,2026,EXPLICACAO_GENERICA,"No sistema operacional Windows 10, para que um atalho de um arquivo ou programa funcione corretamente é fundam",Brigada Militar do Rio Grande do Sul — Soldado de Primeira Classe,1,(nenhuma),0,false
645,Informática,Windows,Fundatec,GM (Pref Araquari)/Pref Araquari/2026,2026,EXPLICACAO_GENERICA,"Ao criar uma nova pasta no Windows 11, qual dos nomes abaixo NÃO pode ser utilizado?",Brigada Militar do Rio Grande do Sul — Soldado de Primeira Classe,1,(nenhuma),0,false
711,Informática,Windows,Fundatec,GM (Pref Porto Alegre)/Pref Porto Alegre/2025,2025,EXPLICACAO_GENERICA,"Em relação ao Windows 10, relacione a Coluna 1 à Coluna 2, associando as seguintes funcionalidade às suas resp",Brigada Militar do Rio Grande do Sul — Soldado de Primeira Classe,1,(nenhuma),0,false
835,Informática,Windows,Fundatec,Tec (Pref Viamão)/Pref Viamão/Agrícola/2022,2022,EXPLICACAO_GENERICA,"No Explorador de Arquivos do Microsoft Windows 10, ao abrir a caixa de diálogo ""Propriedades"" de um arquivo, s",Brigada Militar do Rio Grande do Sul — Soldado de Primeira Classe,1,(nenhuma),0,false
836,Informática,Windows,Fundatec,Pol Pen (PP RS)/PP RS/2022,2022,EXPLICACAO_GENERICA,"No Microsoft Windows 10, não é permitido o uso de alguns caracteres em nomes de arquivos e pastas. Assinale a ",Brigada Militar do Rio Grande do Sul — Soldado de Primeira Classe,1,(nenhuma),0,false
33,Informática,Planilhas eletrônicas,Papiro - estilo Fundatec,Brigada Militar do Rio Grande do Sul,,EXPLICACAO_INCOMPLETA,"Em uma planilha, a fórmula =SOMA(A1:A5) tem a finalidade de:",Brigada Militar do Rio Grande do Sul — Soldado de Primeira Classe,1,(nenhuma),0,false
62,Informática,Planilhas eletrônicas,Fundatec,Brigada Militar RS - Soldado de Primeira Classe,2025,EXPLICACAO_GENERICA,"No Microsoft Excel 2016, versão para computador, em sua configuração padrão e em português, são teclas que, is",Brigada Militar do Rio Grande do Sul — Soldado de Primeira Classe,1,(nenhuma),0,false
93,Informática,Planilhas eletrônicas,Fundatec,SUSEPE RS - Agente Penitenciário,2022,EXPLICACAO_INCOMPLETA,"Um ____________ do Microsoft Excel 2016 é um pequeno gráfico, posicionado em uma única célula, que fornece uma",Brigada Militar do Rio Grande do Sul — Soldado de Primeira Classe,1,(nenhuma),0,false
97,Informática,Planilhas eletrônicas,Fundatec,SUSEPE RS - Agente Penitenciário Administrativo,2022,EXPLICACAO_INCOMPLETA,"No Microsoft Excel 2016, uma ______________ é um arquivo que contém uma ou mais planilhas. Assinale a alternat",Brigada Militar do Rio Grande do Sul — Soldado de Primeira Classe,1,(nenhuma),0,false
105,Informática,Planilhas eletrônicas,Fundatec,SUSEPE RS - Agente Penitenciário,2022,EXPLICACAO_INCOMPLETA,"No Microsoft Excel 2016, deseja-se utilizar a célula C2 para exibir o maior número entre os valores das célula",Brigada Militar do Rio Grande do Sul — Soldado de Primeira Classe,1,(nenhuma),0,false
109,Informática,Planilhas eletrônicas,Fundatec,Brigada Militar RS - Soldado Nível III,2022,EXPLICACAO_INCOMPLETA,"Assinale a alternativa que representa, no Microsoft Excel 2013, um intervalo de células contínuo iniciando na ",Brigada Militar do Rio Grande do Sul — Soldado de Primeira Classe,1,(nenhuma),0,false
340,Informática,Planilhas eletrônicas,Fundatec,Corpo de Bombeiros Militar RS - Soldado de Primeira Classe,2025,EXPLICACAO_GENERICA,"Em relação ao Microsoft Excel 2016, versão para computador, em sua configuração padrão e em português, analise",Brigada Militar do Rio Grande do Sul — Soldado de Primeira Classe,1,(nenhuma),0,false
492,Informática,Planilhas eletrônicas,Fundatec,GM (Pref Gravataí)/Pref Gravataí/2026,2026,EXPLICACAO_GENERICA,"Para responder à questão, considere a Figura 1 abaixo: Um setor administrativo da Guarda Municipal utiliza pla",Brigada Militar do Rio Grande do Sul — Soldado de Primeira Classe,1,(nenhuma),0,false
493,Informática,Planilhas eletrônicas,Fundatec,GM (Pref Porto Alegre)/Pref Porto Alegre/2025,2025,EXPLICACAO_GENERICA,"Com base no Excel 2016, analise a Figura 2 a seguir: Figura 2 – Excel 2016Referente à Figura 2, assinale a alt",Brigada Militar do Rio Grande do Sul — Soldado de Primeira Classe,1,(nenhuma),0,false
495,Informática,Planilhas eletrônicas,Fundatec,GM (Pref Imbé)/Pref Imbé/2023,2023,EXPLICACAO_GENERICA,"Analise a Figura 2 abaixo, que mostra uma tabela criada no LibreOffice Calc: ABC 1303550 2254065 3101520 4 Fig",Brigada Militar do Rio Grande do Sul — Soldado de Primeira Classe,1,(nenhuma),0,false
498,Informática,Planilhas eletrônicas,Fundatec,TA Pol Pen (PP RS)/PP RS/2022,2022,EXPLICACAO_GENERICA,Figura 2 abaixo apresenta uma planilha no Microsoft Excel 2016. Assinale a alternativa cuja fórmula pode ser u,Brigada Militar do Rio Grande do Sul — Soldado de Primeira Classe,1,(nenhuma),0,false
499,Informática,Planilhas eletrônicas,Fundatec,Pol Pen (PP RS)/PP RS/2022,2022,EXPLICACAO_GENERICA,A Figura 1 abaixo apresenta uma planilha no Microsoft Excel 2016: Assinale a alternativa cuja fórmula pode ser,Brigada Militar do Rio Grande do Sul — Soldado de Primeira Classe,1,(nenhuma),0,false
637,Informática,Planilhas eletrônicas,Fundatec,Esc Pol (PC RS)/PC RS/2026,2026,EXPLICACAO_GENERICA,"São funções lógicas do Microsoft Excel para Microsoft 365, em sua configuração padrão e versão em português, u",Brigada Militar do Rio Grande do Sul — Soldado de Primeira Classe,1,(nenhuma),0,false
638,Informática,Planilhas eletrônicas,Fundatec,GM (Pref Araquari)/Pref Araquari/2026,2026,EXPLICACAO_GENERICA,Um usuário deseja calcular automaticamente a soma dos valores contidos nas células A1 até A5. Considerando as ,Brigada Militar do Rio Grande do Sul — Soldado de Primeira Classe,1,(nenhuma),0,false
834,Informática,Planilhas eletrônicas,Fundatec,Tec (Pref Viamão)/Pref Viamão/Agrícola/2022,2022,EXPLICACAO_GENERICA,"No Microsoft Excel 2016, a função SOMA é utilizada para adicionar valores individuais, referências de célula o",Brigada Militar do Rio Grande do Sul — Soldado de Primeira Classe,1,(nenhuma),0,false
95,Informática,Correio eletrônico,Fundatec,SUSEPE RS - Agente Penitenciário,2022,EXPLICACAO_INCOMPLETA,"Analise as tarefas abaixo, verificando se podem ser executadas utilizando o Microsoft Outlook 2016: I. Agendar",Brigada Militar do Rio Grande do Sul — Soldado de Primeira Classe,1,(nenhuma),0,false
99,Informática,Correio eletrônico,Fundatec,SUSEPE RS - Agente Penitenciário Administrativo,2022,EXPLICACAO_INCOMPLETA,"Em relação ao Microsoft Outlook 2016, analise as assertivas abaixo, assinalando V, se verdadeiras, ou F, se fa",Brigada Militar do Rio Grande do Sul — Soldado de Primeira Classe,1,(nenhuma),0,false
100,Informática,Correio eletrônico,Fundatec,SUSEPE RS - Agente Penitenciário Administrativo,2022,EXPLICACAO_INCOMPLETA,"Ao enviar uma nova mensagem de e-mail pelo Gmail, qual das informações abaixo é obrigatória?",Brigada Militar do Rio Grande do Sul — Soldado de Primeira Classe,1,(nenhuma),0,false
626,Informática,Correio eletrônico,Fundatec,GM (Pref Gravataí)/Pref Gravataí/2026,2026,EXPLICACAO_GENERICA,"Em relação ao Gmail, analise as assertivas abaixo: I. Utilizando a função Desfazer envio, é possível cancelar ",Brigada Militar do Rio Grande do Sul — Soldado de Primeira Classe,1,(nenhuma),0,false
698,Informática,Correio eletrônico,Fundatec,GM (Pref Porto Alegre)/Pref Porto Alegre/2025,2025,EXPLICACAO_GENERICA,"No Gmail, qual é o recurso que permite ao usuário enviar e-mails que expiram e possuem restrições de ações, co",Brigada Militar do Rio Grande do Sul — Soldado de Primeira Classe,1,(nenhuma),0,false
699,Informática,Correio eletrônico,Fundatec,Per Crim (IGP RS)/IGP RS/Contabilidade e Economia/2025,2025,EXPLICACAO_GENERICA,"Em um aplicativo de correio eletrônico, para enviar uma cópia da mensagem a um destinatário cujo endereço de e",Brigada Militar do Rio Grande do Sul — Soldado de Primeira Classe,1,(nenhuma),0,false
700,Informática,Correio eletrônico,Fundatec,Tec Per (IGP RS)/IGP RS/Técnico em Química/2025,2025,EXPLICACAO_GENERICA,"Em um aplicativo de correio eletrônico, um rascunho é uma mensagem de e-mail que foi salva sem que tenha sido ",Brigada Militar do Rio Grande do Sul — Soldado de Primeira Classe,1,(nenhuma),0,false
768,Informática,Correio eletrônico,Fundatec,GM (Pref Foz do Iguaçu)/Pref Foz do Iguaçu/2024,2024,EXPLICACAO_GENERICA,"No Gmail no computador, na janela de Nova Mensagem, encontram-se algumas opções, como o botão Enviar. Qual das",Brigada Militar do Rio Grande do Sul — Soldado de Primeira Classe,1,(nenhuma),0,false
830,Informática,Correio eletrônico,Fundatec,Pol Pen (PP RS)/PP RS/2022,2022,EXPLICACAO_GENERICA,"É possível configurar, no Gmail, um tempo determinado para cancelar o envio de uma mensagem de e-mail. Quais a",Brigada Militar do Rio Grande do Sul — Soldado de Primeira Classe,1,(nenhuma),0,false
61,Informática,Editor de textos,Fundatec,Brigada Militar RS - Soldado de Primeira Classe,2025,EXPLICACAO_GENERICA,"No Microsoft Word 2016, versão para computador, em sua configuração padrão e em português, como é chamada a op",Brigada Militar do Rio Grande do Sul — Soldado de Primeira Classe,1,(nenhuma),0,false
91,Informática,Editor de textos,Fundatec,SUSEPE RS - Agente Penitenciário,2022,EXPLICACAO_INCOMPLETA,"Sobre o Microsoft Word 2016, assinale a alternativa que corresponde ao atalho de teclado utilizado para recort",Brigada Militar do Rio Grande do Sul — Soldado de Primeira Classe,1,(nenhuma),0,false
92,Informática,Editor de textos,Fundatec,SUSEPE RS - Agente Penitenciário,2022,EXPLICACAO_INCOMPLETA,Assinale a alternativa que NÃO apresenta uma opção de formatação de parágrafo que pode ser aplicada por meio d,Brigada Militar do Rio Grande do Sul — Soldado de Primeira Classe,1,(nenhuma),0,false
96,Informática,Editor de textos,Fundatec,SUSEPE RS - Agente Penitenciário Administrativo,2022,EXPLICACAO_INCOMPLETA,"São efeitos de fonte que podem ser aplicados por meio da caixa de diálogo “Fonte” do Microsoft Word 2016, EXCE",Brigada Militar do Rio Grande do Sul — Soldado de Primeira Classe,1,(nenhuma),0,false
104,Informática,Editor de textos,Fundatec,SUSEPE RS - Agente Penitenciário Administrativo,2022,EXPLICACAO_INCOMPLETA,"Sobre o Microsoft Word 2016, assinale a alternativa que corresponde ao atalho de teclado utilizado para desfaz",Brigada Militar do Rio Grande do Sul — Soldado de Primeira Classe,1,(nenhuma),0,false
110,Informática,Editor de textos,Fundatec,Brigada Militar RS - Soldado Nível III,2022,EXPLICACAO_INCOMPLETA,"No Microsoft Word 2013, o recurso que permite copiar toda a formatação de um objeto e aplicá-la a outro é cham",Brigada Militar do Rio Grande do Sul — Soldado de Primeira Classe,1,(nenhuma),0,false
341,Informática,Editor de textos,Fundatec,Corpo de Bombeiros Militar RS - Soldado de Primeira Classe,2025,EXPLICACAO_GENERICA,"No Microsoft Word 2016, versão para computador, em sua configuração padrão e em português, para riscar um text",Brigada Militar do Rio Grande do Sul — Soldado de Primeira Classe,1,(nenhuma),0,false
627,Informática,Editor de textos,Fundatec,Esc Pol (PC RS)/PC RS/2026,2026,EXPLICACAO_GENERICA,"No Microsoft Word para Microsoft 365, em sua configuração padrão e versão em português, em qual guia da faixa ",Brigada Militar do Rio Grande do Sul — Soldado de Primeira Classe,1,(nenhuma),0,false
628,Informática,Editor de textos,Fundatec,GM (Pref Gravataí)/Pref Gravataí/2026,2026,EXPLICACAO_GENERICA,"Durante a edição de um documento no Word 2016, um servidor público deseja verificar simultaneamente o número t",Brigada Militar do Rio Grande do Sul — Soldado de Primeira Classe,1,(nenhuma),0,false
629,Informática,Editor de textos,Fundatec,GM (Pref Araquari)/Pref Araquari/2026,2026,EXPLICACAO_GENERICA,"Durante a elaboração de um relatório administrativo da Guarda Municipal, um servidor está revisando um contrat",Brigada Militar do Rio Grande do Sul — Soldado de Primeira Classe,1,(nenhuma),0,false
701,Informática,Editor de textos,Fundatec,GM (Pref Porto Alegre)/Pref Porto Alegre/2025,2025,EXPLICACAO_GENERICA,"No Word 2016, na guia ‘Layout’, no grupo ‘Configurar Página’, é possível acessar as seguintes opções do item ‘",Brigada Militar do Rio Grande do Sul — Soldado de Primeira Classe,1,(nenhuma),0,false
769,Informática,Editor de textos,Fundatec,GM (Pref Foz do Iguaçu)/Pref Foz do Iguaçu/2024,2024,EXPLICACAO_GENERICA,"No Word 2016, a funcionalidade Inserir Nota de Rodapé é encontrada em qual guia?",Brigada Militar do Rio Grande do Sul — Soldado de Primeira Classe,1,(nenhuma),0,false
791,Informática,Editor de textos,Fundatec,GM (Pref Imbé)/Pref Imbé/2023,2023,EXPLICACAO_GENERICA,Assinale a alternativa que apresenta INCORRETAMENTE a funcionalidade do botão apresentado no LibreOffice Write,Brigada Militar do Rio Grande do Sul — Soldado de Primeira Classe,1,(nenhuma),0,false
831,Informática,Editor de textos,Fundatec,Tec (Pref Viamão)/Pref Viamão/Agrícola/2022,2022,EXPLICACAO_GENERICA,"No Microsoft Word 2016, o botão liga e desliga caracteres ocultos como espaços, marcadores de parágrafo ou mar",Brigada Militar do Rio Grande do Sul — Soldado de Primeira Classe,1,(nenhuma),0,false
832,Informática,Editor de textos,Fundatec,Pol Pen (PP RS)/PP RS/2022,2022,EXPLICACAO_GENERICA,"Sobre o Microsoft Word 2016, assinale a alternativa que corresponde ao atalho de teclado utilizado para recort",Brigada Militar do Rio Grande do Sul — Soldado de Primeira Classe,1,(nenhuma),0,false
63,Informática,Internet e navegadores,Fundatec,Brigada Militar RS - Soldado de Primeira Classe,2025,EXPLICACAO_GENERICA,"Durante uma videochamada no Google Meet, versão atualizada para computador, um moderador pode executar as ativ",Brigada Militar do Rio Grande do Sul — Soldado de Primeira Classe,1,(nenhuma),0,false
64,Informática,Internet e navegadores,Fundatec,Brigada Militar RS - Soldado de Primeira Classe,2025,EXPLICACAO_GENERICA,"No Google Drive, ao selecionar um arquivo, qual é a função do botão apresentado na imagem abaixo?",Brigada Militar do Rio Grande do Sul — Soldado de Primeira Classe,1,(nenhuma),0,false
94,Informática,Internet e navegadores,Fundatec,SUSEPE RS - Agente Penitenciário,2022,EXPLICACAO_INCOMPLETA,"Sobre o modo de navegação anônima do Google Chrome, é correto afirmar que:",Brigada Militar do Rio Grande do Sul — Soldado de Primeira Classe,1,(nenhuma),0,false
98,Informática,Internet e navegadores,Fundatec,SUSEPE RS - Agente Penitenciário Administrativo,2022,EXPLICACAO_INCOMPLETA,"Sobre o Google Chrome, assinale a alternativa que NÃO corresponde a um tipo de dado que pode ser excluído util",Brigada Militar do Rio Grande do Sul — Soldado de Primeira Classe,1,(nenhuma),0,false
106,Informática,Internet e navegadores,Fundatec,Brigada Militar RS - Soldado Nível III,2022,EXPLICACAO_INCOMPLETA,Uma forma de localizar arquivos no Google Drive é utilizar a pesquisa localizada na parte superior central da ,Brigada Militar do Rio Grande do Sul — Soldado de Primeira Classe,1,(nenhuma),0,false
107,Informática,Internet e navegadores,Fundatec,Brigada Militar RS - Soldado Nível III,2022,EXPLICACAO_INCOMPLETA,"No Mozilla Firefox, é possível copiar ou salvar, em formato de imagem, páginas completas ou partes visíveis de",Brigada Militar do Rio Grande do Sul — Soldado de Primeira Classe,1,(nenhuma),0,false
496,Informática,Internet e navegadores,Fundatec,Tec (Pref Viamão)/Pref Viamão/Agrícola/2022,2022,EXPLICACAO_GENERICA,"A Figura 1, abaixo, apresenta a janela principal do navegador Google Chrome. Na imagem, está destacado um ícon",Brigada Militar do Rio Grande do Sul — Soldado de Primeira Classe,1,(nenhuma),0,false
497,Informática,Internet e navegadores,Fundatec,TA Pol Pen (PP RS)/PP RS/2022,2022,EXPLICACAO_GENERICA,"A Figura 3 abaixo apresenta a janela principal do navegador Mozilla Firefox. Na imagem, está destacado um ícon",Brigada Militar do Rio Grande do Sul — Soldado de Primeira Classe,1,(nenhuma),0,false
630,Informática,Internet e navegadores,Fundatec,Esc Pol (PC RS)/PC RS/2026,2026,EXPLICACAO_GENERICA,A camada da internet publicamente acessível cujas páginas são indexadas pelos mecanismos de busca dos principa,Brigada Militar do Rio Grande do Sul — Soldado de Primeira Classe,1,(nenhuma),0,false
631,Informática,Internet e navegadores,Fundatec,Esc Pol (PC RS)/PC RS/2026,2026,EXPLICACAO_GENERICA,Assinale a alternativa que corresponde a uma técnica de rastreamento e identificação que consiste na identific,Brigada Militar do Rio Grande do Sul — Soldado de Primeira Classe,1,(nenhuma),0,false
632,Informática,Internet e navegadores,Fundatec,Esc Pol (PC RS)/PC RS/2026,2026,EXPLICACAO_GENERICA,O DNS (Domain Name System) é um sistema que traduz nomes de domínio em endereços IP (1ª parte) e que opera na ,Brigada Militar do Rio Grande do Sul — Soldado de Primeira Classe,1,(nenhuma),0,false
633,Informática,Internet e navegadores,Fundatec,Esc Pol (PC RS)/PC RS/2026,2026,EXPLICACAO_GENERICA,"Sobre computação em nuvem, analise as assertivas abaixo: I. As nuvens públicas pertencem a provedores de servi",Brigada Militar do Rio Grande do Sul — Soldado de Primeira Classe,1,(nenhuma),0,false
634,Informática,Internet e navegadores,Fundatec,Esc Pol (PC RS)/PC RS/2026,2026,EXPLICACAO_GENERICA,"Sobre reuniões no aplicativo Microsoft Teams, versão atualizada para computador e em sua configuração padrão, ",Brigada Militar do Rio Grande do Sul — Soldado de Primeira Classe,1,(nenhuma),0,false
635,Informática,Internet e navegadores,Fundatec,Esc Pol (PC RS)/PC RS/2026,2026,EXPLICACAO_GENERICA,"Sobre o uso de correio eletrônico, analise as assertivas abaixo: I. O protocolo IMAP (Internet Message Access ",Brigada Militar do Rio Grande do Sul — Soldado de Primeira Classe,1,(nenhuma),0,false
636,Informática,Internet e navegadores,Fundatec,GM (Pref Gravataí)/Pref Gravataí/2026,2026,EXPLICACAO_GENERICA,"No Mozilla Firefox, duas funcionalidades relacionadas ao uso de abas permitem, respectivamente, separar dados ",Brigada Militar do Rio Grande do Sul — Soldado de Primeira Classe,1,(nenhuma),0,false
702,Informática,Internet e navegadores,Fundatec,Per Crim (IGP RS)/IGP RS/Contabilidade e Economia/2025,2025,EXPLICACAO_GENERICA,Um endereço IP (Internet Protocol) é um número de identificação exclusivo atribuído a cada dispositivo conecta,Brigada Militar do Rio Grande do Sul — Soldado de Primeira Classe,1,(nenhuma),0,false
703,Informática,Internet e navegadores,Fundatec,Per Crim (IGP RS)/IGP RS/Contabilidade e Economia/2025,2025,EXPLICACAO_GENERICA,"Sobre a computação em nuvem (cloud computing), é correto afirmar que:",Brigada Militar do Rio Grande do Sul — Soldado de Primeira Classe,1,(nenhuma),0,false
704,Informática,Internet e navegadores,Fundatec,Tec Per (IGP RS)/IGP RS/Técnico em Química/2025,2025,EXPLICACAO_GENERICA,"O endereço único utilizado para acessar um recurso específico da internet como, por exemplo, uma página web, é",Brigada Militar do Rio Grande do Sul — Soldado de Primeira Classe,1,(nenhuma),0,false
705,Informática,Internet e navegadores,Fundatec,Del Pol (PC RS)/PC RS/2025,2025,EXPLICACAO_GENERICA,Analise a sentença abaixo: A Deep Web e a Dark Web são uma parte da internet não indexada por motores de busca,Brigada Militar do Rio Grande do Sul — Soldado de Primeira Classe,1,(nenhuma),0,false
770,Informática,Internet e navegadores,Fundatec,GM (Pref Foz do Iguaçu)/Pref Foz do Iguaçu/2024,2024,EXPLICACAO_GENERICA,São opções encontradas no Painel Lateral do Google Chrome:I. Lista de leitura.II. Histórico.III. Favoritos (ou,Brigada Militar do Rio Grande do Sul — Soldado de Primeira Classe,1,(nenhuma),0,false
792,Informática,Internet e navegadores,Fundatec,GM (Pref Imbé)/Pref Imbé/2023,2023,EXPLICACAO_GENERICA,"Analise as assertivas abaixo sobre o Google Chrome e o Mozilla Firefox:I. Nos dois navegadores, é possível sal",Brigada Militar do Rio Grande do Sul — Soldado de Primeira Classe,1,(nenhuma),0,false
833,Informática,Internet e navegadores,Fundatec,Tec (Pref Viamão)/Pref Viamão/Agrícola/2022,2022,EXPLICACAO_GENERICA,Analise as assertivas abaixo sobre a utilização do navegador Mozilla Firefox: I. Não é possível instalar exten,Brigada Militar do Rio Grande do Sul — Soldado de Primeira Classe,1,(nenhuma),0,false
12,Legislação Específica,Hierarquia e disciplina,Papiro — estilo Fundatec,Brigada Militar do Rio Grande do Sul,,EXPLICACAO_INCOMPLETA,"No regime militar estadual, hierarquia e disciplina são compreendidas como:",Brigada Militar do Rio Grande do Sul — Soldado de Primeira Classe,1,(nenhuma),0,false
45,Legislação Específica,Hierarquia e disciplina,Fundatec,Brigada Militar RS - Soldado,2022,EXPLICACAO_GENERICA,A Lei Complementar Estadual nº 10.990/1997 dispõe sobre o Estatuto dos Servidores Militares da Brigada Militar,Brigada Militar do Rio Grande do Sul — Soldado de Primeira Classe,1,(nenhuma),0,false
303,Legislação Específica,Hierarquia e disciplina,Papiro,PAPIRO - Adaptada do padrão Fundatec 2025/2026,2026,EXPLICACAO_INCOMPLETA,"A hierarquia militar corresponde, em linhas gerais, à:",Brigada Militar do Rio Grande do Sul — Soldado de Primeira Classe,1,(nenhuma),0,false
19,Legislação Específica,Segurança pública,Papiro - estilo Fundatec,Brigada Militar do Rio Grande do Sul,,EXPLICACAO_INCOMPLETA,"Nos termos da Constituição Federal, a segurança pública é exercida para preservar:",Brigada Militar do Rio Grande do Sul — Soldado de Primeira Classe,1,(nenhuma),0,false
38,Legislação Específica,Segurança pública,Fundatec,Brigada Militar RS - Soldado,2022,EXPLICACAO_GENERICA,"A Constituição Federal prevê, a partir de seu Art. 144, disposições sobre a segurança pública. De acordo com t",Brigada Militar do Rio Grande do Sul — Soldado de Primeira Classe,1,(nenhuma),0,false
41,Legislação Específica,Segurança pública,Fundatec,Brigada Militar RS - Soldado de Primeira Classe,2025,EXPLICACAO_GENERICA,"Considerando o disposto expressamente na Constituição Federal de 1988, a segurança pública, dever do Estado, d",Brigada Militar do Rio Grande do Sul — Soldado de Primeira Classe,1,(nenhuma),0,false
675,Legislação Específica,Segurança pública,Fundatec,Esc Pol (PC RS)/PC RS/2026,2026,EXPLICACAO_GENERICA,"Sobre a segurança pública, de acordo com os preceitos constitucionais vigentes, analise as seguintes assertiva",Brigada Militar do Rio Grande do Sul — Soldado de Primeira Classe,1,(nenhuma),0,false
676,Legislação Específica,Segurança pública,Fundatec,GM (Pref Gravataí)/Pref Gravataí/2026,2026,EXPLICACAO_GENERICA,A Constituição Federal de 1988 instituiu a possibilidade de criação de um órgão responsável pela proteção dos ,Brigada Militar do Rio Grande do Sul — Soldado de Primeira Classe,1,(nenhuma),0,false
677,Legislação Específica,Segurança pública,Fundatec,GM (Pref Araquari)/Pref Araquari/2026,2026,EXPLICACAO_GENERICA,"Considerando as disposições da Constituição Federal sobre segurança pública, assinale a alternativa correta.",Brigada Militar do Rio Grande do Sul — Soldado de Primeira Classe,1,(nenhuma),0,false
678,Legislação Específica,Segurança pública,Fundatec,GM (Pref Araquari)/Pref Araquari/2026,2026,EXPLICACAO_GENERICA,Assinale a alternativa que NÃO indica um órgão de segurança pública expressamente previsto pela Constituição F,Brigada Militar do Rio Grande do Sul — Soldado de Primeira Classe,1,(nenhuma),0,false
743,Legislação Específica,Segurança pública,Fundatec,Del Pol (PC RS)/PC RS/2025,2025,EXPLICACAO_GENERICA,"A segurança pública tem sido cada vez mais objeto de interesse social, por guardar íntima relação com direitos",Brigada Militar do Rio Grande do Sul — Soldado de Primeira Classe,1,(nenhuma),0,false
805,Legislação Específica,Segurança pública,Fundatec,GM (Pref Imbé)/Pref Imbé/2023,2023,EXPLICACAO_GENERICA,"A Constituição Federal trata, no seu Art. 144, sobre a Segurança Pública, discorrendo sobre a sua composição, ",Brigada Militar do Rio Grande do Sul — Soldado de Primeira Classe,1,(nenhuma),0,false
20,Legislação Específica,Estatuto dos Militares Estaduais,Papiro - estilo Fundatec,Brigada Militar do Rio Grande do Sul,,EXPLICACAO_INCOMPLETA,"No regime dos militares estaduais do Rio Grande do Sul, hierarquia e disciplina são:",Brigada Militar do Rio Grande do Sul — Soldado de Primeira Classe,1,(nenhuma),0,false
53,Legislação Específica,Estatuto dos Militares Estaduais,Fundatec,Brigada Militar RS - Soldado de Primeira Classe,2025,EXPLICACAO_GENERICA,"Em conformidade com a Lei Complementar Estadual nº 10.990/1997, que dispõe sobre o Estatuto dos Militares Esta",Brigada Militar do Rio Grande do Sul — Soldado de Primeira Classe,1,(nenhuma),0,false
300,Legislação Específica,Estatuto dos Militares Estaduais,Papiro,PAPIRO - Adaptada do padrão Fundatec 2025/2026,2026,EXPLICACAO_INCOMPLETA,"Hierarquia e disciplina constituem, no regime jurídico militar estadual:",Brigada Militar do Rio Grande do Sul — Soldado de Primeira Classe,1,(nenhuma),0,false
362,Legislação Específica,Estatuto dos Militares Estaduais,Fundatec,Corpo de Bombeiros Militar RS - Soldado de Primeira Classe,2025,EXPLICACAO_GENERICA,"De acordo com a Lei Complementar nº 10.990/1997 do Estado do Rio Grande do Sul, que trata do Estatuto dos Serv",Brigada Militar do Rio Grande do Sul — Soldado de Primeira Classe,1,(nenhuma),0,false
363,Legislação Específica,Estatuto dos Militares Estaduais,Fundatec,Corpo de Bombeiros Militar RS - Soldado de Primeira Classe,2025,EXPLICACAO_GENERICA,"De acordo com o Estatuto dos Servidores Militares da Brigada Militar do Estado do Rio Grande do Sul, especific",Brigada Militar do Rio Grande do Sul — Soldado de Primeira Classe,1,(nenhuma),0,false
132,Legislação Específica,Estatuto Estadual da Igualdade Racial,Fundatec,SUSEPE RS - Agente Penitenciário,2022,EXPLICACAO_INCOMPLETA,"Com fulcro no Estatuto Estadual da Igualdade Racial, Lei nº 13.694/2011, analise as assertivas abaixo e assina",Brigada Militar do Rio Grande do Sul — Soldado de Primeira Classe,1,(nenhuma),0,false
136,Legislação Específica,Estatuto Estadual da Igualdade Racial,Fundatec,SUSEPE RS - Agente Penitenciário Administrativo,2022,EXPLICACAO_INCOMPLETA,"Com base na Lei Estadual nº 13.694/2011, que institui o Estatuto Estadual da Igualdade Racial, analise as asse",Brigada Militar do Rio Grande do Sul — Soldado de Primeira Classe,1,(nenhuma),0,false
301,Legislação Específica,Estatuto Estadual da Igualdade Racial,Papiro,PAPIRO - Adaptada do padrão Fundatec 2025/2026,2026,EXPLICACAO_INCOMPLETA,"O Estatuto Estadual da Igualdade Racial busca promover, no âmbito do Rio Grande do Sul:",Brigada Militar do Rio Grande do Sul — Soldado de Primeira Classe,1,(nenhuma),0,false
365,Legislação Específica,Estatuto Estadual da Igualdade Racial,Fundatec,Corpo de Bombeiros Militar RS - Soldado de Primeira Classe,2025,EXPLICACAO_GENERICA,"De acordo com o disposto no referido Estatuto, asseguradas as disposições contidas nas legislações pertinentes",Brigada Militar do Rio Grande do Sul — Soldado de Primeira Classe,1,(nenhuma),0,false
366,Legislação Específica,Estatuto Estadual da Igualdade Racial,Fundatec,Corpo de Bombeiros Militar RS - Soldado de Primeira Classe,2025,EXPLICACAO_GENERICA,"Em conformidade com o referido Estatuto, a respeito do acesso ao mercado de trabalho, para enfrentar a situaçã",Brigada Militar do Rio Grande do Sul — Soldado de Primeira Classe,1,(nenhuma),0,false
367,Legislação Específica,Estatuto Estadual da Igualdade Racial,Fundatec,Corpo de Bombeiros Militar RS - Soldado de Primeira Classe,2025,EXPLICACAO_GENERICA,"De acordo com o disposto no referido Estatuto, assinale a alternativa INCORRETA.",Brigada Militar do Rio Grande do Sul — Soldado de Primeira Classe,1,(nenhuma),0,false
798,Legislação Específica,Estatuto Estadual da Igualdade Racial,Fundatec,GCM (Uruguaiana)/Pref Uruguaiana/2023,2023,EXPLICACAO_GENERICA,"De acordo com o Estatuto da Igualdade Racial do Estado do Rio Grande do Sul, é INCORRETO afirmar que:",Brigada Militar do Rio Grande do Sul — Soldado de Primeira Classe,1,(nenhuma),0,false
850,Legislação Específica,Estatuto Estadual da Igualdade Racial,Fundatec,Tec (Pref Viamão)/Pref Viamão/Agrícola/2022,2022,EXPLICACAO_GENERICA,"Utilizando como referência o Estatuto Estadual da Igualdade Racial, Lei nº 13.694/2011, analise as assertivas ",Brigada Militar do Rio Grande do Sul — Soldado de Primeira Classe,1,(nenhuma),0,false
851,Legislação Específica,Estatuto Estadual da Igualdade Racial,Fundatec,TA Pol Pen (PP RS)/PP RS/2022,2022,EXPLICACAO_GENERICA,"Com base na Lei Estadual nº 13.694/2011, que institui o Estatuto Estadual da Igualdade Racial, analise as asse",Brigada Militar do Rio Grande do Sul — Soldado de Primeira Classe,1,(nenhuma),0,false
852,Legislação Específica,Estatuto Estadual da Igualdade Racial,Fundatec,Pol Pen (PP RS)/PP RS/2022,2022,EXPLICACAO_GENERICA,"Com fulcro no Estatuto Estadual da Igualdade Racial, Lei nº 13.694/2011, analise as assertivas abaixo e assina",Brigada Militar do Rio Grande do Sul — Soldado de Primeira Classe,1,(nenhuma),0,false
42,Legislação Específica,Improbidade Administrativa,Fundatec,Brigada Militar RS - Soldado,2022,EXPLICACAO_GENERICA,A Lei de Improbidade Administrativa (Lei nº 8.429/1992) foi substancialmente modificada pela Lei nº 14.230/202,Brigada Militar do Rio Grande do Sul — Soldado de Primeira Classe,1,(nenhuma),0,false
49,Legislação Específica,Improbidade Administrativa,Fundatec,Brigada Militar RS - Soldado de Primeira Classe,2025,EXPLICACAO_GENERICA,"Considerando o expresso na Lei nº 8.429/1992 (conhecida como Lei de Improbidade Administrativa), assinale a al",Brigada Militar do Rio Grande do Sul — Soldado de Primeira Classe,1,(nenhuma),0,false
137,Legislação Específica,Improbidade Administrativa,Fundatec,SUSEPE RS - Agente Penitenciário Administrativo,2022,EXPLICACAO_INCOMPLETA,"Josué, agente público do Estado, permitiu que seu amigo, Salomão, utilizasse, na construção de sua casa, máqui",Brigada Militar do Rio Grande do Sul — Soldado de Primeira Classe,1,(nenhuma),0,false
361,Legislação Específica,Improbidade Administrativa,Fundatec,Corpo de Bombeiros Militar RS - Soldado de Primeira Classe,2025,EXPLICACAO_GENERICA,"De acordo com o disposto na Lei nº 8.429/1992 (conhecida como Lei de Improbidade Administrativa), assinale a a",Brigada Militar do Rio Grande do Sul — Soldado de Primeira Classe,1,(nenhuma),0,false
665,Legislação Específica,Improbidade Administrativa,Fundatec,Esc Pol (PC RS)/PC RS/2026,2026,EXPLICACAO_GENERICA,"Durante uma investigação criminal de furtos em estabelecimentos comerciais, diversos celulares foram apreendid",Brigada Militar do Rio Grande do Sul — Soldado de Primeira Classe,1,(nenhuma),0,false
666,Legislação Específica,Improbidade Administrativa,Fundatec,GM (Pref Araquari)/Pref Araquari/2026,2026,EXPLICACAO_GENERICA,"Maria, servidora pública do município de Araquari, permitiu dolosamente que se utilizasse, em serviço particul",Brigada Militar do Rio Grande do Sul — Soldado de Primeira Classe,1,(nenhuma),0,false
667,Legislação Específica,Improbidade Administrativa,Fundatec,GM (Pref Araquari)/Pref Araquari/2026,2026,EXPLICACAO_GENERICA,"São casos que configuram ato de improbidade administrativa que causa prejuízo ao erário: I. Nomear cônjuge, co",Brigada Militar do Rio Grande do Sul — Soldado de Primeira Classe,1,(nenhuma),0,false
668,Legislação Específica,Improbidade Administrativa,Fundatec,GM (Pref Araquari)/Pref Araquari/2026,2026,EXPLICACAO_GENERICA,"São atos de improbidade administrativa que importam enriquecimento ilícito, EXCETO:",Brigada Militar do Rio Grande do Sul — Soldado de Primeira Classe,1,(nenhuma),0,false
669,Legislação Específica,Improbidade Administrativa,Fundatec,GM (Pref Araquari)/Pref Araquari/2026,2026,EXPLICACAO_GENERICA,Geovana é cotista da empresa Sobretudos de Lã Ltda. A ela foi imputada prática de ato de improbidade à referid,Brigada Militar do Rio Grande do Sul — Soldado de Primeira Classe,1,(nenhuma),0,false
731,Legislação Específica,Improbidade Administrativa,Fundatec,GM (Pref Porto Alegre)/Pref Porto Alegre/2025,2025,EXPLICACAO_GENERICA,"Conforme a Lei de Improbidade Administrativa, analise as assertivas abaixo:I. Na responsabilização da pessoa j",Brigada Militar do Rio Grande do Sul — Soldado de Primeira Classe,1,(nenhuma),0,false
732,Legislação Específica,Improbidade Administrativa,Fundatec,Del Pol (PC RS)/PC RS/2025,2025,EXPLICACAO_GENERICA,Analise as assertivas abaixo conforme a Lei de Improbidade Administrativa (Lei nº 8.429/1992 e alterações post,Brigada Militar do Rio Grande do Sul — Soldado de Primeira Classe,1,(nenhuma),0,false
856,Legislação Específica,Improbidade Administrativa,Fundatec,Ag Sg Sc (SEJUSP MG)/SEJUSP MG/2022,2022,EXPLICACAO_GENERICA,"Com fundamento na Lei de Improbidade Administrativa, a ação dolosa que viole os deveres de honestidade, de imp",Brigada Militar do Rio Grande do Sul — Soldado de Primeira Classe,1,(nenhuma),0,false
857,Legislação Específica,Improbidade Administrativa,Fundatec,TA Pol Pen (PP RS)/PP RS/2022,2022,EXPLICACAO_GENERICA,"Josué, agente público do Estado, permitiu que seu amigo, Salomão, utilizasse, na construção de sua casa, máqui",Brigada Militar do Rio Grande do Sul — Soldado de Primeira Classe,1,(nenhuma),0,false
858,Legislação Específica,Improbidade Administrativa,Fundatec,Pol Pen (PP RS)/PP RS/2022,2022,EXPLICACAO_GENERICA,"Antônio, agente público do Estado, com vistas a ocultar irregularidades, de forma livre e consciente, deixou d",Brigada Militar do Rio Grande do Sul — Soldado de Primeira Classe,1,(nenhuma),0,false
859,Legislação Específica,Improbidade Administrativa,Fundatec,Pol Pen (PP RS)/PP RS/2022,2022,EXPLICACAO_GENERICA,"Roberval, agente penitenciário, faz parte da equipe que tem como atribuição a revista na entrada do Presídio o",Brigada Militar do Rio Grande do Sul — Soldado de Primeira Classe,1,(nenhuma),0,false
860,Legislação Específica,Improbidade Administrativa,Fundatec,Ana Pol Pen (PP RS)/PP RS/Direito/2022,2022,EXPLICACAO_GENERICA,"A Lei nº 8.429/1992, que dispõe sobre as sanções aplicáveis em virtude da prática de ato de improbidade admini",Brigada Militar do Rio Grande do Sul — Soldado de Primeira Classe,1,(nenhuma),0,false
195,Legislação Específica,Direito Administrativo,Papiro,PAPIRO - Estilo Fundatec - BM RS,2026,EXPLICACAO_INCOMPLETA,O princípio da legalidade administrativa significa que a Administração Pública:,Brigada Militar do Rio Grande do Sul — Soldado de Primeira Classe,1,(nenhuma),0,false
196,Legislação Específica,Direito Administrativo,Papiro,PAPIRO - Estilo Fundatec - BM RS,2026,EXPLICACAO_INCOMPLETA,Integra a Administração Pública indireta:,Brigada Militar do Rio Grande do Sul — Soldado de Primeira Classe,1,(nenhuma),0,false
197,Legislação Específica,Direito Administrativo,Papiro,PAPIRO - Estilo Fundatec - BM RS,2026,EXPLICACAO_INCOMPLETA,A autotutela administrativa permite à Administração:,Brigada Militar do Rio Grande do Sul — Soldado de Primeira Classe,1,(nenhuma),0,false
721,Legislação Específica,Direito Administrativo,Fundatec,GM (Pref Porto Alegre)/Pref Porto Alegre/2025,2025,EXPLICACAO_GENERICA,"De acordo com o art. 37 da CRFB, a Administração Pública direta e indireta obedecea alguns princípios. Quando ",Brigada Militar do Rio Grande do Sul — Soldado de Primeira Classe,1,(nenhuma),0,false
722,Legislação Específica,Direito Administrativo,Fundatec,GM (Pref Porto Nacional)/Pref Porto Nacional/2025,2025,EXPLICACAO_GENERICA,"Para todos os efeitos legais, o servidor da Prefeitura contratado e regido pela Consolidação das Leis do Traba",Brigada Militar do Rio Grande do Sul — Soldado de Primeira Classe,1,(nenhuma),0,false
774,Legislação Específica,Direito Administrativo,Fundatec,GM (Pref Foz do Iguaçu)/Pref Foz do Iguaçu/2024,2024,EXPLICACAO_GENERICA,Quando um chefe de Guarda Municipal estabelece os critérios para avaliar os integrantes e a execução das ativi,Brigada Militar do Rio Grande do Sul — Soldado de Primeira Classe,1,(nenhuma),0,false
796,Legislação Específica,Direito Administrativo,Fundatec,GM (Pref Imbé)/Pref Imbé/2023,2023,EXPLICACAO_GENERICA,"Conforme o disposto na Constituição Federal, qual o prazo de validade de um concurso público para o preenchime",Brigada Militar do Rio Grande do Sul — Soldado de Primeira Classe,1,(nenhuma),0,false
845,Legislação Específica,Direito Administrativo,Fundatec,Ana Pol Pen (PP RS)/PP RS/Ciências Contábeis/2022,2022,EXPLICACAO_GENERICA,São entidades que integram a Administração Indireta:,Brigada Militar do Rio Grande do Sul — Soldado de Primeira Classe,1,(nenhuma),0,false
198,Legislação Específica,Jurisprudência do STF e STJ,Papiro,PAPIRO - Estilo Fundatec - BM RS,2026,EXPLICACAO_INCOMPLETA,"Segundo a Súmula Vinculante nº 11 do STF, o uso de algemas:",Brigada Militar do Rio Grande do Sul — Soldado de Primeira Classe,1,(nenhuma),0,false
199,Legislação Específica,Jurisprudência do STF e STJ,Papiro,PAPIRO - Estilo Fundatec - BM RS,2026,EXPLICACAO_INCOMPLETA,"Conforme entendimento consolidado do STF, a entrada forçada em domicílio sem mandado judicial é lícita quando:",Brigada Militar do Rio Grande do Sul — Soldado de Primeira Classe,1,(nenhuma),0,false
200,Legislação Específica,Jurisprudência do STF e STJ,Papiro,PAPIRO - Estilo Fundatec - BM RS,2026,EXPLICACAO_INCOMPLETA,"Segundo a jurisprudência do STF, o princípio da presunção de inocência impede, como regra:",Brigada Militar do Rio Grande do Sul — Soldado de Primeira Classe,1,(nenhuma),0,false
670,Legislação Específica,Jurisprudência do STF e STJ,Fundatec,Esc Pol (PC RS)/PC RS/2026,2026,EXPLICACAO_GENERICA,"No contexto da proteção aos direitos fundamentais e do combate à discriminação, a homofobia e a transfobia pas",Brigada Militar do Rio Grande do Sul — Soldado de Primeira Classe,1,(nenhuma),0,false
733,Legislação Específica,Jurisprudência do STF e STJ,Fundatec,Del Pol (PC RS)/PC RS/2025,2025,EXPLICACAO_GENERICA,"A Constituição Federal, em sua parte dogmática, garante diversos direitos e também impõe deveres aos cidadãos,",Brigada Militar do Rio Grande do Sul — Soldado de Primeira Classe,1,(nenhuma),0,false
44,Legislação Específica,Atos administrativos,Fundatec,Brigada Militar RS - Soldado,2022,EXPLICACAO_GENERICA,"Segundo Hely Lopes Meirelles, NÃO é requisito do ato administrativo:",Brigada Militar do Rio Grande do Sul — Soldado de Primeira Classe,1,(nenhuma),0,false
267,Legislação Específica,Atos administrativos,Papiro,PAPIRO - Adaptada do padrão Fundatec 2025/2026,2026,EXPLICACAO_INCOMPLETA,"Quanto aos atributos dos atos administrativos, a presunção de legitimidade significa que:",Brigada Militar do Rio Grande do Sul — Soldado de Primeira Classe,1,(nenhuma),0,false
268,Legislação Específica,Atos administrativos,Papiro,PAPIRO - Adaptada do padrão Fundatec 2025/2026,2026,EXPLICACAO_INCOMPLETA,"A revogação de um ato administrativo válido decorre, em regra, de:",Brigada Militar do Rio Grande do Sul — Soldado de Primeira Classe,1,(nenhuma),0,false
358,Legislação Específica,Atos administrativos,Fundatec,Corpo de Bombeiros Militar RS - Soldado de Primeira Classe,2025,EXPLICACAO_GENERICA,"Sobre os atributos dos atos administrativos, assinale a alternativa correta.",Brigada Militar do Rio Grande do Sul — Soldado de Primeira Classe,1,(nenhuma),0,false
646,Legislação Específica,Atos administrativos,Fundatec,Esc Pol (PC RS)/PC RS/2026,2026,EXPLICACAO_GENERICA,"O delegado regional de polícia elabora uma nova escala de plantão para as equipes da delegacia, mas limita-se ",Brigada Militar do Rio Grande do Sul — Soldado de Primeira Classe,1,(nenhuma),0,false
714,Legislação Específica,Atos administrativos,Fundatec,Del Pol (PC RS)/PC RS/2025,2025,EXPLICACAO_GENERICA,"No que tange aos atos administrativos, assinale a alternativa INCORRETA.",Brigada Militar do Rio Grande do Sul — Soldado de Primeira Classe,1,(nenhuma),0,false
840,Legislação Específica,Atos administrativos,Fundatec,Ag Sg Sc (SEJUSP MG)/SEJUSP MG/2022,2022,EXPLICACAO_GENERICA,"De acordo com os termos da Lei nº 9.784/1999, que regula o processo administrativo no âmbito da Administração ",Brigada Militar do Rio Grande do Sul — Soldado de Primeira Classe,1,(nenhuma),0,false
841,Legislação Específica,Atos administrativos,Fundatec,Ana Pol Pen (PP RS)/PP RS/Direito/2022,2022,EXPLICACAO_GENERICA,"O ato administrativo é caracterizado pela presença de determinados atributos, dentre os quais, a autorização p",Brigada Militar do Rio Grande do Sul — Soldado de Primeira Classe,1,(nenhuma),0,false
50,Legislação Específica,Estatuto do Desarmamento,Fundatec,Brigada Militar RS - Soldado de Primeira Classe,2025,EXPLICACAO_GENERICA,"De acordo com o expressamente previsto na Lei nº 10.826/2003 (conhecida como Estatuto do Desarmamento), analis",Brigada Militar do Rio Grande do Sul — Soldado de Primeira Classe,1,(nenhuma),0,false
142,Legislação Específica,Estatuto do Desarmamento,Fundatec,SUSEPE RS - Agente Penitenciário Administrativo,2022,EXPLICACAO_INCOMPLETA,A Lei nº 10.826/2003 determina ser obrigatório o registro de arma de fogo no órgão competente e estabelece que,Brigada Militar do Rio Grande do Sul — Soldado de Primeira Classe,1,(nenhuma),0,false
299,Legislação Específica,Estatuto do Desarmamento,Papiro,PAPIRO - Adaptada do padrão Fundatec 2025/2026,2026,EXPLICACAO_INCOMPLETA,Portar arma de fogo de uso permitido sem autorização e em desacordo com determinação legal ou regulamentar con,Brigada Militar do Rio Grande do Sul — Soldado de Primeira Classe,1,(nenhuma),0,false
664,Legislação Específica,Estatuto do Desarmamento,Fundatec,Esc Pol (PC RS)/PC RS/2026,2026,EXPLICACAO_GENERICA,"Durante cumprimento de mandado de busca domiciliar regularmente expedido, policiais civis localizaram, no inte",Brigada Militar do Rio Grande do Sul — Soldado de Primeira Classe,1,(nenhuma),0,false
728,Legislação Específica,Estatuto do Desarmamento,Fundatec,GM (Pref Porto Alegre)/Pref Porto Alegre/2025,2025,EXPLICACAO_GENERICA,"Um integrante da guarda municipal do Município, possuidor de todas as qualificações, registros e documentos re",Brigada Militar do Rio Grande do Sul — Soldado de Primeira Classe,1,(nenhuma),0,false
729,Legislação Específica,Estatuto do Desarmamento,Fundatec,Del Pol (PC RS)/PC RS/2025,2025,EXPLICACAO_GENERICA,"Indivíduo A, em situação de grave ameaça à sua integridade física, saca da cintura de um segurança de centro c",Brigada Militar do Rio Grande do Sul — Soldado de Primeira Classe,1,(nenhuma),0,false
730,Legislação Específica,Estatuto do Desarmamento,Fundatec,Del Pol (PC RS)/PC RS/2025,2025,EXPLICACAO_GENERICA,"A Polícia Civil, ao comparecer a um local de homicídio, localiza uma arma de fogo com a numeração suprimida, p",Brigada Militar do Rio Grande do Sul — Soldado de Primeira Classe,1,(nenhuma),0,false
776,Legislação Específica,Estatuto do Desarmamento,Fundatec,GM (Pref Foz do Iguaçu)/Pref Foz do Iguaçu/2024,2024,EXPLICACAO_GENERICA,"A Lei nº 10.826/2003 instituiu o Sistema Nacional de Armas (Sinarm) no Ministério da Justiça, que tem circunsc",Brigada Militar do Rio Grande do Sul — Soldado de Primeira Classe,1,(nenhuma),0,false
777,Legislação Específica,Estatuto do Desarmamento,Fundatec,GCM (Pref Bagé)/Pref Bagé/2024,2024,EXPLICACAO_GENERICA,"A Lei nº 10.826/2003 dispõe sobre o registro, a posse e a comercialização de armas de fogo e munição. Segundo ",Brigada Militar do Rio Grande do Sul — Soldado de Primeira Classe,1,(nenhuma),0,false
853,Legislação Específica,Estatuto do Desarmamento,Fundatec,TA Pol Pen (PP RS)/PP RS/2022,2022,EXPLICACAO_GENERICA,"A Lei Federal nº 10.826/2003 dispõe sobre registro, posse e comercialização de armas de fogo e munição, sobre ",Brigada Militar do Rio Grande do Sul — Soldado de Primeira Classe,1,(nenhuma),0,false
854,Legislação Específica,Estatuto do Desarmamento,Fundatec,Pol Pen (PP RS)/PP RS/2022,2022,EXPLICACAO_GENERICA,"De acordo com a Lei nº 10.826/2003, é vedado ao menor de ________ anos adquirir arma de fogo, ressalvados os c",Brigada Militar do Rio Grande do Sul — Soldado de Primeira Classe,1,(nenhuma),0,false
855,Legislação Específica,Estatuto do Desarmamento,Fundatec,Pol Pen (PP RS)/PP RS/2022,2022,EXPLICACAO_GENERICA,"Genésio, integrante do quadro efetivo de agente prisional, recebeu voz de prisão em flagrante, ao ser surpreen",Brigada Militar do Rio Grande do Sul — Soldado de Primeira Classe,1,(nenhuma),0,false
204,Legislação Específica,Poder de Polícia,Papiro,PAPIRO - Estilo Fundatec - BM RS,2026,EXPLICACAO_INCOMPLETA,Poder de polícia é a atividade administrativa que:,Brigada Militar do Rio Grande do Sul — Soldado de Primeira Classe,1,(nenhuma),0,false
205,Legislação Específica,Poder de Polícia,Papiro,PAPIRO - Estilo Fundatec - BM RS,2026,EXPLICACAO_INCOMPLETA,"São atributos tradicionalmente associados ao poder de polícia, conforme o caso:",Brigada Militar do Rio Grande do Sul — Soldado de Primeira Classe,1,(nenhuma),0,false
206,Legislação Específica,Poder de Polícia,Papiro,PAPIRO - Estilo Fundatec - BM RS,2026,EXPLICACAO_INCOMPLETA,A atuação do poder de polícia deve observar:,Brigada Militar do Rio Grande do Sul — Soldado de Primeira Classe,1,(nenhuma),0,false
871,Legislação Específica,Poder de Polícia,Fundatec,Ana Pol Pen (PP RS)/PP RS/Direito/2022,2022,EXPLICACAO_GENERICA,NÃO representa exemplo de exercício do poder de polícia da Administração Pública:,Brigada Militar do Rio Grande do Sul — Soldado de Primeira Classe,1,(nenhuma),0,false
48,Legislação Específica,Constituição Federal de 1988,Fundatec,Brigada Militar RS - Soldado de Primeira Classe,2025,EXPLICACAO_GENERICA,"De acordo com a Constituição Federal de 1988, a administração pública direta e indireta de qualquer dos Podere",Brigada Militar do Rio Grande do Sul — Soldado de Primeira Classe,1,(nenhuma),0,false
111,Legislação Específica,Constituição Federal de 1988,Fundatec,Brigada Militar RS - Soldado Nível III,2022,EXPLICACAO_INCOMPLETA,"Em relação à organização do Estado, a Constituição Federal traça regras de competência, estabelecendo ser comp",Brigada Militar do Rio Grande do Sul — Soldado de Primeira Classe,1,(nenhuma),0,false
296,Legislação Específica,Constituição Federal de 1988,Papiro,PAPIRO - Adaptada do padrão Fundatec 2025/2026,2026,EXPLICACAO_INCOMPLETA,A República Federativa do Brasil constitui-se em:,Brigada Militar do Rio Grande do Sul — Soldado de Primeira Classe,1,(nenhuma),0,false
327,Legislação Específica,Constituição Federal de 1988,Fundatec,Guarda Municipal de Esteio/RS,2022,EXPLICACAO_INCOMPLETA,"Segundo disposto na Constituição Federal de 1988 sobre o tema da Nacionalidade, assinale a alternativa INCORRE",Brigada Militar do Rio Grande do Sul — Soldado de Primeira Classe,1,(nenhuma),0,false
647,Legislação Específica,Constituição Federal de 1988,Fundatec,Esc Pol (PC RS)/PC RS/2026,2026,EXPLICACAO_GENERICA,"O poder constituinte decorrente, previsto pela Constituição Federal, refere-se ao(à):",Brigada Militar do Rio Grande do Sul — Soldado de Primeira Classe,1,(nenhuma),0,false
649,Legislação Específica,Constituição Federal de 1988,Fundatec,GM (Pref Gravataí)/Pref Gravataí/2026,2026,EXPLICACAO_GENERICA,"Conforme dispõe a Constituição Federal, a União possui três Poderes: Executivo, Legislativo, Judiciário. Esses",Brigada Militar do Rio Grande do Sul — Soldado de Primeira Classe,1,(nenhuma),0,false
650,Legislação Específica,Constituição Federal de 1988,Fundatec,GM (Pref Gravataí)/Pref Gravataí/2026,2026,EXPLICACAO_GENERICA,A prefeitura do município de Viva Feliz pretende realizar um concurso público para investidura no cargo de gua,Brigada Militar do Rio Grande do Sul — Soldado de Primeira Classe,1,(nenhuma),0,false
651,Legislação Específica,Constituição Federal de 1988,Fundatec,GM (Pref Araquari)/Pref Araquari/2026,2026,EXPLICACAO_GENERICA,"São fundamentos da República Federativa do Brasil expressamente previstos pela Constituição Federal, EXCETO:",Brigada Militar do Rio Grande do Sul — Soldado de Primeira Classe,1,(nenhuma),0,false
652,Legislação Específica,Constituição Federal de 1988,Fundatec,GM (Pref Araquari)/Pref Araquari/2026,2026,EXPLICACAO_GENERICA,"Considerando o disposto no art. 12 da Constituição Federal, assinale a alternativa que descreve corretamente q",Brigada Militar do Rio Grande do Sul — Soldado de Primeira Classe,1,(nenhuma),0,false
653,Legislação Específica,Constituição Federal de 1988,Fundatec,GM (Pref Araquari)/Pref Araquari/2026,2026,EXPLICACAO_GENERICA,"O art. 37 da Constituição Federal, além de enunciar princípios expressos aos quais a administração pública dev",Brigada Militar do Rio Grande do Sul — Soldado de Primeira Classe,1,(nenhuma),0,false
716,Legislação Específica,Constituição Federal de 1988,Fundatec,GM (Pref Porto Alegre)/Pref Porto Alegre/2025,2025,EXPLICACAO_GENERICA,"Conforme dispõe a CRFB, a União possui Poderes independentes e harmônicos entre si. Assinale a alternativa que",Brigada Militar do Rio Grande do Sul — Soldado de Primeira Classe,1,(nenhuma),0,false
717,Legislação Específica,Constituição Federal de 1988,Fundatec,Del Pol (PC RS)/PC RS/2025,2025,EXPLICACAO_GENERICA,"Segundo a normatização constitucional atual, assinale a alternativa correta no que se refere à administração p",Brigada Militar do Rio Grande do Sul — Soldado de Primeira Classe,1,(nenhuma),0,false
773,Legislação Específica,Constituição Federal de 1988,Fundatec,Arm (Pref Bagé)/Pref Bagé/2024,2024,EXPLICACAO_GENERICA,"A Constituição Federal, em seu Art. 38, dispõe que ao servidor público da administração direta, autárquica e f",Brigada Militar do Rio Grande do Sul — Soldado de Primeira Classe,1,(nenhuma),0,false
794,Legislação Específica,Constituição Federal de 1988,Fundatec,GM (Pref Imbé)/Pref Imbé/2023,2023,EXPLICACAO_GENERICA,"A Constituição da República Federativa do Brasil, no seu Art. 1º, trata sobre o Estado Democrático de Direito ",Brigada Militar do Rio Grande do Sul — Soldado de Primeira Classe,1,(nenhuma),0,false
46,Legislação Específica,Direitos e Garantias Fundamentais,Fundatec,Brigada Militar RS - Soldado de Primeira Classe,2025,EXPLICACAO_GENERICA,A respeito dos Direitos e Garantias Fundamentais à luz de sua previsão expressa na Constituição Federal de 198,Brigada Militar do Rio Grande do Sul — Soldado de Primeira Classe,1,(nenhuma),0,false
112,Legislação Específica,Direitos e Garantias Fundamentais,Fundatec,Brigada Militar RS - Soldado Nível III,2022,EXPLICACAO_INCOMPLETA,"Sobre os direitos fundamentais, previstos na Constituição Federal, assinale a alternativa correta.",Brigada Militar do Rio Grande do Sul — Soldado de Primeira Classe,1,(nenhuma),0,false
298,Legislação Específica,Direitos e Garantias Fundamentais,Papiro,PAPIRO - Adaptada do padrão Fundatec 2025/2026,2026,EXPLICACAO_INCOMPLETA,"A casa é asilo inviolável do indivíduo, podendo haver ingresso sem consentimento do morador, entre outras hipó",Brigada Militar do Rio Grande do Sul — Soldado de Primeira Classe,1,(nenhuma),0,false
326,Legislação Específica,Direitos e Garantias Fundamentais,Fundatec,Guarda Municipal de Esteio/RS,2022,EXPLICACAO_INCOMPLETA,"Sobre o prisma da Constituição Federal de 1988, analise as assertivas: ( ) É inviolável o sigilo da correspond",Brigada Militar do Rio Grande do Sul — Soldado de Primeira Classe,1,(nenhuma),0,false
657,Legislação Específica,Direitos e Garantias Fundamentais,Fundatec,Esc Pol (PC RS)/PC RS/2026,2026,EXPLICACAO_GENERICA,"Notoriamente, as delegacias de polícia são órgãos públicos procurados para diversas orientações de distintas n",Brigada Militar do Rio Grande do Sul — Soldado de Primeira Classe,1,(nenhuma),0,false
658,Legislação Específica,Direitos e Garantias Fundamentais,Fundatec,Esc Pol (PC RS)/PC RS/2026,2026,EXPLICACAO_GENERICA,"Um policial civil está trabalhando na investigação de crime de extorsão mediante sequestro, recentemente ocorr",Brigada Militar do Rio Grande do Sul — Soldado de Primeira Classe,1,(nenhuma),0,false
659,Legislação Específica,Direitos e Garantias Fundamentais,Fundatec,GM (Pref Gravataí)/Pref Gravataí/2026,2026,EXPLICACAO_GENERICA,Um grupo de pessoas se reuniu na praça central de uma cidade e passou a realizar discursos em defesa do nudism,Brigada Militar do Rio Grande do Sul — Soldado de Primeira Classe,1,(nenhuma),0,false
660,Legislação Específica,Direitos e Garantias Fundamentais,Fundatec,GM (Pref Araquari)/Pref Araquari/2026,2026,EXPLICACAO_GENERICA,Mário professa determinada religião e se encontra em entidade militar de internação coletiva. Ele pretende rec,Brigada Militar do Rio Grande do Sul — Soldado de Primeira Classe,1,(nenhuma),0,false
661,Legislação Específica,Direitos e Garantias Fundamentais,Fundatec,GM (Pref Araquari)/Pref Araquari/2026,2026,EXPLICACAO_GENERICA,Paula é cidadã brasileira e deseja se reunir com as suas amigas em local aberto ao público para realizar uma m,Brigada Militar do Rio Grande do Sul — Soldado de Primeira Classe,1,(nenhuma),0,false
662,Legislação Específica,Direitos e Garantias Fundamentais,Fundatec,GM (Pref Araquari)/Pref Araquari/2026,2026,EXPLICACAO_GENERICA,"Considerando as disposições da Constituição Federal sobre direito penal e processo penal, assinale a alternati",Brigada Militar do Rio Grande do Sul — Soldado de Primeira Classe,1,(nenhuma),0,false
663,Legislação Específica,Direitos e Garantias Fundamentais,Fundatec,GM (Pref Araquari)/Pref Araquari/2026,2026,EXPLICACAO_GENERICA,"Considerando as disposições da Constituição Federal, assinale a alternativa que indica o remédio constituciona",Brigada Militar do Rio Grande do Sul — Soldado de Primeira Classe,1,(nenhuma),0,false
723,Legislação Específica,Direitos e Garantias Fundamentais,Fundatec,GM (Pref Porto Alegre)/Pref Porto Alegre/2025,2025,EXPLICACAO_GENERICA,"O art. 5º da CRFB, que trata dos Direitos e Deveres Individuais e Coletivos, entre outras garantias fundamenta",Brigada Militar do Rio Grande do Sul — Soldado de Primeira Classe,1,(nenhuma),0,false
724,Legislação Específica,Direitos e Garantias Fundamentais,Fundatec,GM (Pref Porto Alegre)/Pref Porto Alegre/2025,2025,EXPLICACAO_GENERICA,"Conforme a CRFB, em qual das situações abaixo uma pessoa pode penetrar em casa alheia sem consentimento do mor",Brigada Militar do Rio Grande do Sul — Soldado de Primeira Classe,1,(nenhuma),0,false
725,Legislação Específica,Direitos e Garantias Fundamentais,Fundatec,GM (Pref Porto Alegre)/Pref Porto Alegre/2025,2025,EXPLICACAO_GENERICA,"Foi verificada a ocorrência de um estupro em uma residência, e os vizinhos pediram ajuda à guarda municipal, p",Brigada Militar do Rio Grande do Sul — Soldado de Primeira Classe,1,(nenhuma),0,false
726,Legislação Específica,Direitos e Garantias Fundamentais,Fundatec,Per Crim (IGP RS)/IGP RS/Contabilidade e Economia/2025,2025,EXPLICACAO_GENERICA,"Considerando o disposto na Constituição Federal, assinale a alternativa INCORRETA.",Brigada Militar do Rio Grande do Sul — Soldado de Primeira Classe,1,(nenhuma),0,false
727,Legislação Específica,Direitos e Garantias Fundamentais,Fundatec,Tec Per (IGP RS)/IGP RS/Técnico em Química/2025,2025,EXPLICACAO_GENERICA,"A respeito dos direitos e deveres individuais, e sua previsão constitucional, assinale a alternativa INCORRETA",Brigada Militar do Rio Grande do Sul — Soldado de Primeira Classe,1,(nenhuma),0,false
775,Legislação Específica,Direitos e Garantias Fundamentais,Fundatec,GM (Pref Foz do Iguaçu)/Pref Foz do Iguaçu/2024,2024,EXPLICACAO_GENERICA,"A Constituição da República Federativa do Brasil dispõe, no Art. 5º, que todos são iguais perante a lei, sem d",Brigada Militar do Rio Grande do Sul — Soldado de Primeira Classe,1,(nenhuma),0,false
797,Legislação Específica,Direitos e Garantias Fundamentais,Fundatec,GCM (Uruguaiana)/Pref Uruguaiana/2023,2023,EXPLICACAO_GENERICA,"Com base na Constituição Federal, analise as assertivas abaixo, assinalando V, se verdadeiras, ou F, se falsas",Brigada Militar do Rio Grande do Sul — Soldado de Primeira Classe,1,(nenhuma),0,false
846,Legislação Específica,Direitos e Garantias Fundamentais,Fundatec,Ag Sg Sc (SEJUSP MG)/SEJUSP MG/2022,2022,EXPLICACAO_GENERICA,"Tendo como parâmetro a Constituição Federal, analise as assertivas abaixo, assinalando V, se verdadeiras, ou F",Brigada Militar do Rio Grande do Sul — Soldado de Primeira Classe,1,(nenhuma),0,false
847,Legislação Específica,Direitos e Garantias Fundamentais,Fundatec,TA Pol Pen (PP RS)/PP RS/2022,2022,EXPLICACAO_GENERICA,"Em relação aos Direitos e Garantias Fundamentais, previstos na Constituição Federal, assinale a alternativa IN",Brigada Militar do Rio Grande do Sul — Soldado de Primeira Classe,1,(nenhuma),0,false
848,Legislação Específica,Direitos e Garantias Fundamentais,Fundatec,TA Pol Pen (PP RS)/PP RS/2022,2022,EXPLICACAO_GENERICA,"Nos termos da Constituição Federal, não haverá pena _____________, salvo em caso de guerra declarada. Assinale",Brigada Militar do Rio Grande do Sul — Soldado de Primeira Classe,1,(nenhuma),0,false
849,Legislação Específica,Direitos e Garantias Fundamentais,Fundatec,Pol Pen (PP RS)/PP RS/2022,2022,EXPLICACAO_GENERICA,"Em relação à literalidade do texto Constitucional, analise as assertivas abaixo: I. Às presidiárias serão asse",Brigada Militar do Rio Grande do Sul — Soldado de Primeira Classe,1,(nenhuma),0,false
43,Legislação Específica,Lei de Organização Básica da Brigada Militar,Fundatec,Brigada Militar RS - Soldado,2022,EXPLICACAO_GENERICA,"Considerando o disposto na Lei Estadual nº 10.991/1997, que dispõe sobre a Organização Básica da Brigada Milit",Brigada Militar do Rio Grande do Sul — Soldado de Primeira Classe,1,(nenhuma),0,false
271,Legislação Específica,Lei de Organização Básica da Brigada Militar,Papiro,PAPIRO - Adaptada do padrão Fundatec 2025/2026,2026,EXPLICACAO_INCOMPLETA,A Lei de Organização Básica da Brigada Militar disciplina principalmente:,Brigada Militar do Rio Grande do Sul — Soldado de Primeira Classe,1,(nenhuma),0,false
272,Legislação Específica,Lei de Organização Básica da Brigada Militar,Papiro,PAPIRO - Adaptada do padrão Fundatec 2025/2026,2026,EXPLICACAO_INCOMPLETA,"No âmbito da organização básica da Brigada Militar, a estrutura interna deve observar:",Brigada Militar do Rio Grande do Sul — Soldado de Primeira Classe,1,(nenhuma),0,false
210,Legislação Específica,Regulamento Disciplinar da Brigada Militar,Papiro,PAPIRO - Estilo Fundatec - BM RS,2026,EXPLICACAO_INCOMPLETA,O Regulamento Disciplinar da Brigada Militar tem por finalidade central:,Brigada Militar do Rio Grande do Sul — Soldado de Primeira Classe,1,(nenhuma),0,false
211,Legislação Específica,Regulamento Disciplinar da Brigada Militar,Papiro,PAPIRO - Estilo Fundatec - BM RS,2026,EXPLICACAO_INCOMPLETA,"Na aplicação de sanções disciplinares militares, devem ser observados:",Brigada Militar do Rio Grande do Sul — Soldado de Primeira Classe,1,(nenhuma),0,false
212,Legislação Específica,Regulamento Disciplinar da Brigada Militar,Papiro,PAPIRO - Estilo Fundatec - BM RS,2026,EXPLICACAO_INCOMPLETA,"Hierarquia e disciplina, no contexto do regulamento disciplinar militar, são:",Brigada Militar do Rio Grande do Sul — Soldado de Primeira Classe,1,(nenhuma),0,false
368,Legislação Específica,Regulamento Disciplinar da Brigada Militar,Fundatec,Corpo de Bombeiros Militar RS - Soldado de Primeira Classe,2025,EXPLICACAO_GENERICA,"Considerando o referido Regulamento, assinale a alternativa INCORRETA.",Brigada Militar do Rio Grande do Sul — Soldado de Primeira Classe,1,(nenhuma),0,false
369,Legislação Específica,Regulamento Disciplinar da Brigada Militar,Fundatec,Corpo de Bombeiros Militar RS - Soldado de Primeira Classe,2025,EXPLICACAO_GENERICA,"De acordo com o disposto no referido Regulamento, assinale a alternativa correta.",Brigada Militar do Rio Grande do Sul — Soldado de Primeira Classe,1,(nenhuma),0,false
370,Legislação Específica,Regulamento Disciplinar da Brigada Militar,Fundatec,Corpo de Bombeiros Militar RS - Soldado de Primeira Classe,2025,EXPLICACAO_GENERICA,"A respeito do processo administrativo disciplinar militar previsto no referido Regulamento, assinale a alterna",Brigada Militar do Rio Grande do Sul — Soldado de Primeira Classe,1,(nenhuma),0,false
47,Legislação Específica,Defesa do Estado e das Instituições Democráticas,Fundatec,Brigada Militar RS - Soldado de Primeira Classe,2025,EXPLICACAO_GENERICA,"De acordo com a previsão constitucional acerca da defesa do Estado e das instituições democráticas, assinale a",Brigada Militar do Rio Grande do Sul — Soldado de Primeira Classe,1,(nenhuma),0,false
113,Legislação Específica,Defesa do Estado e das Instituições Democráticas,Fundatec,Brigada Militar RS - Soldado Nível III,2022,EXPLICACAO_GENERICA,"No que concerne à defesa do Estado e das Instituições Democráticas, conforme previsão constitucional, assinale",Brigada Militar do Rio Grande do Sul — Soldado de Primeira Classe,1,(nenhuma),0,false
297,Legislação Específica,Defesa do Estado e das Instituições Democráticas,Papiro,PAPIRO - Adaptada do padrão Fundatec 2025/2026,2026,EXPLICACAO_INCOMPLETA,"A segurança pública, nos termos da Constituição Federal, é:",Brigada Militar do Rio Grande do Sul — Soldado de Primeira Classe,1,(nenhuma),0,false
654,Legislação Específica,Defesa do Estado e das Instituições Democráticas,Fundatec,GM (Pref Araquari)/Pref Araquari/2026,2026,EXPLICACAO_GENERICA,"De acordo com a Constituição Federal, são competências atribuídas ao Conselho da República, órgão superior de ",Brigada Militar do Rio Grande do Sul — Soldado de Primeira Classe,1,(nenhuma),0,false
655,Legislação Específica,Defesa do Estado e das Instituições Democráticas,Fundatec,GM (Pref Araquari)/Pref Araquari/2026,2026,EXPLICACAO_GENERICA,"Considerando as disposições constitucionais sobre as forças armadas, assinale a alternativa correta.",Brigada Militar do Rio Grande do Sul — Soldado de Primeira Classe,1,(nenhuma),0,false
656,Legislação Específica,Defesa do Estado e das Instituições Democráticas,Fundatec,GM (Pref Araquari)/Pref Araquari/2026,2026,EXPLICACAO_GENERICA,O Presidente da República decretou estado de defesa para preservar a ordem pública ameaçada por grave e iminen,Brigada Militar do Rio Grande do Sul — Soldado de Primeira Classe,1,(nenhuma),0,false
54,Legislação Específica,Estatuto Nacional da Igualdade Racial,Fundatec,Brigada Militar RS - Soldado de Primeira Classe,2025,EXPLICACAO_GENERICA,"Em conformidade com o expresso na Lei nº 12.288/2010 (Estatuto da Igualdade Racial), assinale a alternativa IN",Brigada Militar do Rio Grande do Sul — Soldado de Primeira Classe,1,(nenhuma),0,false
135,Legislação Específica,Estatuto Nacional da Igualdade Racial,Fundatec,SUSEPE RS - Agente Penitenciário Administrativo,2022,EXPLICACAO_INCOMPLETA,"Relativamente à Lei nº 12.288/2010, que institui o Estatuto Nacional da Igualdade Racial e assegura direitos à",Brigada Militar do Rio Grande do Sul — Soldado de Primeira Classe,1,(nenhuma),0,false
302,Legislação Específica,Estatuto Nacional da Igualdade Racial,Papiro,PAPIRO - Adaptada do padrão Fundatec 2025/2026,2026,EXPLICACAO_INCOMPLETA,O Estatuto Nacional da Igualdade Racial destina-se a garantir à população negra:,Brigada Militar do Rio Grande do Sul — Soldado de Primeira Classe,1,(nenhuma),0,false
348,Legislação Específica,Estatuto Nacional da Igualdade Racial,Fundatec,Corpo de Bombeiros Militar RS - Soldado de Primeira Classe,2025,EXPLICACAO_GENERICA,"De acordo com a Lei nº 12.288/2010 (conhecida como Estatuto Nacional da Igualdade Racial), assinale a alternat",Brigada Militar do Rio Grande do Sul — Soldado de Primeira Classe,1,(nenhuma),0,false
350,Legislação Específica,Estatuto Nacional da Igualdade Racial,Fundatec,Corpo de Bombeiros Militar RS - Soldado de Primeira Classe,2025,EXPLICACAO_GENERICA,"Conforme o preconizado na Lei nº 12.288/2010 (conhecida como Estatuto Nacional da Igualdade Racial), relacione",Brigada Militar do Rio Grande do Sul — Soldado de Primeira Classe,1,(nenhuma),0,false
213,Legislação Específica,Responsabilidade civil do Estado,Papiro,PAPIRO - Estilo Fundatec - BM RS,2026,EXPLICACAO_INCOMPLETA,"Nos termos da Constituição Federal, a responsabilidade civil das pessoas jurídicas de direito público pelos da",Brigada Militar do Rio Grande do Sul — Soldado de Primeira Classe,1,(nenhuma),0,false
214,Legislação Específica,Responsabilidade civil do Estado,Papiro,PAPIRO - Estilo Fundatec - BM RS,2026,EXPLICACAO_INCOMPLETA,A ação regressiva do Estado contra o agente público que causou o dano exige:,Brigada Militar do Rio Grande do Sul — Soldado de Primeira Classe,1,(nenhuma),0,false
215,Legislação Específica,Responsabilidade civil do Estado,Papiro,PAPIRO - Estilo Fundatec - BM RS,2026,EXPLICACAO_INCOMPLETA,"Na responsabilidade objetiva do Estado, a vítima deve demonstrar, em regra:",Brigada Militar do Rio Grande do Sul — Soldado de Primeira Classe,1,(nenhuma),0,false
201,Legislação Específica,Plano de Carreira dos Servidores Militares,Papiro,PAPIRO - Estilo Fundatec - BM RS,2026,EXPLICACAO_INCOMPLETA,"No estudo do plano de carreira dos servidores militares estaduais, a progressão funcional deve observar:",Brigada Militar do Rio Grande do Sul — Soldado de Primeira Classe,1,(nenhuma),0,false
202,Legislação Específica,Plano de Carreira dos Servidores Militares,Papiro,PAPIRO - Estilo Fundatec - BM RS,2026,EXPLICACAO_INCOMPLETA,"O plano de carreira militar organiza, entre outros aspectos:",Brigada Militar do Rio Grande do Sul — Soldado de Primeira Classe,1,(nenhuma),0,false
203,Legislação Específica,Plano de Carreira dos Servidores Militares,Papiro,PAPIRO - Estilo Fundatec - BM RS,2026,EXPLICACAO_INCOMPLETA,A promoção na carreira militar estadual:,Brigada Militar do Rio Grande do Sul — Soldado de Primeira Classe,1,(nenhuma),0,false
364,Legislação Específica,Plano de Carreira dos Servidores Militares,Fundatec,Corpo de Bombeiros Militar RS - Soldado de Primeira Classe,2025,EXPLICACAO_GENERICA,"Considere o disposto na Lei Complementar n º 10.992/1997, que dispõe sobre a carreira dos Servidores Militares",Brigada Militar do Rio Grande do Sul — Soldado de Primeira Classe,1,(nenhuma),0,false
143,Legislação Específica,Lei de Drogas,Fundatec,SUSEPE RS - Agente Penitenciário Administrativo,2022,EXPLICACAO_INCOMPLETA,"Nos termos da Lei nº 11.343/2006, quem adquirir, guardar, tiver em depósito, transportar ou trouxer consigo, p",Brigada Militar do Rio Grande do Sul — Soldado de Primeira Classe,1,(nenhuma),0,false
269,Legislação Específica,Lei de Drogas,Papiro,PAPIRO - Adaptada do padrão Fundatec 2025/2026,2026,EXPLICACAO_INCOMPLETA,"Nos termos da Lei nº 11.343/2006, quem adquire, guarda, tem em depósito, transporta ou traz consigo droga para",Brigada Militar do Rio Grande do Sul — Soldado de Primeira Classe,1,(nenhuma),0,false
270,Legislação Específica,Lei de Drogas,Papiro,PAPIRO - Adaptada do padrão Fundatec 2025/2026,2026,EXPLICACAO_INCOMPLETA,"Para diferenciar porte para consumo pessoal e tráfico, o juiz deve considerar, entre outros elementos:",Brigada Militar do Rio Grande do Sul — Soldado de Primeira Classe,1,(nenhuma),0,false
674,Legislação Específica,Lei de Drogas,Fundatec,Esc Pol (PC RS)/PC RS/2026,2026,EXPLICACAO_GENERICA,Assinale a alternativa INCORRETA.,Brigada Militar do Rio Grande do Sul — Soldado de Primeira Classe,1,(nenhuma),0,false
740,Legislação Específica,Lei de Drogas,Fundatec,GM (Pref Porto Alegre)/Pref Porto Alegre/2025,2025,EXPLICACAO_GENERICA,"Durante sua atividade de proteção ao patrimônio em um parque municipal com grande área de vegetação, um guarda",Brigada Militar do Rio Grande do Sul — Soldado de Primeira Classe,1,(nenhuma),0,false
741,Legislação Específica,Lei de Drogas,Fundatec,GM (Pref Porto Alegre)/Pref Porto Alegre/2025,2025,EXPLICACAO_GENERICA,"Conforme a Lei nº 11.343/2006, para atender à finalidade de articular, integrar, organizar e coordenar as ativ",Brigada Militar do Rio Grande do Sul — Soldado de Primeira Classe,1,(nenhuma),0,false
742,Legislação Específica,Lei de Drogas,Fundatec,Del Pol (PC RS)/PC RS/2025,2025,EXPLICACAO_GENERICA,"Segundo a Lei de Drogas (Lei nº 11.343/2006) e seus crimes, analise as assertivas abaixo: I. O crime de tráfic",Brigada Militar do Rio Grande do Sul — Soldado de Primeira Classe,1,(nenhuma),0,false
781,Legislação Específica,Lei de Drogas,Fundatec,GM (Pref Foz do Iguaçu)/Pref Foz do Iguaçu/2024,2024,EXPLICACAO_GENERICA,"Ao atuar na verificação de um acidente de trânsito em via urbana, o guarda municipal encontrou junto ao acompa",Brigada Militar do Rio Grande do Sul — Soldado de Primeira Classe,1,(nenhuma),0,false
782,Legislação Específica,Lei de Drogas,Fundatec,GM (Pref Foz do Iguaçu)/Pref Foz do Iguaçu/2024,2024,EXPLICACAO_GENERICA,"A Lei nº 11.343/2006 prescreve medidas para prevenção do uso indevido, atenção e reinserção social de usuários",Brigada Militar do Rio Grande do Sul — Soldado de Primeira Classe,1,(nenhuma),0,false
783,Legislação Específica,Lei de Drogas,Fundatec,GCM (Pref Bagé)/Pref Bagé/2024,2024,EXPLICACAO_GENERICA,Um guarda municipal abordou uma pessoa em praça pública por perceber que seu comportamento estava incomum. Na ,Brigada Militar do Rio Grande do Sul — Soldado de Primeira Classe,1,(nenhuma),0,false
803,Legislação Específica,Lei de Drogas,Fundatec,GCM (Uruguaiana)/Pref Uruguaiana/2023,2023,EXPLICACAO_GENERICA,"A Lei nº 11.343/2006 prescreve medidas para a prevenção do uso indevido, atenção e reinserção social de usuári",Brigada Militar do Rio Grande do Sul — Soldado de Primeira Classe,1,(nenhuma),0,false
804,Legislação Específica,Lei de Drogas,Fundatec,GM (Pref Imbé)/Pref Imbé/2023,2023,EXPLICACAO_GENERICA,"Qual a base legal, além do Código Penal Brasileiro, para a atuação do Guarda Municipal que constatar que uma p",Brigada Militar do Rio Grande do Sul — Soldado de Primeira Classe,1,(nenhuma),0,false
867,Legislação Específica,Lei de Drogas,Fundatec,GM (Pref Viamão)/Pref Viamão/2022,2022,EXPLICACAO_GENERICA,Um morador das proximidades de uma escola pública municipal informou ao Guarda Municipal do local que estava d,Brigada Militar do Rio Grande do Sul — Soldado de Primeira Classe,1,(nenhuma),0,false
868,Legislação Específica,Lei de Drogas,Fundatec,Ag Sg Sc (SEJUSP MG)/SEJUSP MG/2022,2022,EXPLICACAO_GENERICA,"Com base na Lei de Drogas, Lei nº 11.343/2006, analise as assertivas abaixo, assinalando V, se verdadeiras, ou",Brigada Militar do Rio Grande do Sul — Soldado de Primeira Classe,1,(nenhuma),0,false
869,Legislação Específica,Lei de Drogas,Fundatec,TA Pol Pen (PP RS)/PP RS/2022,2022,EXPLICACAO_GENERICA,"Nos termos da Lei nº 11343/2006, quem adquirir, guardar, tiver em depósito, transportar ou trouxer consigo, pa",Brigada Militar do Rio Grande do Sul — Soldado de Primeira Classe,1,(nenhuma),0,false
870,Legislação Específica,Lei de Drogas,Fundatec,Pol Pen (PP RS)/PP RS/2022,2022,EXPLICACAO_GENERICA,"Com fundamento na Lei Federal nº 11.343/2006, que institui o Sistema Nacional de Políticas Públicas sobre Drog",Brigada Militar do Rio Grande do Sul — Soldado de Primeira Classe,1,(nenhuma),0,false
192,Legislação Específica,Abuso de Autoridade,Papiro,PAPIRO - Estilo Fundatec - BM RS,2026,EXPLICACAO_INCOMPLETA,"A Lei nº 13.869/2019 exige, para a configuração dos crimes de abuso de autoridade, em regra, finalidade especí",Brigada Militar do Rio Grande do Sul — Soldado de Primeira Classe,1,(nenhuma),0,false
193,Legislação Específica,Abuso de Autoridade,Papiro,PAPIRO - Estilo Fundatec - BM RS,2026,EXPLICACAO_INCOMPLETA,"Nos termos da Lei de Abuso de Autoridade, a divergência na interpretação da lei ou na avaliação de fatos e pro",Brigada Militar do Rio Grande do Sul — Soldado de Primeira Classe,1,(nenhuma),0,false
194,Legislação Específica,Abuso de Autoridade,Papiro,PAPIRO - Estilo Fundatec - BM RS,2026,EXPLICACAO_INCOMPLETA,Os crimes previstos na Lei de Abuso de Autoridade são praticados por agente público que:,Brigada Militar do Rio Grande do Sul — Soldado de Primeira Classe,1,(nenhuma),0,false
712,Legislação Específica,Abuso de Autoridade,Fundatec,GM (Pref Porto Alegre)/Pref Porto Alegre/2025,2025,EXPLICACAO_GENERICA,"Durante um processo de apuração de fatos de um incêndio em prédio público, um funcionário alterou artificiosam",Brigada Militar do Rio Grande do Sul — Soldado de Primeira Classe,1,(nenhuma),0,false
713,Legislação Específica,Abuso de Autoridade,Fundatec,Del Pol (PC RS)/PC RS/2025,2025,EXPLICACAO_GENERICA,Delegado de polícia que assume nova unidade policial e deseja mostrar perfil operacional e atuante à nova equi,Brigada Militar do Rio Grande do Sul — Soldado de Primeira Classe,1,(nenhuma),0,false
771,Legislação Específica,Abuso de Autoridade,Fundatec,GM (Pref Foz do Iguaçu)/Pref Foz do Iguaçu/2024,2024,EXPLICACAO_GENERICA,"Um agente público, no exercício de suas funções, praticou conduta com a finalidade específica de prejudicar a ",Brigada Militar do Rio Grande do Sul — Soldado de Primeira Classe,1,(nenhuma),0,false
772,Legislação Específica,Abuso de Autoridade,Fundatec,GM (Pref Foz do Iguaçu)/Pref Foz do Iguaçu/2024,2024,EXPLICACAO_GENERICA,"Um servidor público se negou a atender uma pessoa e a retirou do recinto de atendimento público, sem qualquer ",Brigada Militar do Rio Grande do Sul — Soldado de Primeira Classe,1,(nenhuma),0,false
793,Legislação Específica,Abuso de Autoridade,Fundatec,GCM (Uruguaiana)/Pref Uruguaiana/2023,2023,EXPLICACAO_GENERICA,Qual o crime cometido por agente público quando for praticado ato com a finalidade específica de prejudicar ou,Brigada Militar do Rio Grande do Sul — Soldado de Primeira Classe,1,(nenhuma),0,false
837,Legislação Específica,Abuso de Autoridade,Fundatec,GM (Pref Viamão)/Pref Viamão/2022,2022,EXPLICACAO_GENERICA,"Um Guarda Municipal, ao atender uma ocorrência de discussão e agressão, com origem de relação afetiva entre do",Brigada Militar do Rio Grande do Sul — Soldado de Primeira Classe,1,(nenhuma),0,false
838,Legislação Específica,Abuso de Autoridade,Fundatec,Ag Sg Sc (SEJUSP MG)/SEJUSP MG/2022,2022,EXPLICACAO_GENERICA,"Com referência na Lei de Abuso de autoridade, Lei nº 13.869/2019, analise as assertivas abaixo: I. O agente pú",Brigada Militar do Rio Grande do Sul — Soldado de Primeira Classe,1,(nenhuma),0,false
839,Legislação Específica,Abuso de Autoridade,Fundatec,Ana Pol Pen (PP RS)/PP RS/Direito/2022,2022,EXPLICACAO_GENERICA,"A Lei nº 13.869/2019, que dispõe sobre os crimes de abuso de autoridade, tipifica como tal constranger o preso",Brigada Militar do Rio Grande do Sul — Soldado de Primeira Classe,1,(nenhuma),0,false
39,Legislação Específica,Constituição do Estado do Rio Grande do Sul,Fundatec,Brigada Militar RS - Soldado,2022,EXPLICACAO_GENERICA,"Considerando o disposto na Constituição do Estado do Rio Grande do Sul acerca da Brigada Militar, assinale a a",Brigada Militar do Rio Grande do Sul — Soldado de Primeira Classe,1,(nenhuma),0,false
52,Legislação Específica,Constituição do Estado do Rio Grande do Sul,Fundatec,Brigada Militar RS - Soldado de Primeira Classe,2025,EXPLICACAO_GENERICA,"De acordo com a Constituição do Estado do Rio Grande do Sul no que diz respeito à administração pública, anali",Brigada Militar do Rio Grande do Sul — Soldado de Primeira Classe,1,(nenhuma),0,false
295,Legislação Específica,Constituição do Estado do Rio Grande do Sul,Papiro,PAPIRO - Adaptada do padrão Fundatec 2025/2026,2026,EXPLICACAO_INCOMPLETA,A Constituição Estadual do Rio Grande do Sul deve ser interpretada em conformidade com:,Brigada Militar do Rio Grande do Sul — Soldado de Primeira Classe,1,(nenhuma),0,false
355,Legislação Específica,Constituição do Estado do Rio Grande do Sul,Fundatec,Corpo de Bombeiros Militar RS - Soldado de Primeira Classe,2025,EXPLICACAO_GENERICA,"Conforme o art. 2 º da Constituição do Estado do Rio Grande do Sul, analise as assertivas abaixo e assinale a ",Brigada Militar do Rio Grande do Sul — Soldado de Primeira Classe,1,(nenhuma),0,false
356,Legislação Específica,Constituição do Estado do Rio Grande do Sul,Fundatec,Corpo de Bombeiros Militar RS - Soldado de Primeira Classe,2025,EXPLICACAO_GENERICA,"Considerando o disposto na Constituição do Estado do Rio Grande do Sul, analise as assertivas abaixo e assinal",Brigada Militar do Rio Grande do Sul — Soldado de Primeira Classe,1,(nenhuma),0,false
357,Legislação Específica,Constituição do Estado do Rio Grande do Sul,Fundatec,Corpo de Bombeiros Militar RS - Soldado de Primeira Classe,2025,EXPLICACAO_GENERICA,São direitos dos servidores públicos civis do Estado expressamente previstos na Constituição do Estado do Rio ,Brigada Militar do Rio Grande do Sul — Soldado de Primeira Classe,1,(nenhuma),0,false
359,Legislação Específica,Constituição do Estado do Rio Grande do Sul,Fundatec,Corpo de Bombeiros Militar RS - Soldado de Primeira Classe,2025,EXPLICACAO_GENERICA,"São princípios expressos na Constituição do Estado do Rio Grande do Sul aplicáveis à Administração Pública, EX",Brigada Militar do Rio Grande do Sul — Soldado de Primeira Classe,1,(nenhuma),0,false
718,Legislação Específica,Constituição do Estado do Rio Grande do Sul,Fundatec,GM (Pref Porto Alegre)/Pref Porto Alegre/2025,2025,EXPLICACAO_GENERICA,"Conforme a Constituição do Estado do Rio Grande do Sul, no que se refere à segurança pública, analise as asser",Brigada Militar do Rio Grande do Sul — Soldado de Primeira Classe,1,(nenhuma),0,false
719,Legislação Específica,Constituição do Estado do Rio Grande do Sul,Fundatec,Del Pol (PC RS)/PC RS/2025,2025,EXPLICACAO_GENERICA,"A Constituição do Estado do Rio Grande do Sul organiza a segurança pública no âmbito do ente federado, especif",Brigada Militar do Rio Grande do Sul — Soldado de Primeira Classe,1,(nenhuma),0,false
720,Legislação Específica,Constituição do Estado do Rio Grande do Sul,Fundatec,Del Pol (PC RS)/PC RS/2025,2025,EXPLICACAO_GENERICA,"A Polícia Civil foi prevista na Constituição Federal como órgão de segurança pública, com funções de polícia i",Brigada Militar do Rio Grande do Sul — Soldado de Primeira Classe,1,(nenhuma),0,false
795,Legislação Específica,Constituição do Estado do Rio Grande do Sul,Fundatec,GCM (Uruguaiana)/Pref Uruguaiana/2023,2023,EXPLICACAO_GENERICA,"Segundo os termos da Constituição do Rio Grande do Sul, é correto afirmar que os serviços de trânsito de compe",Brigada Militar do Rio Grande do Sul — Soldado de Primeira Classe,1,(nenhuma),0,false
842,Legislação Específica,Constituição do Estado do Rio Grande do Sul,Fundatec,Tec (Pref Viamão)/Pref Viamão/Agrícola/2022,2022,EXPLICACAO_GENERICA,"Com base na Constituição do Estado do Rio Grande do Sul, assinale a alternativa INCORRETA.",Brigada Militar do Rio Grande do Sul — Soldado de Primeira Classe,1,(nenhuma),0,false
843,Legislação Específica,Constituição do Estado do Rio Grande do Sul,Fundatec,TA Pol Pen (PP RS)/PP RS/2022,2022,EXPLICACAO_GENERICA,"Consoante à Constituição do Estado do Rio Grande do Sul, integram a administração indireta, EXCETO:",Brigada Militar do Rio Grande do Sul — Soldado de Primeira Classe,1,(nenhuma),0,false
844,Legislação Específica,Constituição do Estado do Rio Grande do Sul,Fundatec,TA Pol Pen (PP RS)/PP RS/2022,2022,EXPLICACAO_GENERICA,"De acordo com a Constituição do Rio Grande do Sul, são direitos dos servidores públicos civis do Estado, EXCET",Brigada Militar do Rio Grande do Sul — Soldado de Primeira Classe,1,(nenhuma),0,false
207,Legislação Específica,Poderes da Administração Pública,Papiro,PAPIRO - Estilo Fundatec - BM RS,2026,EXPLICACAO_INCOMPLETA,O poder hierárquico permite à Administração:,Brigada Militar do Rio Grande do Sul — Soldado de Primeira Classe,1,(nenhuma),0,false
208,Legislação Específica,Poderes da Administração Pública,Papiro,PAPIRO - Estilo Fundatec - BM RS,2026,EXPLICACAO_INCOMPLETA,O poder disciplinar relaciona-se à possibilidade de:,Brigada Militar do Rio Grande do Sul — Soldado de Primeira Classe,1,(nenhuma),0,false
209,Legislação Específica,Poderes da Administração Pública,Papiro,PAPIRO - Estilo Fundatec - BM RS,2026,EXPLICACAO_INCOMPLETA,O poder regulamentar é exercido para:,Brigada Militar do Rio Grande do Sul — Soldado de Primeira Classe,1,(nenhuma),0,false
360,Legislação Específica,Poderes da Administração Pública,Fundatec,Corpo de Bombeiros Militar RS - Soldado de Primeira Classe,2025,EXPLICACAO_GENERICA,"Analise as assertivas a seguir acerca dos poderes administrativos: I. No desvio de poder, também chamado desvi",Brigada Militar do Rio Grande do Sul — Soldado de Primeira Classe,1,(nenhuma),0,false
13,Direitos Humanos e Cidadania,Dignidade humana,Papiro,Brigada Militar do Rio Grande do Sul,,EXPLICACAO_INCOMPLETA,A Declaração Universal dos Direitos Humanos afirma que todos os seres humanos nascem:,Brigada Militar do Rio Grande do Sul — Soldado de Primeira Classe,1,(nenhuma),0,false
648,Direitos Humanos e Cidadania,Dignidade humana,Fundatec,GM (Pref Gravataí)/Pref Gravataí/2026,2026,EXPLICACAO_GENERICA,"Durante um assalto, a vítima foi forçada a tirar suas roupas, ficando totalmente despida. De acordo com a Cons",Brigada Militar do Rio Grande do Sul — Soldado de Primeira Classe,1,(nenhuma),0,false
715,Direitos Humanos e Cidadania,Dignidade humana,Fundatec,GM (Pref Porto Alegre)/Pref Porto Alegre/2025,2025,EXPLICACAO_GENERICA,"Uma pessoa que está morando na rua, numa praça pública do Município, foi agredida e lhe arrancaram todas as ro",Brigada Militar do Rio Grande do Sul — Soldado de Primeira Classe,1,(nenhuma),0,false
28,Direitos Humanos e Cidadania,Direitos fundamentais,Papiro - estilo Fundatec,Brigada Militar do Rio Grande do Sul,,EXPLICACAO_INCOMPLETA,"De acordo com a Constituição Federal, a prática do racismo constitui crime:",Brigada Militar do Rio Grande do Sul — Soldado de Primeira Classe,1,(nenhuma),0,false
139,Direitos Humanos e Cidadania,Direitos fundamentais,Fundatec,Brigada Militar RS - Soldado de 1ª Classe,2017,EXPLICACAO_INCOMPLETA,A Constituição da República Federativa do Brasil estabelece direitos e garantias fundamentais. Analise as asse,Brigada Militar do Rio Grande do Sul — Soldado de Primeira Classe,1,(nenhuma),0,false
292,Direitos Humanos e Cidadania,Direitos fundamentais,Papiro,PAPIRO - Adaptada do padrão Fundatec 2025/2026,2026,EXPLICACAO_INCOMPLETA,"As normas definidoras dos direitos e garantias fundamentais possuem, nos termos da Constituição:",Brigada Militar do Rio Grande do Sul — Soldado de Primeira Classe,1,(nenhuma),0,false
342,Direitos Humanos e Cidadania,Direitos fundamentais,Fundatec,Corpo de Bombeiros Militar RS - Soldado de Primeira Classe,2025,EXPLICACAO_GENERICA,"A Constituição Federal prevê, em seu art. 3º, os objetivos fundamentais da República Federativa do Brasil, que",Brigada Militar do Rio Grande do Sul — Soldado de Primeira Classe,1,(nenhuma),0,false
343,Direitos Humanos e Cidadania,Direitos fundamentais,Fundatec,Corpo de Bombeiros Militar RS - Soldado de Primeira Classe,2025,EXPLICACAO_GENERICA,"Considerando o preconizado pelo art. 5º da Constituição Federal, analise as assertivas a seguir e assinale V, ",Brigada Militar do Rio Grande do Sul — Soldado de Primeira Classe,1,(nenhuma),0,false
29,Direitos Humanos e Cidadania,Prevenção da tortura,Papiro - estilo Fundatec,Brigada Militar do Rio Grande do Sul,,EXPLICACAO_INCOMPLETA,"Em matéria de direitos humanos, uma situação excepcional, como guerra ou instabilidade política, pode justific",Brigada Militar do Rio Grande do Sul — Soldado de Primeira Classe,1,(nenhuma),0,false
263,Direitos Humanos e Cidadania,Prevenção da tortura,Papiro,PAPIRO - Adaptada do padrão Fundatec 2025/2026,2026,EXPLICACAO_INCOMPLETA,"A prevenção da tortura, no sistema brasileiro de direitos humanos, orienta-se pelo princípio de que:",Brigada Militar do Rio Grande do Sul — Soldado de Primeira Classe,1,(nenhuma),0,false
264,Direitos Humanos e Cidadania,Prevenção da tortura,Papiro,PAPIRO - Adaptada do padrão Fundatec 2025/2026,2026,EXPLICACAO_INCOMPLETA,"No contexto de prevenção à tortura, mecanismos de inspeção e monitoramento de locais de privação de liberdade ",Brigada Militar do Rio Grande do Sul — Soldado de Primeira Classe,1,(nenhuma),0,false
30,Direitos Humanos e Cidadania,Pessoa com deficiência,Papiro - estilo Fundatec,Brigada Militar do Rio Grande do Sul,,EXPLICACAO_INCOMPLETA,"A adaptação necessária e adequada que não imponha ônus desproporcional, destinada a assegurar direitos à pesso",Brigada Militar do Rio Grande do Sul — Soldado de Primeira Classe,1,(nenhuma),0,false
55,Direitos Humanos e Cidadania,Pessoa com deficiência,Fundatec,Brigada Militar RS - Soldado de Primeira Classe,2025,EXPLICACAO_GENERICA,De acordo com a Convenção Internacional sobre os Direitos das Pessoas com Deficiência e seu Protocolo Facultat,Brigada Militar do Rio Grande do Sul — Soldado de Primeira Classe,1,(nenhuma),0,false
141,Direitos Humanos e Cidadania,Pessoa com deficiência,Fundatec,SUSEPE RS - Agente Penitenciário Administrativo,2022,EXPLICACAO_INCOMPLETA,"Nos termos da Lei nº 7.853/1989, sobre condutas que constituem crime em razão da deficiência, analise: I. Nega",Brigada Militar do Rio Grande do Sul — Soldado de Primeira Classe,1,(nenhuma),0,false
352,Direitos Humanos e Cidadania,Pessoa com deficiência,Fundatec,Corpo de Bombeiros Militar RS - Soldado de Primeira Classe,2025,EXPLICACAO_GENERICA,"De acordo com a Convenção Internacional sobre os Direitos das Pessoas com Deficiência, assinale a alternativa ",Brigada Militar do Rio Grande do Sul — Soldado de Primeira Classe,1,(nenhuma),0,false
353,Direitos Humanos e Cidadania,Pessoa com deficiência,Fundatec,Corpo de Bombeiros Militar RS - Soldado de Primeira Classe,2025,EXPLICACAO_GENERICA,"Considerando o teor do Protocolo Facultativo à Convenção sobre os Direitos das Pessoas com Deficiência, assina",Brigada Militar do Rio Grande do Sul — Soldado de Primeira Classe,1,(nenhuma),0,false
827,Direitos Humanos e Cidadania,Pessoa com deficiência,Fundatec,TA Pol Pen (PP RS)/PP RS/2022,2022,EXPLICACAO_GENERICA,"A Lei nº 7.853/1989 dispõe sobre o apoio às pessoas portadoras de deficiência, sua integração social, sobre a ",Brigada Militar do Rio Grande do Sul — Soldado de Primeira Classe,1,(nenhuma),0,false
828,Direitos Humanos e Cidadania,Pessoa com deficiência,Fundatec,Pol Pen (PP RS)/PP RS/2022,2022,EXPLICACAO_GENERICA,"Fundamentando-se na Lei nº 7.853/1989, ao Poder Público e seus órgãos cabe assegurar às pessoas portadoras de ",Brigada Militar do Rio Grande do Sul — Soldado de Primeira Classe,1,(nenhuma),0,false
829,Direitos Humanos e Cidadania,Pessoa com deficiência,Fundatec,Pol Pen (PP RS)/PP RS/2022,2022,EXPLICACAO_GENERICA,"A Lei nº 7.853/1989 dispõe sobre o apoio às pessoas portadoras de deficiência e sua integração social, definin",Brigada Militar do Rio Grande do Sul — Soldado de Primeira Classe,1,(nenhuma),0,false
174,Direitos Humanos e Cidadania,Pactos Internacionais de Direitos Humanos,Papiro,PAPIRO - Estilo Fundatec - BM RS,2026,EXPLICACAO_INCOMPLETA,Os dois grandes Pactos Internacionais de 1966 são o Pacto Internacional sobre Direitos Civis e Políticos e o:,Brigada Militar do Rio Grande do Sul — Soldado de Primeira Classe,1,(nenhuma),0,false
175,Direitos Humanos e Cidadania,Pactos Internacionais de Direitos Humanos,Papiro,PAPIRO - Estilo Fundatec - BM RS,2026,EXPLICACAO_INCOMPLETA,Os Pactos Internacionais de 1966 foram adotados no âmbito da:,Brigada Militar do Rio Grande do Sul — Soldado de Primeira Classe,1,(nenhuma),0,false
176,Direitos Humanos e Cidadania,Pactos Internacionais de Direitos Humanos,Papiro,PAPIRO - Estilo Fundatec - BM RS,2026,EXPLICACAO_INCOMPLETA,A função dos Pactos Internacionais de Direitos Humanos é:,Brigada Militar do Rio Grande do Sul — Soldado de Primeira Classe,1,(nenhuma),0,false
186,Direitos Humanos e Cidadania,Sistema Internacional de Proteção dos Direitos Humanos,Papiro,PAPIRO - Estilo Fundatec - BM RS,2026,EXPLICACAO_INCOMPLETA,O sistema universal de proteção dos direitos humanos desenvolveu-se principalmente no âmbito da:,Brigada Militar do Rio Grande do Sul — Soldado de Primeira Classe,1,(nenhuma),0,false
187,Direitos Humanos e Cidadania,Sistema Internacional de Proteção dos Direitos Humanos,Papiro,PAPIRO - Estilo Fundatec - BM RS,2026,EXPLICACAO_INCOMPLETA,A Declaração Universal dos Direitos Humanos integra historicamente o sistema:,Brigada Militar do Rio Grande do Sul — Soldado de Primeira Classe,1,(nenhuma),0,false
188,Direitos Humanos e Cidadania,Sistema Internacional de Proteção dos Direitos Humanos,Papiro,PAPIRO - Estilo Fundatec - BM RS,2026,EXPLICACAO_INCOMPLETA,Os sistemas universal e regionais de direitos humanos:,Brigada Militar do Rio Grande do Sul — Soldado de Primeira Classe,1,(nenhuma),0,false
125,Direitos Humanos e Cidadania,"Pacto Internacional sobre Direitos Econômicos, Sociais e Culturais",Fundatec,Brigada Militar RS - Soldado Nível III,2022,EXPLICACAO_GENERICA,"O Brasil, somente em 1992, por meio do Decreto nº 591, internalizou o Pacto Internacional sobre Direitos Econô",Brigada Militar do Rio Grande do Sul — Soldado de Primeira Classe,1,(nenhuma),0,false
261,Direitos Humanos e Cidadania,"Pacto Internacional sobre Direitos Econômicos, Sociais e Culturais",Papiro,PAPIRO - Adaptada do padrão Fundatec 2025/2026,2026,EXPLICACAO_INCOMPLETA,"O PIDESC reconhece, entre outros, o direito:",Brigada Militar do Rio Grande do Sul — Soldado de Primeira Classe,1,(nenhuma),0,false
262,Direitos Humanos e Cidadania,"Pacto Internacional sobre Direitos Econômicos, Sociais e Culturais",Papiro,PAPIRO - Adaptada do padrão Fundatec 2025/2026,2026,EXPLICACAO_INCOMPLETA,Entre os direitos previstos no PIDESC encontra-se:,Brigada Militar do Rio Grande do Sul — Soldado de Primeira Classe,1,(nenhuma),0,false
58,Direitos Humanos e Cidadania,Pacto Internacional sobre Direitos Civis e Políticos,Fundatec,Brigada Militar RS - Soldado de Primeira Classe,2025,EXPLICACAO_GENERICA,Considerando o teor do Pacto Internacional sobre Direitos Civis e Políticos na redação estabelecida pelo Decre,Brigada Militar do Rio Grande do Sul — Soldado de Primeira Classe,1,(nenhuma),0,false
259,Direitos Humanos e Cidadania,Pacto Internacional sobre Direitos Civis e Políticos,Papiro,PAPIRO - Adaptada do padrão Fundatec 2025/2026,2026,EXPLICACAO_INCOMPLETA,"O Pacto Internacional sobre Direitos Civis e Políticos protege, entre outros, o direito:",Brigada Militar do Rio Grande do Sul — Soldado de Primeira Classe,1,(nenhuma),0,false
260,Direitos Humanos e Cidadania,Pacto Internacional sobre Direitos Civis e Políticos,Papiro,PAPIRO - Adaptada do padrão Fundatec 2025/2026,2026,EXPLICACAO_INCOMPLETA,"De acordo com o PIDCP, ninguém poderá ser submetido:",Brigada Militar do Rio Grande do Sul — Soldado de Primeira Classe,1,(nenhuma),0,false
183,Direitos Humanos e Cidadania,Sistema Interamericano de Direitos Humanos,Papiro,PAPIRO - Estilo Fundatec - BM RS,2026,EXPLICACAO_INCOMPLETA,Os dois principais órgãos de proteção do Sistema Interamericano de Direitos Humanos são:,Brigada Militar do Rio Grande do Sul — Soldado de Primeira Classe,1,(nenhuma),0,false
184,Direitos Humanos e Cidadania,Sistema Interamericano de Direitos Humanos,Papiro,PAPIRO - Estilo Fundatec - BM RS,2026,EXPLICACAO_INCOMPLETA,A Convenção Americana sobre Direitos Humanos é um dos principais tratados do sistema:,Brigada Militar do Rio Grande do Sul — Soldado de Primeira Classe,1,(nenhuma),0,false
185,Direitos Humanos e Cidadania,Sistema Interamericano de Direitos Humanos,Papiro,PAPIRO - Estilo Fundatec - BM RS,2026,EXPLICACAO_INCOMPLETA,O Sistema Interamericano de Direitos Humanos atua de forma:,Brigada Militar do Rio Grande do Sul — Soldado de Primeira Classe,1,(nenhuma),0,false
171,Direitos Humanos e Cidadania,Organização dos Estados Americanos,Papiro,PAPIRO - Estilo Fundatec - BM RS,2026,EXPLICACAO_INCOMPLETA,A Organização dos Estados Americanos é uma organização internacional de âmbito:,Brigada Militar do Rio Grande do Sul — Soldado de Primeira Classe,1,(nenhuma),0,false
172,Direitos Humanos e Cidadania,Organização dos Estados Americanos,Papiro,PAPIRO - Estilo Fundatec - BM RS,2026,EXPLICACAO_INCOMPLETA,O Sistema Interamericano de Direitos Humanos está vinculado institucionalmente à:,Brigada Militar do Rio Grande do Sul — Soldado de Primeira Classe,1,(nenhuma),0,false
173,Direitos Humanos e Cidadania,Organização dos Estados Americanos,Papiro,PAPIRO - Estilo Fundatec - BM RS,2026,EXPLICACAO_INCOMPLETA,Entre os propósitos da OEA encontra-se a promoção de:,Brigada Militar do Rio Grande do Sul — Soldado de Primeira Classe,1,(nenhuma),0,false
145,Direitos Humanos e Cidadania,Declaração Universal dos Direitos Humanos,Fundatec,SUSEPE RS - Agente Penitenciário Administrativo,2022,EXPLICACAO_INCOMPLETA,"Considerando os exatos termos da Declaração Universal dos Direitos Humanos de 1948, assinale a alternativa INC",Brigada Militar do Rio Grande do Sul — Soldado de Primeira Classe,1,(nenhuma),0,false
251,Direitos Humanos e Cidadania,Declaração Universal dos Direitos Humanos,Papiro,PAPIRO - Adaptada do padrão Fundatec 2025/2026,2026,EXPLICACAO_INCOMPLETA,"De acordo com a Declaração Universal dos Direitos Humanos, todos os seres humanos nascem:",Brigada Militar do Rio Grande do Sul — Soldado de Primeira Classe,1,(nenhuma),0,false
252,Direitos Humanos e Cidadania,Declaração Universal dos Direitos Humanos,Papiro,PAPIRO - Adaptada do padrão Fundatec 2025/2026,2026,EXPLICACAO_INCOMPLETA,A Declaração Universal dos Direitos Humanos reconhece que toda pessoa tem direito:,Brigada Militar do Rio Grande do Sul — Soldado de Primeira Classe,1,(nenhuma),0,false
349,Direitos Humanos e Cidadania,Declaração Universal dos Direitos Humanos,Fundatec,Corpo de Bombeiros Militar RS - Soldado de Primeira Classe,2025,EXPLICACAO_GENERICA,"À luz da Declaração Universal dos Direitos Humanos de 1948, assinale a alternativa INCORRETA.",Brigada Militar do Rio Grande do Sul — Soldado de Primeira Classe,1,(nenhuma),0,false
788,Direitos Humanos e Cidadania,Declaração Universal dos Direitos Humanos,Fundatec,GCM (Uruguaiana)/Pref Uruguaiana/2023,2023,EXPLICACAO_GENERICA,"Conforme o que dispõe a Declaração Universal dos Direitos Humanos (DUDH), existem princípios para a sua aplica",Brigada Militar do Rio Grande do Sul — Soldado de Primeira Classe,1,(nenhuma),0,false
812,Direitos Humanos e Cidadania,Declaração Universal dos Direitos Humanos,Fundatec,Ag Sg Sc (SEJUSP MG)/SEJUSP MG/2022,2022,EXPLICACAO_GENERICA,"Com base na Declaração Universal dos Direitos Humanos (1948), analise as assertivas abaixo: I. Toda a pessoa t",Brigada Militar do Rio Grande do Sul — Soldado de Primeira Classe,1,(nenhuma),0,false
168,Direitos Humanos e Cidadania,Noções de Direitos Humanos,Papiro,PAPIRO - Estilo Fundatec - BM RS,2026,EXPLICACAO_INCOMPLETA,"Os direitos humanos são tradicionalmente caracterizados, entre outros aspectos, pela:",Brigada Militar do Rio Grande do Sul — Soldado de Primeira Classe,1,(nenhuma),0,false
169,Direitos Humanos e Cidadania,Noções de Direitos Humanos,Papiro,PAPIRO - Estilo Fundatec - BM RS,2026,EXPLICACAO_INCOMPLETA,A indivisibilidade dos direitos humanos significa que:,Brigada Militar do Rio Grande do Sul — Soldado de Primeira Classe,1,(nenhuma),0,false
170,Direitos Humanos e Cidadania,Noções de Direitos Humanos,Papiro,PAPIRO - Estilo Fundatec - BM RS,2026,EXPLICACAO_INCOMPLETA,Direitos humanos podem ser compreendidos como direitos voltados à proteção da:,Brigada Militar do Rio Grande do Sul — Soldado de Primeira Classe,1,(nenhuma),0,false
623,Direitos Humanos e Cidadania,Noções de Direitos Humanos,Fundatec,Esc Pol (PC RS)/PC RS/2026,2026,EXPLICACAO_GENERICA,As Diretrizes Nacionais de Promoção e Defesa dos Direitos Humanos dos Profissionais de Segurança Pública parte,Brigada Militar do Rio Grande do Sul — Soldado de Primeira Classe,1,(nenhuma),0,false
624,Direitos Humanos e Cidadania,Noções de Direitos Humanos,Fundatec,GM (Pref Araquari)/Pref Araquari/2026,2026,EXPLICACAO_GENERICA,"De acordo com as disposições previstas no Estatuto Nacional da Igualdade Racial, Lei Federal nº 12.288/2010, a",Brigada Militar do Rio Grande do Sul — Soldado de Primeira Classe,1,(nenhuma),0,false
696,Direitos Humanos e Cidadania,Noções de Direitos Humanos,Fundatec,GM (Pref Porto Alegre)/Pref Porto Alegre/2025,2025,EXPLICACAO_GENERICA,Assinale a alternativa que NÃO configura um caso de desrespeito ou violação aos preceitos dos Direitos Humanos,Brigada Militar do Rio Grande do Sul — Soldado de Primeira Classe,1,(nenhuma),0,false
697,Direitos Humanos e Cidadania,Noções de Direitos Humanos,Fundatec,GCM (Pref St'a Livramento)/Pref St'a Livramento/2025,2025,EXPLICACAO_GENERICA,"Conforme o Estatuto da Pessoa Idosa, a partir dos anos, às pessoas idosas que não têm condições de providencia",Brigada Militar do Rio Grande do Sul — Soldado de Primeira Classe,1,(nenhuma),0,false
56,Direitos Humanos e Cidadania,Pacto de San José da Costa Rica,Fundatec,Brigada Militar RS - Soldado de Primeira Classe,2025,EXPLICACAO_GENERICA,"À luz da Convenção Americana sobre Direitos Humanos (Pacto de São José da Costa Rica), relacionadas à liberdad",Brigada Militar do Rio Grande do Sul — Soldado de Primeira Classe,1,(nenhuma),0,false
130,Direitos Humanos e Cidadania,Pacto de San José da Costa Rica,Fundatec,SUSEPE RS - Agente Penitenciário,2022,EXPLICACAO_INCOMPLETA,"A Convenção Americana sobre Direitos Humanos, Pacto de São José da Costa Rica, determina que não se deve impor",Brigada Militar do Rio Grande do Sul — Soldado de Primeira Classe,1,(nenhuma),0,false
140,Direitos Humanos e Cidadania,Pacto de San José da Costa Rica,Fundatec,Brigada Militar RS - Soldado de 1ª Classe,2017,EXPLICACAO_INCOMPLETA,"Em relação à Convenção Americana de Direitos Humanos (Pacto de San José da Costa Rica), assinale V ou F: ( ) T",Brigada Militar do Rio Grande do Sul — Soldado de Primeira Classe,1,(nenhuma),0,false
144,Direitos Humanos e Cidadania,Pacto de San José da Costa Rica,Fundatec,SUSEPE RS - Agente Penitenciário Administrativo,2022,EXPLICACAO_INCOMPLETA,"Considerando os exatos termos da Convenção Americana sobre Direitos Humanos, Pacto de São José da Costa Rica, ",Brigada Militar do Rio Grande do Sul — Soldado de Primeira Classe,1,(nenhuma),0,false
819,Direitos Humanos e Cidadania,Pacto de San José da Costa Rica,Fundatec,Ag Sg Sc (SEJUSP MG)/SEJUSP MG/2022,2022,EXPLICACAO_GENERICA,"Nos termos da Convenção Americana sobre Direitos Humanos (1969), são considerados direitos civis, EXCETO direi",Brigada Militar do Rio Grande do Sul — Soldado de Primeira Classe,1,(nenhuma),0,false
820,Direitos Humanos e Cidadania,Pacto de San José da Costa Rica,Fundatec,Ag Sg Sc (SEJUSP MG)/SEJUSP MG/2022,2022,EXPLICACAO_GENERICA,"Analise as assertivas abaixo e assinale V, se verdadeiras, ou F, se falsas. ( ) A Convenção Americana sobre os",Brigada Militar do Rio Grande do Sul — Soldado de Primeira Classe,1,(nenhuma),0,false
821,Direitos Humanos e Cidadania,Pacto de San José da Costa Rica,Fundatec,Ag Sg Sc (SEJUSP MG)/SEJUSP MG/2022,2022,EXPLICACAO_GENERICA,"O Pacto de São José da Costa Rica prevê que, em casos de guerra, de perigo público, ou de outra emergência que",Brigada Militar do Rio Grande do Sul — Soldado de Primeira Classe,1,(nenhuma),0,false
822,Direitos Humanos e Cidadania,Pacto de San José da Costa Rica,Fundatec,Pol Pen (PP RS)/PP RS/2022,2022,EXPLICACAO_GENERICA,"A Convenção Americana sobre Direitos Humanos, Pacto de São José da Costa Rica, determina que não se deve impor",Brigada Militar do Rio Grande do Sul — Soldado de Primeira Classe,1,(nenhuma),0,false
823,Direitos Humanos e Cidadania,Pacto de San José da Costa Rica,Fundatec,Ana Pol Pen (PP RS)/PP RS/Odontologia/2022,2022,EXPLICACAO_GENERICA,"A Convenção Americana sobre Direitos Humanos, assinada na Conferência Especializada Interamericana sobre Direi",Brigada Militar do Rio Grande do Sul — Soldado de Primeira Classe,1,(nenhuma),0,false
824,Direitos Humanos e Cidadania,Pacto de San José da Costa Rica,Fundatec,Ana Pol Pen (PP RS)/PP RS/Pedagogia/2022,2022,EXPLICACAO_GENERICA,A Convenção Americana sobre os Direitos Humanos é um tratado internacional do qual fazem parte os países da Or,Brigada Militar do Rio Grande do Sul — Soldado de Primeira Classe,1,(nenhuma),0,false
825,Direitos Humanos e Cidadania,Pacto de San José da Costa Rica,Fundatec,Ana Pol Pen (PP RS)/PP RS/Pedagogia/2022,2022,EXPLICACAO_GENERICA,A Convenção Americana de Direitos Humanos (Pacto de San José da Costa Rica) é um tratado internacional entre o,Brigada Militar do Rio Grande do Sul — Soldado de Primeira Classe,1,(nenhuma),0,false
162,Direitos Humanos e Cidadania,Direitos Humanos no Mercosul,Papiro,PAPIRO - Estilo Fundatec - BM RS,2026,EXPLICACAO_INCOMPLETA,"No âmbito do Mercosul, a proteção dos direitos humanos:",Brigada Militar do Rio Grande do Sul — Soldado de Primeira Classe,1,(nenhuma),0,false
163,Direitos Humanos e Cidadania,Direitos Humanos no Mercosul,Papiro,PAPIRO - Estilo Fundatec - BM RS,2026,EXPLICACAO_INCOMPLETA,O compromisso democrático e com os direitos humanos no Mercosul busca:,Brigada Militar do Rio Grande do Sul — Soldado de Primeira Classe,1,(nenhuma),0,false
164,Direitos Humanos e Cidadania,Direitos Humanos no Mercosul,Papiro,PAPIRO - Estilo Fundatec - BM RS,2026,EXPLICACAO_INCOMPLETA,A proteção de direitos humanos no Mercosul deve ser compreendida como:,Brigada Militar do Rio Grande do Sul — Soldado de Primeira Classe,1,(nenhuma),0,false
150,Direitos Humanos e Cidadania,Comissão Interamericana de Direitos Humanos,Papiro,PAPIRO - Estilo Fundatec - BM RS,2026,EXPLICACAO_INCOMPLETA,A Comissão Interamericana de Direitos Humanos é órgão do sistema:,Brigada Militar do Rio Grande do Sul — Soldado de Primeira Classe,1,(nenhuma),0,false
151,Direitos Humanos e Cidadania,Comissão Interamericana de Direitos Humanos,Papiro,PAPIRO - Estilo Fundatec - BM RS,2026,EXPLICACAO_INCOMPLETA,Entre as funções da Comissão Interamericana de Direitos Humanos está:,Brigada Militar do Rio Grande do Sul — Soldado de Primeira Classe,1,(nenhuma),0,false
152,Direitos Humanos e Cidadania,Comissão Interamericana de Direitos Humanos,Papiro,PAPIRO - Estilo Fundatec - BM RS,2026,EXPLICACAO_INCOMPLETA,"A Comissão Interamericana de Direitos Humanos atua, entre outras funções, promovendo:",Brigada Militar do Rio Grande do Sul — Soldado de Primeira Classe,1,(nenhuma),0,false
180,Direitos Humanos e Cidadania,Protocolo de Assunção sobre Direitos Humanos no Mercosul,Papiro,PAPIRO - Estilo Fundatec - BM RS,2026,EXPLICACAO_INCOMPLETA,O Protocolo de Assunção está relacionado ao compromisso com:,Brigada Militar do Rio Grande do Sul — Soldado de Primeira Classe,1,(nenhuma),0,false
181,Direitos Humanos e Cidadania,Protocolo de Assunção sobre Direitos Humanos no Mercosul,Papiro,PAPIRO - Estilo Fundatec - BM RS,2026,EXPLICACAO_INCOMPLETA,O Protocolo de Assunção integra o conjunto normativo de:,Brigada Militar do Rio Grande do Sul — Soldado de Primeira Classe,1,(nenhuma),0,false
182,Direitos Humanos e Cidadania,Protocolo de Assunção sobre Direitos Humanos no Mercosul,Papiro,PAPIRO - Estilo Fundatec - BM RS,2026,EXPLICACAO_INCOMPLETA,A lógica do Protocolo de Assunção é compatível com a ideia de que:,Brigada Militar do Rio Grande do Sul — Soldado de Primeira Classe,1,(nenhuma),0,false
126,Direitos Humanos e Cidadania,Estatuto da Pessoa com Deficiência,Fundatec,Brigada Militar RS - Soldado Nível III,2022,EXPLICACAO_GENERICA,"De acordo com a Lei Brasileira de Inclusão da Pessoa com Deficiência (Estatuto da Pessoa com Deficiência), Lei",Brigada Militar do Rio Grande do Sul — Soldado de Primeira Classe,1,(nenhuma),0,false
257,Direitos Humanos e Cidadania,Estatuto da Pessoa com Deficiência,Papiro,PAPIRO - Adaptada do padrão Fundatec 2025/2026,2026,EXPLICACAO_INCOMPLETA,"Segundo a Lei Brasileira de Inclusão, a deficiência:",Brigada Militar do Rio Grande do Sul — Soldado de Primeira Classe,1,(nenhuma),0,false
258,Direitos Humanos e Cidadania,Estatuto da Pessoa com Deficiência,Papiro,PAPIRO - Adaptada do padrão Fundatec 2025/2026,2026,EXPLICACAO_INCOMPLETA,"Nos termos do Estatuto da Pessoa com Deficiência, a curatela:",Brigada Militar do Rio Grande do Sul — Soldado de Primeira Classe,1,(nenhuma),0,false
177,Direitos Humanos e Cidadania,Programa Nacional de Direitos Humanos - PNDH-3,Papiro,PAPIRO - Estilo Fundatec - BM RS,2026,EXPLICACAO_INCOMPLETA,O PNDH-3 é um programa voltado à:,Brigada Militar do Rio Grande do Sul — Soldado de Primeira Classe,1,(nenhuma),0,false
178,Direitos Humanos e Cidadania,Programa Nacional de Direitos Humanos - PNDH-3,Papiro,PAPIRO - Estilo Fundatec - BM RS,2026,EXPLICACAO_INCOMPLETA,O PNDH-3 foi instituído por:,Brigada Militar do Rio Grande do Sul — Soldado de Primeira Classe,1,(nenhuma),0,false
179,Direitos Humanos e Cidadania,Programa Nacional de Direitos Humanos - PNDH-3,Papiro,PAPIRO - Estilo Fundatec - BM RS,2026,EXPLICACAO_INCOMPLETA,Entre as características do PNDH-3 está a organização das políticas de direitos humanos em:,Brigada Militar do Rio Grande do Sul — Soldado de Primeira Classe,1,(nenhuma),0,false
625,Direitos Humanos e Cidadania,Programa Nacional de Direitos Humanos - PNDH-3,Fundatec,Esc Pol (PC RS)/PC RS/2026,2026,EXPLICACAO_GENERICA,O Programa Nacional de Direitos Humanos – PNDH-3 (Decreto nº 7.037/2009) consolidou uma concepção ampliada de ,Brigada Militar do Rio Grande do Sul — Soldado de Primeira Classe,1,(nenhuma),0,false
146,Direitos Humanos e Cidadania,Entendimentos do STF e STJ,Fundatec,Brigada Militar RS - Soldado de 1ª Classe,2017,EXPLICACAO_INCOMPLETA,"De acordo com a Súmula Vinculante nº 11 do STF, só é lícito o uso de algemas em casos de ______ e de fundado r",Brigada Militar do Rio Grande do Sul — Soldado de Primeira Classe,1,(nenhuma),0,false
253,Direitos Humanos e Cidadania,Entendimentos do STF e STJ,Papiro,PAPIRO - Adaptada do padrão Fundatec 2025/2026,2026,EXPLICACAO_INCOMPLETA,"Segundo entendimento consolidado do STF sobre o ingresso em domicílio sem mandado judicial, é necessário que e",Brigada Militar do Rio Grande do Sul — Soldado de Primeira Classe,1,(nenhuma),0,false
254,Direitos Humanos e Cidadania,Entendimentos do STF e STJ,Papiro,PAPIRO - Adaptada do padrão Fundatec 2025/2026,2026,EXPLICACAO_INCOMPLETA,"Conforme entendimento consolidado dos tribunais superiores, a inviolabilidade domiciliar:",Brigada Militar do Rio Grande do Sul — Soldado de Primeira Classe,1,(nenhuma),0,false
147,Direitos Humanos e Cidadania,Casos do Brasil na Corte Interamericana de Direitos Humanos,Papiro,PAPIRO - Estilo Fundatec - BM RS,2026,EXPLICACAO_INCOMPLETA,Assinale a alternativa que apresenta um caso em que o Brasil foi responsabilizado pela Corte Interamericana de,Brigada Militar do Rio Grande do Sul — Soldado de Primeira Classe,1,(nenhuma),0,false
148,Direitos Humanos e Cidadania,Casos do Brasil na Corte Interamericana de Direitos Humanos,Papiro,PAPIRO - Estilo Fundatec - BM RS,2026,EXPLICACAO_INCOMPLETA,"No Caso Gomes Lund e outros (“Guerrilha do Araguaia”), a responsabilização internacional do Brasil esteve rela",Brigada Militar do Rio Grande do Sul — Soldado de Primeira Classe,1,(nenhuma),0,false
149,Direitos Humanos e Cidadania,Casos do Brasil na Corte Interamericana de Direitos Humanos,Papiro,PAPIRO - Estilo Fundatec - BM RS,2026,EXPLICACAO_INCOMPLETA,O Caso Herzog e outros vs. Brasil relaciona-se à responsabilidade estatal por violações ocorridas durante:,Brigada Militar do Rio Grande do Sul — Soldado de Primeira Classe,1,(nenhuma),0,false
131,Direitos Humanos e Cidadania,Estatuto da Igualdade Racial,Fundatec,SUSEPE RS - Agente Penitenciário,2022,EXPLICACAO_INCOMPLETA,"Além das normas constitucionais relativas aos princípios fundamentais, aos direitos e garantias fundamentais e",Brigada Militar do Rio Grande do Sul — Soldado de Primeira Classe,1,(nenhuma),0,false
255,Direitos Humanos e Cidadania,Estatuto da Igualdade Racial,Papiro,PAPIRO - Adaptada do padrão Fundatec 2025/2026,2026,EXPLICACAO_INCOMPLETA,"Nos termos do Estatuto da Igualdade Racial, a discriminação racial ou étnico-racial corresponde a:",Brigada Militar do Rio Grande do Sul — Soldado de Primeira Classe,1,(nenhuma),0,false
256,Direitos Humanos e Cidadania,Estatuto da Igualdade Racial,Papiro,PAPIRO - Adaptada do padrão Fundatec 2025/2026,2026,EXPLICACAO_INCOMPLETA,O Estatuto da Igualdade Racial tem por finalidade garantir à população negra:,Brigada Militar do Rio Grande do Sul — Soldado de Primeira Classe,1,(nenhuma),0,false
695,Direitos Humanos e Cidadania,Estatuto da Igualdade Racial,Fundatec,GM (Pref Porto Alegre)/Pref Porto Alegre/2025,2025,EXPLICACAO_GENERICA,"De acordo com o Estatuto Nacional da Igualdade Racial, analise as assertivas abaixo, assinalando V, se verdade",Brigada Militar do Rio Grande do Sul — Soldado de Primeira Classe,1,(nenhuma),0,false
790,Direitos Humanos e Cidadania,Estatuto da Igualdade Racial,Fundatec,GCM (Uruguaiana)/Pref Uruguaiana/2023,2023,EXPLICACAO_GENERICA,"De acordo com o Estatuto Nacional da Igualdade Racial, é INCORRETO afirmar que:",Brigada Militar do Rio Grande do Sul — Soldado de Primeira Classe,1,(nenhuma),0,false
813,Direitos Humanos e Cidadania,Estatuto da Igualdade Racial,Fundatec,Tec (Pref Viamão)/Pref Viamão/Agrícola/2022,2022,EXPLICACAO_GENERICA,"Com base no Estatuto Nacional da Igualdade Racial, Lei Federal nº 12.288/2010, assinale a alternativa correta.",Brigada Militar do Rio Grande do Sul — Soldado de Primeira Classe,1,(nenhuma),0,false
814,Direitos Humanos e Cidadania,Estatuto da Igualdade Racial,Fundatec,Ag Sg Sc (SEJUSP MG)/SEJUSP MG/2022,2022,EXPLICACAO_GENERICA,"Com base na Lei federal nº 12.288/2010, Estatuto Nacional da Igualdade Racial, analise as assertivas abaixo, a",Brigada Militar do Rio Grande do Sul — Soldado de Primeira Classe,1,(nenhuma),0,false
815,Direitos Humanos e Cidadania,Estatuto da Igualdade Racial,Fundatec,TA Pol Pen (PP RS)/PP RS/2022,2022,EXPLICACAO_GENERICA,"Relativamente à Lei nº 12.288/2010, que institui o Estatuto Nacional da Igualdade Racial e assegura direitos à",Brigada Militar do Rio Grande do Sul — Soldado de Primeira Classe,1,(nenhuma),0,false
816,Direitos Humanos e Cidadania,Estatuto da Igualdade Racial,Fundatec,Pol Pen (PP RS)/PP RS/2022,2022,EXPLICACAO_GENERICA,"Além das normas constitucionais relativas aos princípios fundamentais, aos direitos e garantias fundamentais e",Brigada Militar do Rio Grande do Sul — Soldado de Primeira Classe,1,(nenhuma),0,false
127,Direitos Humanos e Cidadania,Tratados de Direitos Humanos com força de Emenda Constitucional,Fundatec,Brigada Militar RS - Soldado Nível III,2022,EXPLICACAO_GENERICA,"Os tratados internalizados no ordenamento jurídico brasileiro, em observância ao rito fixado pelo Art. 5º, § 3",Brigada Militar do Rio Grande do Sul — Soldado de Primeira Classe,1,(nenhuma),0,false
265,Direitos Humanos e Cidadania,Tratados de Direitos Humanos com força de Emenda Constitucional,Papiro,PAPIRO - Adaptada do padrão Fundatec 2025/2026,2026,EXPLICACAO_INCOMPLETA,"Nos termos do art. 5º, §3º, da Constituição, tratados de direitos humanos aprovados em cada Casa do Congresso,",Brigada Militar do Rio Grande do Sul — Soldado de Primeira Classe,1,(nenhuma),0,false
266,Direitos Humanos e Cidadania,Tratados de Direitos Humanos com força de Emenda Constitucional,Papiro,PAPIRO - Adaptada do padrão Fundatec 2025/2026,2026,EXPLICACAO_INCOMPLETA,Assinale a alternativa que apresenta tratado incorporado ao ordenamento brasileiro com status equivalente ao d,Brigada Militar do Rio Grande do Sul — Soldado de Primeira Classe,1,(nenhuma),0,false
351,Direitos Humanos e Cidadania,Tratados de Direitos Humanos com força de Emenda Constitucional,Fundatec,Corpo de Bombeiros Militar RS - Soldado de Primeira Classe,2025,EXPLICACAO_GENERICA,O Decreto nº 6.949/2009 promulgou a Convenção Internacional sobre os Direitos das Pessoas com Deficiência e se,Brigada Militar do Rio Grande do Sul — Soldado de Primeira Classe,1,(nenhuma),0,false
159,Direitos Humanos e Cidadania,Direito à cidadania na Constituição Federal,Papiro,PAPIRO - Estilo Fundatec - BM RS,2026,EXPLICACAO_INCOMPLETA,"Nos termos da Constituição Federal, a cidadania é:",Brigada Militar do Rio Grande do Sul — Soldado de Primeira Classe,1,(nenhuma),0,false
160,Direitos Humanos e Cidadania,Direito à cidadania na Constituição Federal,Papiro,PAPIRO - Estilo Fundatec - BM RS,2026,EXPLICACAO_INCOMPLETA,"A soberania popular é exercida, nos termos da Constituição, pelo sufrágio universal e pelo voto direto e secre",Brigada Militar do Rio Grande do Sul — Soldado de Primeira Classe,1,(nenhuma),0,false
161,Direitos Humanos e Cidadania,Direito à cidadania na Constituição Federal,Papiro,PAPIRO - Estilo Fundatec - BM RS,2026,EXPLICACAO_INCOMPLETA,Constitui direito político diretamente relacionado ao exercício da cidadania:,Brigada Militar do Rio Grande do Sul — Soldado de Primeira Classe,1,(nenhuma),0,false
694,Direitos Humanos e Cidadania,Direito à cidadania na Constituição Federal,Fundatec,GM (Pref Porto Alegre)/Pref Porto Alegre/2025,2025,EXPLICACAO_GENERICA,Um funcionário com 18 anos de idade decidiu se candidatar a Prefeito no Município no qual trabalha como guarda,Brigada Militar do Rio Grande do Sul — Soldado de Primeira Classe,1,(nenhuma),0,false
789,Direitos Humanos e Cidadania,Direito à cidadania na Constituição Federal,Fundatec,GM (Pref Imbé)/Pref Imbé/2023,2023,EXPLICACAO_GENERICA,"Conforme a Constituição Federal, para quem é obrigatório o alistamento eleitoral e o voto no Brasil?",Brigada Militar do Rio Grande do Sul — Soldado de Primeira Classe,1,(nenhuma),0,false
165,Direitos Humanos e Cidadania,Incorporação de tratados de Direitos Humanos,Papiro,PAPIRO - Estilo Fundatec - BM RS,2026,EXPLICACAO_INCOMPLETA,"Tratados internacionais de direitos humanos aprovados em cada Casa do Congresso, em dois turnos, por três quin",Brigada Militar do Rio Grande do Sul — Soldado de Primeira Classe,1,(nenhuma),0,false
166,Direitos Humanos e Cidadania,Incorporação de tratados de Direitos Humanos,Papiro,PAPIRO - Estilo Fundatec - BM RS,2026,EXPLICACAO_INCOMPLETA,"Segundo a jurisprudência consolidada do STF, tratados de direitos humanos incorporados sem o rito do art. 5º, ",Brigada Militar do Rio Grande do Sul — Soldado de Primeira Classe,1,(nenhuma),0,false
167,Direitos Humanos e Cidadania,Incorporação de tratados de Direitos Humanos,Papiro,PAPIRO - Estilo Fundatec - BM RS,2026,EXPLICACAO_INCOMPLETA,"A incorporação de tratados internacionais ao direito brasileiro pressupõe, em linhas gerais:",Brigada Militar do Rio Grande do Sul — Soldado de Primeira Classe,1,(nenhuma),0,false
59,Direitos Humanos e Cidadania,Lei de Tortura,Fundatec,Brigada Militar RS - Soldado de Primeira Classe,2025,EXPLICACAO_GENERICA,"De acordo com a Lei nº 9.455/1997, que define os crimes de tortura e dá outras providências, analise as seguin",Brigada Militar do Rio Grande do Sul — Soldado de Primeira Classe,1,(nenhuma),0,false
138,Direitos Humanos e Cidadania,Lei de Tortura,Fundatec,SUSEPE RS - Agente Penitenciário Administrativo,2022,EXPLICACAO_INCOMPLETA,"Nos termos da Lei nº 9.455/1997, o crime de tortura é considerado:",Brigada Militar do Rio Grande do Sul — Soldado de Primeira Classe,1,(nenhuma),0,false
293,Direitos Humanos e Cidadania,Lei de Tortura,Papiro,PAPIRO - Adaptada do padrão Fundatec 2025/2026,2026,EXPLICACAO_INCOMPLETA,A Lei nº 9.455/1997 prevê aumento de pena quando o crime de tortura é cometido por:,Brigada Militar do Rio Grande do Sul — Soldado de Primeira Classe,1,(nenhuma),0,false
817,Direitos Humanos e Cidadania,Lei de Tortura,Fundatec,Pol Pen (PP RS)/PP RS/2022,2022,EXPLICACAO_GENERICA,"Com base na Lei nº 9.455/1997, que define os crimes de tortura, assinale a alternativa INCORRETA.",Brigada Militar do Rio Grande do Sul — Soldado de Primeira Classe,1,(nenhuma),0,false
818,Direitos Humanos e Cidadania,Lei de Tortura,Fundatec,Pol Pen (PP RS)/PP RS/2022,2022,EXPLICACAO_GENERICA,"Octávio, policial penal, com o objetivo de castigar o preso Daniel, que estava sob a sua custódia, aplicou div",Brigada Militar do Rio Grande do Sul — Soldado de Primeira Classe,1,(nenhuma),0,false
57,Direitos Humanos e Cidadania,Abuso de Autoridade,Fundatec,Brigada Militar RS - Soldado de Primeira Classe,2025,EXPLICACAO_GENERICA,"Conforme a Lei nº 13.869/2019 (conhecida como Lei de Abuso de Autoridade), estão condicionados à ocorrência de",Brigada Militar do Rio Grande do Sul — Soldado de Primeira Classe,1,(nenhuma),0,false
128,Direitos Humanos e Cidadania,Abuso de Autoridade,Fundatec,Brigada Militar RS - Soldado Nível III,2022,EXPLICACAO_GENERICA,"Beltrano, policial militar, em operação oficial, verificando que Sicrano transitava com arma de fogo sem porte",Brigada Militar do Rio Grande do Sul — Soldado de Primeira Classe,1,(nenhuma),0,false
291,Direitos Humanos e Cidadania,Abuso de Autoridade,Papiro,PAPIRO - Adaptada do padrão Fundatec 2025/2026,2026,EXPLICACAO_INCOMPLETA,"Na Lei nº 13.869/2019, a divergência na interpretação da lei ou na avaliação de fatos e provas:",Brigada Militar do Rio Grande do Sul — Soldado de Primeira Classe,1,(nenhuma),0,false
354,Direitos Humanos e Cidadania,Abuso de Autoridade,Fundatec,Corpo de Bombeiros Militar RS - Soldado de Primeira Classe,2025,EXPLICACAO_GENERICA,"À luz da Lei nº 13.869/2019, que dispõe sobre os crimes de abuso de autoridade, são situações que configuram c",Brigada Militar do Rio Grande do Sul — Soldado de Primeira Classe,1,(nenhuma),0,false
124,Direitos Humanos e Cidadania,Convenção Interamericana para Prevenir e Punir a Tortura,Fundatec,Brigada Militar RS - Soldado Nível III,2022,EXPLICACAO_GENERICA,"O Brasil ratificou, através do Decreto nº 98.386/1989, a Convenção Interamericana para Prevenir e Punir a Tort",Brigada Militar do Rio Grande do Sul — Soldado de Primeira Classe,1,(nenhuma),0,false
249,Direitos Humanos e Cidadania,Convenção Interamericana para Prevenir e Punir a Tortura,Papiro,PAPIRO - Adaptada do padrão Fundatec 2025/2026,2026,EXPLICACAO_INCOMPLETA,"À luz da Convenção Interamericana para Prevenir e Punir a Tortura, assinale a alternativa correta.",Brigada Militar do Rio Grande do Sul — Soldado de Primeira Classe,1,(nenhuma),0,false
250,Direitos Humanos e Cidadania,Convenção Interamericana para Prevenir e Punir a Tortura,Papiro,PAPIRO - Adaptada do padrão Fundatec 2025/2026,2026,EXPLICACAO_INCOMPLETA,"Segundo a Convenção Interamericana para Prevenir e Punir a Tortura, circunstâncias excepcionais como estado de",Brigada Militar do Rio Grande do Sul — Soldado de Primeira Classe,1,(nenhuma),0,false
189,Direitos Humanos e Cidadania,Tratado de Marraqueche,Papiro,PAPIRO - Estilo Fundatec - BM RS,2026,EXPLICACAO_INCOMPLETA,O Tratado de Marraqueche busca facilitar o acesso a obras publicadas por pessoas:,Brigada Militar do Rio Grande do Sul — Soldado de Primeira Classe,1,(nenhuma),0,false
190,Direitos Humanos e Cidadania,Tratado de Marraqueche,Papiro,PAPIRO - Estilo Fundatec - BM RS,2026,EXPLICACAO_INCOMPLETA,"No Brasil, o Tratado de Marraqueche foi aprovado segundo o rito constitucional que lhe conferiu status equival",Brigada Militar do Rio Grande do Sul — Soldado de Primeira Classe,1,(nenhuma),0,false
191,Direitos Humanos e Cidadania,Tratado de Marraqueche,Papiro,PAPIRO - Estilo Fundatec - BM RS,2026,EXPLICACAO_INCOMPLETA,O Tratado de Marraqueche relaciona-se especialmente à garantia de:,Brigada Militar do Rio Grande do Sul — Soldado de Primeira Classe,1,(nenhuma),0,false
156,Direitos Humanos e Cidadania,Corte Interamericana de Direitos Humanos,Papiro,PAPIRO - Estilo Fundatec - BM RS,2026,EXPLICACAO_INCOMPLETA,A Corte Interamericana de Direitos Humanos é:,Brigada Militar do Rio Grande do Sul — Soldado de Primeira Classe,1,(nenhuma),0,false
157,Direitos Humanos e Cidadania,Corte Interamericana de Direitos Humanos,Papiro,PAPIRO - Estilo Fundatec - BM RS,2026,EXPLICACAO_INCOMPLETA,"As sentenças da Corte Interamericana de Direitos Humanos, nos casos em que o Estado tenha reconhecido sua juri",Brigada Militar do Rio Grande do Sul — Soldado de Primeira Classe,1,(nenhuma),0,false
158,Direitos Humanos e Cidadania,Corte Interamericana de Direitos Humanos,Papiro,PAPIRO - Estilo Fundatec - BM RS,2026,EXPLICACAO_INCOMPLETA,A Corte Interamericana de Direitos Humanos possui sede em:,Brigada Militar do Rio Grande do Sul — Soldado de Primeira Classe,1,(nenhuma),0,false
826,Direitos Humanos e Cidadania,Corte Interamericana de Direitos Humanos,Fundatec,Ana Pol Pen (PP RS)/PP RS/Serviço Social/2022,2022,EXPLICACAO_GENERICA,O documento sobre a Convenção Americana sobre Direitos Humanos (Pacto de São José da Costa Rica) busca consoli,Brigada Militar do Rio Grande do Sul — Soldado de Primeira Classe,1,(nenhuma),0,false
153,Direitos Humanos e Cidadania,Convenção de Belém do Pará,Papiro,PAPIRO - Estilo Fundatec - BM RS,2026,EXPLICACAO_INCOMPLETA,A Convenção de Belém do Pará tem como objeto central:,Brigada Militar do Rio Grande do Sul — Soldado de Primeira Classe,1,(nenhuma),0,false
154,Direitos Humanos e Cidadania,Convenção de Belém do Pará,Papiro,PAPIRO - Estilo Fundatec - BM RS,2026,EXPLICACAO_INCOMPLETA,"Para a Convenção de Belém do Pará, a violência contra a mulher pode ocorrer:",Brigada Militar do Rio Grande do Sul — Soldado de Primeira Classe,1,(nenhuma),0,false
155,Direitos Humanos e Cidadania,Convenção de Belém do Pará,Papiro,PAPIRO - Estilo Fundatec - BM RS,2026,EXPLICACAO_INCOMPLETA,A Convenção de Belém do Pará integra o sistema:,Brigada Militar do Rio Grande do Sul — Soldado de Primeira Classe,1,(nenhuma),0,false
14,Matemática,Porcentagem,Papiro — estilo Fundatec,Brigada Militar do Rio Grande do Sul,,EXPLICACAO_INCOMPLETA,"Em um simulado de 50 questões, um candidato acertou 40. Seu percentual de acertos foi:",Brigada Militar do Rio Grande do Sul — Soldado de Primeira Classe,1,(nenhuma),0,false
25,Matemática,Porcentagem,Papiro - estilo Fundatec,Brigada Militar do Rio Grande do Sul,,EXPLICACAO_INCOMPLETA,Um candidato acertou 36 de 45 questões respondidas. Qual foi seu percentual de acertos?,Brigada Militar do Rio Grande do Sul — Soldado de Primeira Classe,1,(nenhuma),0,false
26,Matemática,Razão e proporção,Papiro - estilo Fundatec,Brigada Militar do Rio Grande do Sul,,EXPLICACAO_INCOMPLETA,"Quatro equipes realizam uma atividade em 6 horas, mantendo o mesmo ritmo. Em quanto tempo seis equipes iguais ",Brigada Militar do Rio Grande do Sul — Soldado de Primeira Classe,1,(nenhuma),0,false
27,Matemática,Juros simples,Papiro - estilo Fundatec,Brigada Militar do Rio Grande do Sul,,EXPLICACAO_INCOMPLETA,"Um capital de R$ 2.000,00 é aplicado a juros simples de 2% ao mês durante 5 meses. Qual é o valor dos juros?",Brigada Militar do Rio Grande do Sul — Soldado de Primeira Classe,1,(nenhuma),0,false
22,Conhecimentos Gerais,Rio Grande do Sul,Papiro - estilo Fundatec,Brigada Militar do Rio Grande do Sul,,EXPLICACAO_INCOMPLETA,O bioma característico de grande parte da metade sul do Rio Grande do Sul é denominado:,Brigada Militar do Rio Grande do Sul — Soldado de Primeira Classe,1,(nenhuma),0,false
23,Conhecimentos Gerais,Organizações internacionais,Papiro - estilo Fundatec,Brigada Militar do Rio Grande do Sul,,EXPLICACAO_INCOMPLETA,A Conferência das Partes conhecida pela sigla COP está ligada principalmente a negociações internacionais sobr,Brigada Militar do Rio Grande do Sul — Soldado de Primeira Classe,1,(nenhuma),0,false
24,Conhecimentos Gerais,Cidadania digital,Papiro - estilo Fundatec,Brigada Militar do Rio Grande do Sul,,EXPLICACAO_INCOMPLETA,Uma imagem ou vídeo produzido ou alterado por inteligência artificial para imitar de forma convincente uma pes,Brigada Militar do Rio Grande do Sul — Soldado de Primeira Classe,1,(nenhuma),0,false
246,Raciocínio Lógico,Diagramas lógicos,Fundatec,SUSEPE RS - Agente Penitenciário Administrativo,2022,EXPLICACAO_INCOMPLETA,Considere válido um diagrama lógico no qual o conjunto das pessoas que gostam de sorvete de creme está totalme,Brigada Militar do Rio Grande do Sul — Soldado de Primeira Classe,1,(nenhuma),0,false
247,Raciocínio Lógico,Diagramas lógicos,Papiro,PAPIRO - Estilo Fundatec - BM RS,2026,EXPLICACAO_INCOMPLETA,Considere os conjuntos A = pessoas que estudam Português e B = pessoas que estudam Raciocínio Lógico. Se A est,Brigada Militar do Rio Grande do Sul — Soldado de Primeira Classe,1,(nenhuma),0,false
248,Raciocínio Lógico,Diagramas lógicos,Papiro,PAPIRO - Estilo Fundatec - BM RS,2026,EXPLICACAO_INCOMPLETA,"Em um diagrama, os conjuntos A e B não possuem qualquer interseção. Logo:",Brigada Militar do Rio Grande do Sul — Soldado de Primeira Classe,1,(nenhuma),0,false
78,Raciocínio Lógico,Sentenças abertas e conjunto-verdade,Fundatec,SUSEPE RS - Agente Penitenciário Administrativo,2022,EXPLICACAO_INCOMPLETA,"Considerando como conjunto universo U={0,1,2,3,4,5}, podemos dizer que o conjunto-verdade da sentença composta",Brigada Militar do Rio Grande do Sul — Soldado de Primeira Classe,1,(nenhuma),0,false
289,Raciocínio Lógico,Sentenças abertas e conjunto-verdade,Papiro,PAPIRO - Adaptada do padrão Fundatec 2025/2026,2026,EXPLICACAO_INCOMPLETA,"Considere a sentença aberta x + 2 = 7, com universo dos números inteiros. Seu conjunto-verdade é:",Brigada Militar do Rio Grande do Sul — Soldado de Primeira Classe,1,(nenhuma),0,false
290,Raciocínio Lógico,Sentenças abertas e conjunto-verdade,Papiro,PAPIRO - Adaptada do padrão Fundatec 2025/2026,2026,EXPLICACAO_INCOMPLETA,"No universo U={1,2,3,4,5}, o conjunto-verdade da sentença x>3 é:",Brigada Militar do Rio Grande do Sul — Soldado de Primeira Classe,1,(nenhuma),0,false
83,Raciocínio Lógico,Quantificadores,Fundatec,SUSEPE RS - Agente Penitenciário,2022,EXPLICACAO_INCOMPLETA,"O valor lógico das sentenças quantificadas abaixo é, respectivamente: I. ∀x ∈ {0,2,4,6}, x é par. II. ∃x ∈ {0,",Brigada Militar do Rio Grande do Sul — Soldado de Primeira Classe,1,(nenhuma),0,false
287,Raciocínio Lógico,Quantificadores,Papiro,PAPIRO - Adaptada do padrão Fundatec 2025/2026,2026,EXPLICACAO_INCOMPLETA,A negação lógica de “Todos os candidatos foram aprovados” é:,Brigada Militar do Rio Grande do Sul — Soldado de Primeira Classe,1,(nenhuma),0,false
288,Raciocínio Lógico,Quantificadores,Papiro,PAPIRO - Adaptada do padrão Fundatec 2025/2026,2026,EXPLICACAO_INCOMPLETA,A proposição “Existe ao menos um servidor que não é policial” utiliza quantificador:,Brigada Militar do Rio Grande do Sul — Soldado de Primeira Classe,1,(nenhuma),0,false
77,Raciocínio Lógico,Leis de De Morgan,Fundatec,SUSEPE RS - Agente Penitenciário Administrativo,2022,EXPLICACAO_INCOMPLETA,"De acordo com as Leis de De Morgan, a negação da sentença composta “Pedro fez a vacina e não teve febre amarel",Brigada Militar do Rio Grande do Sul — Soldado de Primeira Classe,1,(nenhuma),0,false
88,Raciocínio Lógico,Leis de De Morgan,Fundatec,SUSEPE RS - Agente Penitenciário,2022,EXPLICACAO_INCOMPLETA,"A negação da sentença composta “Artur fez a vacina da Covid e fez a vacina da gripe”, de acordo com as Leis de",Brigada Militar do Rio Grande do Sul — Soldado de Primeira Classe,1,(nenhuma),0,false
311,Raciocínio Lógico,Leis de De Morgan,Papiro,PAPIRO - Adaptada do padrão Fundatec 2025/2026,2026,EXPLICACAO_INCOMPLETA,A negação de “P e Q” é:,Brigada Militar do Rio Grande do Sul — Soldado de Primeira Classe,1,(nenhuma),0,false
81,Raciocínio Lógico,Negação de proposições,Fundatec,SUSEPE RS - Agente Penitenciário Administrativo,2022,EXPLICACAO_INCOMPLETA,A negação da sentença “Todos os alunos da turma 301 estão doentes” é:,Brigada Militar do Rio Grande do Sul — Soldado de Primeira Classe,1,(nenhuma),0,false
86,Raciocínio Lógico,Negação de proposições,Fundatec,SUSEPE RS - Agente Penitenciário,2022,EXPLICACAO_INCOMPLETA,A negação da sentença “Existe pelo menos um aluno de lógica que foi vacinado” é:,Brigada Militar do Rio Grande do Sul — Soldado de Primeira Classe,1,(nenhuma),0,false
312,Raciocínio Lógico,Negação de proposições,Papiro,PAPIRO - Adaptada do padrão Fundatec 2025/2026,2026,EXPLICACAO_INCOMPLETA,A negação de “João estuda e Maria trabalha” é:,Brigada Militar do Rio Grande do Sul — Soldado de Primeira Classe,1,(nenhuma),0,false
337,Raciocínio Lógico,Negação de proposições,Fundatec,Corpo de Bombeiros Militar RS - Soldado de Primeira Classe,2025,EXPLICACAO_GENERICA,A negação da proposição composta “O celular tem 64 gigabytes de memória ou a câmera não tem 8 megapixels” é:,Brigada Militar do Rio Grande do Sul — Soldado de Primeira Classe,1,(nenhuma),0,false
74,Raciocínio Lógico,Proposições e conectivos,Fundatec,SUSEPE RS - Agente Penitenciário Administrativo,2022,EXPLICACAO_INCOMPLETA,Considere as seguintes proposições simples: p: Eduardo Leite é o atual prefeito de Porto Alegre. q: Porto Aleg,Brigada Militar do Rio Grande do Sul — Soldado de Primeira Classe,1,(nenhuma),0,false
87,Raciocínio Lógico,Proposições e conectivos,Fundatec,SUSEPE RS - Agente Penitenciário,2022,EXPLICACAO_INCOMPLETA,"Considere que a sentença simples P é verdadeira, a sentença simples Q é falsa e a sentença simples R é verdade",Brigada Militar do Rio Grande do Sul — Soldado de Primeira Classe,1,(nenhuma),0,false
313,Raciocínio Lógico,Proposições e conectivos,Papiro,PAPIRO - Adaptada do padrão Fundatec 2025/2026,2026,EXPLICACAO_INCOMPLETA,O conectivo lógico da disjunção é representado por:,Brigada Militar do Rio Grande do Sul — Soldado de Primeira Classe,1,(nenhuma),0,false
76,Raciocínio Lógico,"Tautologia, contradição e contingência",Fundatec,SUSEPE RS - Agente Penitenciário Administrativo,2022,EXPLICACAO_INCOMPLETA,Qual das alternativas abaixo apresenta uma afirmação logicamente verdadeira?,Brigada Militar do Rio Grande do Sul — Soldado de Primeira Classe,1,(nenhuma),0,false
85,Raciocínio Lógico,"Tautologia, contradição e contingência",Fundatec,SUSEPE RS - Agente Penitenciário,2022,EXPLICACAO_INCOMPLETA,Qual das alternativas apresenta uma afirmação logicamente verdadeira?,Brigada Militar do Rio Grande do Sul — Soldado de Primeira Classe,1,(nenhuma),0,false
315,Raciocínio Lógico,"Tautologia, contradição e contingência",Papiro,PAPIRO - Adaptada do padrão Fundatec 2025/2026,2026,EXPLICACAO_INCOMPLETA,A proposição P ou não P é classificada como:,Brigada Militar do Rio Grande do Sul — Soldado de Primeira Classe,1,(nenhuma),0,false
75,Raciocínio Lógico,Tabela-verdade,Fundatec,SUSEPE RS - Agente Penitenciário Administrativo,2022,EXPLICACAO_INCOMPLETA,"Abaixo está apresentada a tabela-verdade, incompleta, da proposição ~(A → ~B). Considerando as linhas A/B na o",Brigada Militar do Rio Grande do Sul — Soldado de Primeira Classe,1,(nenhuma),0,false
89,Raciocínio Lógico,Tabela-verdade,Fundatec,SUSEPE RS - Agente Penitenciário,2022,EXPLICACAO_INCOMPLETA,"Abaixo está apresentada a tabela-verdade, incompleta, da proposição composta (p ∨ q) → (r ∧ ~q). Para completa",Brigada Militar do Rio Grande do Sul — Soldado de Primeira Classe,1,(nenhuma),0,false
314,Raciocínio Lógico,Tabela-verdade,Papiro,PAPIRO - Adaptada do padrão Fundatec 2025/2026,2026,EXPLICACAO_INCOMPLETA,Uma proposição composta P e Q é verdadeira somente quando:,Brigada Militar do Rio Grande do Sul — Soldado de Primeira Classe,1,(nenhuma),0,false
80,Raciocínio Lógico,Condicional e contrapositiva,Fundatec,SUSEPE RS - Agente Penitenciário Administrativo,2022,EXPLICACAO_INCOMPLETA,"A sentença composta “Se x + 7 = 9, então x é par” é equivalente, pela regra da contrapositiva, à sentença comp",Brigada Militar do Rio Grande do Sul — Soldado de Primeira Classe,1,(nenhuma),0,false
84,Raciocínio Lógico,Condicional e contrapositiva,Fundatec,SUSEPE RS - Agente Penitenciário,2022,EXPLICACAO_INCOMPLETA,"Sabendo que a sentença condicional “Se Pedro é aluno da turma B, então Pedro está aprovado” possui valor lógic",Brigada Militar do Rio Grande do Sul — Soldado de Primeira Classe,1,(nenhuma),0,false
309,Raciocínio Lógico,Condicional e contrapositiva,Papiro,PAPIRO - Adaptada do padrão Fundatec 2025/2026,2026,EXPLICACAO_INCOMPLETA,"A contrapositiva de “Se P, então Q” é:",Brigada Militar do Rio Grande do Sul — Soldado de Primeira Classe,1,(nenhuma),0,false
90,Raciocínio Lógico,Argumentação lógica,Fundatec,SUSEPE RS - Agente Penitenciário,2022,EXPLICACAO_INCOMPLETA,Abaixo são apresentados três argumentos lógicos: I. Todos os alunos de lógica foram vacinados. André foi vacin,Brigada Militar do Rio Grande do Sul — Soldado de Primeira Classe,1,(nenhuma),0,false
285,Raciocínio Lógico,Argumentação lógica,Papiro,PAPIRO - Adaptada do padrão Fundatec 2025/2026,2026,EXPLICACAO_INCOMPLETA,"Considere: Todo policial é servidor público. João é policial. Logo, João é servidor público. O argumento é:",Brigada Militar do Rio Grande do Sul — Soldado de Primeira Classe,1,(nenhuma),0,false
286,Raciocínio Lógico,Argumentação lógica,Papiro,PAPIRO - Adaptada do padrão Fundatec 2025/2026,2026,EXPLICACAO_INCOMPLETA,"Se todos os A são B e nenhum B é C, então é correto concluir que:",Brigada Militar do Rio Grande do Sul — Soldado de Primeira Classe,1,(nenhuma),0,false
79,Raciocínio Lógico,Equivalências lógicas,Fundatec,SUSEPE RS - Agente Penitenciário Administrativo,2022,EXPLICACAO_INCOMPLETA,"A tabela-verdade abaixo apresenta o resultado final de uma proposição composta A. Para p/q na ordem V/V, V/F, ",Brigada Militar do Rio Grande do Sul — Soldado de Primeira Classe,1,(nenhuma),0,false
82,Raciocínio Lógico,Equivalências lógicas,Fundatec,SUSEPE RS - Agente Penitenciário,2022,EXPLICACAO_INCOMPLETA,"De acordo com a equivalência lógica da condicional, que indica que a condicional p → q é equivalente a ~p ∨ q,",Brigada Militar do Rio Grande do Sul — Soldado de Primeira Classe,1,(nenhuma),0,false
310,Raciocínio Lógico,Equivalências lógicas,Papiro,PAPIRO - Adaptada do padrão Fundatec 2025/2026,2026,EXPLICACAO_INCOMPLETA,"A proposição “Se P, então Q” é logicamente equivalente a:",Brigada Militar do Rio Grande do Sul — Soldado de Primeira Classe,1,(nenhuma),0,false