caderno_numero,tec_id,banca,concurso,ano,enunciado_resumo,status_comparacao,questao_existente_id,unidade,artigos,uso_pedagogico,confianca,motivo,arquivo_origem,pagina
201,3627565,FEPESE,Pol Mun (Pref Chapecó)/Pref Chapecó/2025,2025,"De acordo com a Lei nº 11.340/2006 (Lei Maria da Penha), a violência contra a mulher que lhe cause dano emocional e diminuição da autoestima…",NOVA,,,,BANCO_GERAL_MISSAO_FINAL,baixa,"Nenhum sinal de artigo ou vocabulario tematico detectado automaticamente; nao lida individualmente nesta fase.",Caderno Lei Maria da Penha - 201 ao 400.pdf,1
202,3612926,FUNDATEC,Eng (Porto Mauá)/Pref Porto Mauá/Agrônomo/2025,2025,"Douglas e Andreia são namorados há três anos. Em um momento de fúria, Douglas agrediu Andreia na rua. A Lei Maria da Penha poderia ser aplic…",NOVA,,U1,,BANCO_GERAL_MISSAO_FINAL,baixa,Classificacao heuristica (nao lida individualmente nesta fase): vocabulario tematico (score 1): U1. Recomenda-se leitura dedicada antes de usar como pratica de unidade.,Caderno Lei Maria da Penha - 201 ao 400.pdf,1
203,3607836,Instituto AVALIA,Ag Pol Jud (PC MS)/PC MS/Escrivão de Polícia Judiciária/2025,2025,"Durante uma discussão, Carla teve o celular destruído por seu ex-namorado Marcos, com quem não mantém mais convivência. Ele alegou que o apa…",NOVA,,U1,,BANCO_GERAL_MISSAO_FINAL,baixa,Classificacao heuristica (nao lida individualmente nesta fase): vocabulario tematico (score 2): U1. Recomenda-se leitura dedicada antes de usar como pratica de unidade.,Caderno Lei Maria da Penha - 201 ao 400.pdf,1
204,3605267,CEBRASPE (CESPE),AJ (TJ PA)/TJ PA/Pedagogia/2025,2025,"Com base nas disposições do Programa Nacional de Direitos Humanos (PNDH-3), da Lei Maria da Penha (Lei n.º 11.340/2006) e da Lei da Mediação…",NOVA,,U1,,BANCO_GERAL_MISSAO_FINAL,baixa,Classificacao heuristica (nao lida individualmente nesta fase): vocabulario tematico (score 4): U1. Recomenda-se leitura dedicada antes de usar como pratica de unidade.,Caderno Lei Maria da Penha - 201 ao 400.pdf,1
205,3603914,FURB,Adv CS (Pref Biguaçu)/Pref Biguaçu/2025,2025,"Maria e João são legalmente casados há mais de 25 anos, pais de três filhos e já possuem dois netos. Em uma determinada noite, João constran…",NOVA,,U1,,BANCO_GERAL_MISSAO_FINAL,baixa,Classificacao heuristica (nao lida individualmente nesta fase): vocabulario tematico (score 4): U1. Recomenda-se leitura dedicada antes de usar como pratica de unidade.,Caderno Lei Maria da Penha - 201 ao 400.pdf,1
206,3600042,SELECON,CSoc (Pref Nobres)/Pref Nobres/2025,2025,"De acordo com a Lei Maria da Penha, nº 11.340, de 07 de agosto de 2006, configura violência doméstica e familiar contra a mulher qualquer aç…",NOVA,,U1,,BANCO_GERAL_MISSAO_FINAL,baixa,Classificacao heuristica (nao lida individualmente nesta fase): vocabulario tematico (score 1): U1. Recomenda-se leitura dedicada antes de usar como pratica de unidade.,Caderno Lei Maria da Penha - 201 ao 400.pdf,1
207,3597162,IBAM,GCM (S Vicente)/Pref São Vicente/2025,2025,"A Lei Maria da Penha classifica diversas formas de agressão que afetam a dignidade da mulher no contexto familiar ou doméstico, considerando…",NOVA,,U1,,BANCO_GERAL_MISSAO_FINAL,baixa,Classificacao heuristica (nao lida individualmente nesta fase): vocabulario tematico (score 3): U1. Recomenda-se leitura dedicada antes de usar como pratica de unidade.,Caderno Lei Maria da Penha - 201 ao 400.pdf,1
208,3596630,IBAM,Or So (Pref Franca)/Pref Franca/2025,2025,"A Lei nº 11.340, de 7 de agosto de 2006, também conhecida como Lei Maria da Penha representa um marco na luta contra a violência doméstica e…",NOVA,,U1,,BANCO_GERAL_MISSAO_FINAL,baixa,Classificacao heuristica (nao lida individualmente nesta fase): vocabulario tematico (score 4): U1. Recomenda-se leitura dedicada antes de usar como pratica de unidade.,Caderno Lei Maria da Penha - 201 ao 400.pdf,1
209,3850498,FUNDATEC,AAd (Pref Imbé)/Pref Imbé/2025,2025,"Raíssa, mulher lésbica, foi injuriada por Ângela, colega de trabalho com quem Raíssa convive e mantém relação íntima de afeto, a despeito de…",NOVA,,U1,,BANCO_GERAL_MISSAO_FINAL,baixa,Classificacao heuristica (nao lida individualmente nesta fase): vocabulario tematico (score 3): U1. Recomenda-se leitura dedicada antes de usar como pratica de unidade.,Caderno Lei Maria da Penha - 201 ao 400.pdf,1
210,3595910,IBAM,GCM (S Vicente)/Pref São Vicente/2025,2025,"A Lei Maria da Penha ampliou a noção de violência doméstica para além da agressão física, reconhecendo-a como expressão de desigualdade de p…",NOVA,,U1,6,BANCO_GERAL_MISSAO_FINAL,baixa,Classificacao heuristica (nao lida individualmente nesta fase): artigo citado no texto: 6. Recomenda-se leitura dedicada antes de usar como pratica de unidade.,Caderno Lei Maria da Penha - 201 ao 400.pdf,1
211,3588587,VUNESP,GM (Itatiba)/Pref Itatiba/2025,2025,"A Lei nº 11.340/2006 – Lei Maria da Penha elenca, entre outras possíveis, as formas de violência doméstica e familiar contra a mulher. Sobre…",NOVA,,U1,,BANCO_GERAL_MISSAO_FINAL,baixa,Classificacao heuristica (nao lida individualmente nesta fase): vocabulario tematico (score 2): U1. Recomenda-se leitura dedicada antes de usar como pratica de unidade.,Caderno Lei Maria da Penha - 201 ao 400.pdf,2
212,3586559,Instituto ACCESS,ASoc (Pref Apiaí)/Pref Apiaí/2025,2025,"A Lei Maria da Penha define os contextos em que se configura a violência doméstica e familiar contra a mulher, destacando que essa violência…",NEAR_DUPLICATE_REVISAR,861,,,NAO_IMPORTAR,baixa,"Similaridade 0.365 com questao existente id 861 (camada C_SIMILARIDADE); revisar antes de decidir NOVA ou JA_EXISTE.",Caderno Lei Maria da Penha - 201 ao 400.pdf,2
213,3585297,VUNESP,ASoc (Pref Itatiba)/Pref Itatiba/2025,2025,"Um assistente social da Unidade Básica de Saúde atende a sra. Meire, 25 anos, casada com João e mãe de Sofia, de 03 anos, e de Luís, 05 anos…",NOVA,,U1,,BANCO_GERAL_MISSAO_FINAL,baixa,Classificacao heuristica (nao lida individualmente nesta fase): vocabulario tematico (score 4): U1. Recomenda-se leitura dedicada antes de usar como pratica de unidade.,Caderno Lei Maria da Penha - 201 ao 400.pdf,2
214,3576764,EDUCA PB,ASoc (Pref Pedras de Fogo)/Pref Pedras de Fogo/2025,2025,"De acordo com o art. 5º da Lei Maria da Penha (Lei nº 11.340/2006), que configura violência doméstica e familiar contra a mulher qualquer aç…",NEAR_DUPLICATE_REVISAR,861,,,NAO_IMPORTAR,baixa,"Similaridade 0.486 com questao existente id 861 (camada C_SIMILARIDADE); revisar antes de decidir NOVA ou JA_EXISTE.",Caderno Lei Maria da Penha - 201 ao 400.pdf,2
215,3574305,CPCON UEPB,Edu (Pref Pombal)/Pref Pombal/Social/2025,2025,"A Lei nº 11.340, de 07 de agosto de 2006, conhecida como a Lei Maria da Penha, considera como formas de violência doméstica e familiar contr…",NOVA,,U1,,BANCO_GERAL_MISSAO_FINAL,baixa,Classificacao heuristica (nao lida individualmente nesta fase): vocabulario tematico (score 3): U1. Recomenda-se leitura dedicada antes de usar como pratica de unidade.,Caderno Lei Maria da Penha - 201 ao 400.pdf,3
216,3567138,AMEOSC,Psico (Pref Palma Sola)/Pref Palma Sola/2025,2025,"A Lei Maria da Penha foi criada para prevenir, punir e erradicar a violência doméstica e familiar contra a mulher no Brasil, estabelecendo m…",NOVA,,U4,,PRATICA_UNIDADE,alta,Revisao manual completa: Correta trata de medida protetiva de urgencia concedida independentemente de processo criminal (art. 19).,Caderno Lei Maria da Penha - 201 ao 400.pdf,3
217,3564240,IGEDUC,ASoc (Pref Japaratinga)/Pref Japaratinga/2025,2025,"De acordo com o art. 6º da Lei nº 11.340/2006, assinale a alternativa CORRETA:",NOVA,,U1,6,BANCO_GERAL_MISSAO_FINAL,baixa,Classificacao heuristica (nao lida individualmente nesta fase): artigo citado no texto: 6. Recomenda-se leitura dedicada antes de usar como pratica de unidade.,Caderno Lei Maria da Penha - 201 ao 400.pdf,3
218,3543629,ESMAL,Est (MPE PI)/MPE PI/Graduação/Serviço Social/2025,2025,"Maria e João mantinham união estável há três anos, baseado na Lei Maria da Penha marque a alternativa CORRETA:",NOVA,,U1,,BANCO_GERAL_MISSAO_FINAL,baixa,Classificacao heuristica (nao lida individualmente nesta fase): vocabulario tematico (score 2): U1. Recomenda-se leitura dedicada antes de usar como pratica de unidade.,Caderno Lei Maria da Penha - 201 ao 400.pdf,3
219,3543432,ESMAL,Est (MPE PI)/MPE PI/Graduação/Psicologia/2025,2025,violência doméstica contra a mulher pode assumir diversas formas. Analise as situações abaixo e assinale aquela que corresponde à violência …,NOVA,,U1,,BANCO_GERAL_MISSAO_FINAL,baixa,Classificacao heuristica (nao lida individualmente nesta fase): vocabulario tematico (score 1): U1. Recomenda-se leitura dedicada antes de usar como pratica de unidade.,Caderno Lei Maria da Penha - 201 ao 400.pdf,3
220,3528682,IDCAP,FTNS (SESAB)/SESAB/Assistente Social/2025,2025,"De acordo com a Lei Maria da Penha, a violência doméstica contra a mulher deve ser abordada sob diversas formas. Nesse contexto assinale a a…",NOVA,,U1,,BANCO_GERAL_MISSAO_FINAL,baixa,Classificacao heuristica (nao lida individualmente nesta fase): vocabulario tematico (score 3): U1. Recomenda-se leitura dedicada antes de usar como pratica de unidade.,Caderno Lei Maria da Penha - 201 ao 400.pdf,3
221,3526989,Instituto AOCP,Prom Jus (MPE MA)/MPE MA/2025,2025,"Paula registrou boletim de ocorrência contra seu ex-companheiro, Fábio, com quem conviveu em união estável por cinco anos. Segundo o relato …",NOVA,,U1,,PRATICA_UNIDADE,alta,"Revisao manual completa: Correta reconhece violencia psicologica prevista expressamente no art. 7º (a mencao ao art. 147-B do CP e complementar, nao desloca o nucleo do teste).",Caderno Lei Maria da Penha - 201 ao 400.pdf,4
222,3520358,FACAPE,Ed Soc (Pref Afrânio)/Pref Afrânio/2025,2025,"A Lei Maria da Penha nº 11.340/2006 no Art. 5ª, caracteriza os espaços de violência doméstica e familiar praticados contra a mulher, sendo e…",NOVA,,U1,5,BANCO_GERAL_MISSAO_FINAL,baixa,Classificacao heuristica (nao lida individualmente nesta fase): artigo citado no texto: 5. Recomenda-se leitura dedicada antes de usar como pratica de unidade.,Caderno Lei Maria da Penha - 201 ao 400.pdf,4
223,3517979,OBJETIVA CONCURSOS,MTP (Pref Lapa)/Pref Lapa/2025,2025,"Em concordância com a Lei nº 11.340/2006 - Lei Maria da Penha, são formas de violência doméstica e familiar contra a mulher, EXCETO:",NOVA,,U1,,BANCO_GERAL_MISSAO_FINAL,baixa,Classificacao heuristica (nao lida individualmente nesta fase): vocabulario tematico (score 1): U1. Recomenda-se leitura dedicada antes de usar como pratica de unidade.,Caderno Lei Maria da Penha - 201 ao 400.pdf,4
224,3512923,IGEDUC,ASoc (Pref Calumbi)/Pref Calumbi/2025,2025,A violência doméstica e familiar contra a mulher constitui uma das formas de violação dos direitos humanos. No que se refere as formas de vi…,NOVA,,U1,,BANCO_GERAL_MISSAO_FINAL,baixa,Classificacao heuristica (nao lida individualmente nesta fase): vocabulario tematico (score 5): U1. Recomenda-se leitura dedicada antes de usar como pratica de unidade.,Caderno Lei Maria da Penha - 201 ao 400.pdf,4
225,3502460,OBJETIVA CONCURSOS,ASoc (Pref Vanini (RS))/Pref Vanini (RS)/2025,2025,"Considerando a Lei nº 11.340/2006 — Lei Maria da Penha, assinalar a alternativa que configura violência psicológica.",NOVA,,U1,,BANCO_GERAL_MISSAO_FINAL,baixa,Classificacao heuristica (nao lida individualmente nesta fase): vocabulario tematico (score 1): U1. Recomenda-se leitura dedicada antes de usar como pratica de unidade.,Caderno Lei Maria da Penha - 201 ao 400.pdf,5
226,3501428,CEV UECE,Sold (PM CE)/PM CE/2025,2025,"De acordo com a Lei Maria da Penha, são previstos cinco tipos de violência doméstica e familiar contra a mulher, quais sejam:",NOVA,,,,BANCO_GERAL_MISSAO_FINAL,baixa,"Nenhum sinal de artigo ou vocabulario tematico detectado automaticamente; nao lida individualmente nesta fase.",Caderno Lei Maria da Penha - 201 ao 400.pdf,5
227,3500154,CEBRASPE (CESPE),Psic (PF)/PF/Clínico/2025,2025,"Com base no disposto na Lei n.º 11.340/2006 (Lei Maria da Penha), julgue o item a seguir. Suponha que Juliana mantenha, há 7 anos, união est…",NOVA,,U1,,BANCO_GERAL_MISSAO_FINAL,baixa,Classificacao heuristica (nao lida individualmente nesta fase): vocabulario tematico (score 2): U1. Recomenda-se leitura dedicada antes de usar como pratica de unidade.,Caderno Lei Maria da Penha - 201 ao 400.pdf,5
228,3497447,COGEPS UNIOESTE,GM (Pref Cianorte)/Pref Cianorte/2025,2025,"De acordo com a Lei Federal nº 11.340 de 2006 (Lei Maria da Penha), pode-se dizer são formas de violência doméstica e familiar contra a mulh…",NOVA,,U1,,BANCO_GERAL_MISSAO_FINAL,baixa,Classificacao heuristica (nao lida individualmente nesta fase): vocabulario tematico (score 5): U1. Recomenda-se leitura dedicada antes de usar como pratica de unidade.,Caderno Lei Maria da Penha - 201 ao 400.pdf,5
229,3496113,Instituto SECPLAN,GCM (Pref Pres Kennedy)/Pref Pres Kennedy/2025,2025,"O guarda municipal João atua, cotidianamente, em vigilância na área de determinada escola municipal, sendo pessoa querida dos professores, p…",NOVA,,,,BANCO_GERAL_MISSAO_FINAL,baixa,"Nenhum sinal de artigo ou vocabulario tematico detectado automaticamente; nao lida individualmente nesta fase.",Caderno Lei Maria da Penha - 201 ao 400.pdf,5
230,3490211,FUNDATEC,Aux SG (CM Cerro Grande)/CM Cerro Grande/2025,2025,"Durante uma formação sobre a Lei Maria da Penha, Lei nº 11.340/2006, foram discutidas as diferentes manifestações de violência doméstica e f…",NOVA,,U1,,BANCO_GERAL_MISSAO_FINAL,baixa,Classificacao heuristica (nao lida individualmente nesta fase): vocabulario tematico (score 1): U1. Recomenda-se leitura dedicada antes de usar como pratica de unidade.,Caderno Lei Maria da Penha - 201 ao 400.pdf,5
231,3486856,FUNDATEC,Sold Bomb (CBM RS)/CBM RS/2025,2025,"Para responder a questão, considere a Lei nº 11.340/2006 (conhecida como Lei Maria da Penha). De acordo com o disposto na referida Lei sobre…",JA_EXISTE,347,,,NAO_IMPORTAR,alta,"Camada C_REVISAO_HUMANA; ja existe no banco como questao id 347.",Caderno Lei Maria da Penha - 201 ao 400.pdf,6
232,3486853,FUNDATEC,Sold Bomb (CBM RS)/CBM RS/2025,2025,"Para responder a questão, considere a Lei nº 11.340/2006 (conhecida como Lei Maria da Penha). Considerando o disposto na referida Lei, anali…",JA_EXISTE,346,,,NAO_IMPORTAR,alta,"Camada C_REVISAO_HUMANA; ja existe no banco como questao id 346.",Caderno Lei Maria da Penha - 201 ao 400.pdf,6
233,3478384,CEBRASPE (CESPE),Ag OSS (CAESB)/CAESB/Operador de Estação de Tratamento/2025,2025,A Lei Maria da Penha (Lei n.º 11.340/2006) considera como formas de violência doméstica e familiar contra a mulher,NOVA,,U1,,BANCO_GERAL_MISSAO_FINAL,baixa,Classificacao heuristica (nao lida individualmente nesta fase): vocabulario tematico (score 5): U1. Recomenda-se leitura dedicada antes de usar como pratica de unidade.,Caderno Lei Maria da Penha - 201 ao 400.pdf,6
234,3475689,CEBRASPE (CESPE),Tec SS (CAESB)/CAESB/Técnico de Edificações/2025,2025,"De acordo com a Lei Maria da Penha (Lei n.º 11.340/2006), a violência moral contra a mulher é configurada pela prática de conduta que",NOVA,,U1,,BANCO_GERAL_MISSAO_FINAL,baixa,Classificacao heuristica (nao lida individualmente nesta fase): vocabulario tematico (score 1): U1. Recomenda-se leitura dedicada antes de usar como pratica de unidade.,Caderno Lei Maria da Penha - 201 ao 400.pdf,7
235,3467391,Instituto Consulplan,Ass Soc (Niterói Prev)/Niterói Prev/2025,2025,As Nações Unidas definem a violência contra as mulheres como “qualquer ato de violência de gênero que resulte ou possa resultar em danos ou …,NOVA,,U1,,BANCO_GERAL_MISSAO_FINAL,baixa,Classificacao heuristica (nao lida individualmente nesta fase): vocabulario tematico (score 3): U1. Recomenda-se leitura dedicada antes de usar como pratica de unidade.,Caderno Lei Maria da Penha - 201 ao 400.pdf,7
236,3464975,FUNDATEC,Cont (CRC RS)/CRC RS/2025,2025,"Considerando os aspectos gerais da Lei no 11.340/2006, Lei Maria da Penha, assinale a alternativa correta.",NOVA,,U1,,BANCO_GERAL_MISSAO_FINAL,baixa,Classificacao heuristica (nao lida individualmente nesta fase): vocabulario tematico (score 1): U1. Recomenda-se leitura dedicada antes de usar como pratica de unidade.,Caderno Lei Maria da Penha - 201 ao 400.pdf,7
237,3459059,Unifil,Op PS (Pref Alvorada do Sul)/Pref Alvorada do Sul/2025,2025,"Sobre as formas de violência doméstica e familiar contra a mulher, previstas na Lei Federal nº 11.340/2006, analise as assertivas e assinale…",NOVA,,U1,,BANCO_GERAL_MISSAO_FINAL,baixa,Classificacao heuristica (nao lida individualmente nesta fase): vocabulario tematico (score 4): U1. Recomenda-se leitura dedicada antes de usar como pratica de unidade.,Caderno Lei Maria da Penha - 201 ao 400.pdf,7
238,3453660,IBAM,GCM (Pref Arapiraca)/Pref Arapiraca/2025,2025,"A Lei nº 11.340 de 2006, Lei Maria da Penha, estabelece que “qualquer conduta que configure retenção, subtração, destruição parcial ou total…",NOVA,,,,BANCO_GERAL_MISSAO_FINAL,baixa,"Nenhum sinal de artigo ou vocabulario tematico detectado automaticamente; nao lida individualmente nesta fase.",Caderno Lei Maria da Penha - 201 ao 400.pdf,7
239,3435447,UNESC,Mon (Pref Maracajá)/Pref Maracajá/2025,2025,"Em uma palestra para conscientização de estudantes sobre violência doméstica, o palestrante pergunta quais condutas podem ser consideradas v…",NOVA,,U1,7,BANCO_GERAL_MISSAO_FINAL,baixa,Classificacao heuristica (nao lida individualmente nesta fase): artigo citado no texto: 7. Recomenda-se leitura dedicada antes de usar como pratica de unidade.,Caderno Lei Maria da Penha - 201 ao 400.pdf,7
240,3424637,VUNESP,Cuid Soc (Itapevi)/Pref Itapevi/2025,2025,O artigo 7º da Lei Maria da Penha apresenta as formas de violência doméstica e familiar contra a mulher. São elas:,NOVA,,U1,7,BANCO_GERAL_MISSAO_FINAL,baixa,Classificacao heuristica (nao lida individualmente nesta fase): artigo citado no texto: 7. Recomenda-se leitura dedicada antes de usar como pratica de unidade.,Caderno Lei Maria da Penha - 201 ao 400.pdf,8
241,3407936,CEBRASPE (CESPE),Ana (EMBRAPA)/EMBRAPA/Gestão de Pessoas/Saúde Ocupacional/2025,2025,"Com base nas disposições da lei que disciplina o Sistema Nacional de Políticas Públicas sobre Drogas e da Lei Maria da Penha, julgue o item …",NOVA,,U1,,BANCO_GERAL_MISSAO_FINAL,baixa,Classificacao heuristica (nao lida individualmente nesta fase): vocabulario tematico (score 1): U1. Recomenda-se leitura dedicada antes de usar como pratica de unidade.,Caderno Lei Maria da Penha - 201 ao 400.pdf,8
242,3379851,AVANÇASP,Ori Soc (Pref Caieiras)/Pref Caieiras/2025,2025,"Mariana vive um relacionamento abusivo com Roberto, que frequentemente a obriga a manter relações sexuais contra sua vontade, utilizando ame…",NOVA,,U1,,BANCO_GERAL_MISSAO_FINAL,baixa,Classificacao heuristica (nao lida individualmente nesta fase): vocabulario tematico (score 4): U1. Recomenda-se leitura dedicada antes de usar como pratica de unidade.,Caderno Lei Maria da Penha - 201 ao 400.pdf,8
243,3379836,AVANÇASP,Ori Soc (Pref Caieiras)/Pref Caieiras/2025,2025,"Carla vive um relacionamento com Lucas, que frequentemente a manipula emocionalmente, fazendo-a sentir-se culpada por situações que não come…",NOVA,,U1,,BANCO_GERAL_MISSAO_FINAL,baixa,Classificacao heuristica (nao lida individualmente nesta fase): vocabulario tematico (score 3): U1. Recomenda-se leitura dedicada antes de usar como pratica de unidade.,Caderno Lei Maria da Penha - 201 ao 400.pdf,8
244,3375655,FUNDATEC,Peda Soc (Pref Tangará da S)/Pref Tangará da S/2025,2025,"Em um relacionamento abusivo, o parceiro de uma mulher controla todas as suas redes sociais, impedindo-a de manter contato com amigos e fami…",NOVA,,,,BANCO_GERAL_MISSAO_FINAL,baixa,"Nenhum sinal de artigo ou vocabulario tematico detectado automaticamente; nao lida individualmente nesta fase.",Caderno Lei Maria da Penha - 201 ao 400.pdf,8
245,3374318,CEBRASPE (CESPE),Ana Min (MPE CE)/MPE CE/Direito/2025,2025,"Julgue o item que se segue, com base nas disposições das Leis n.º 9.613/1998, n.º 11.340/2006 e n.º 11.343/2006. A coabitação entre autor e …",NOVA,,,,BANCO_GERAL_MISSAO_FINAL,baixa,"Nenhum sinal de artigo ou vocabulario tematico detectado automaticamente; nao lida individualmente nesta fase.",Caderno Lei Maria da Penha - 201 ao 400.pdf,8
246,3371310,OBJETIVA CONCURSOS,ACS (Pref Horizontina)/Pref Horizontina/2025,2025,"Segundo a Lei nº 11.340/2006 - Lei Maria da Penha, NÃO configura violência doméstica e familiar contra a mulher:",NOVA,,U1,,BANCO_GERAL_MISSAO_FINAL,baixa,Classificacao heuristica (nao lida individualmente nesta fase): vocabulario tematico (score 1): U1. Recomenda-se leitura dedicada antes de usar como pratica de unidade.,Caderno Lei Maria da Penha - 201 ao 400.pdf,9
247,3371309,OBJETIVA CONCURSOS,ACS (Pref Horizontina)/Pref Horizontina/2025,2025,"Segundo a Lei nº 11.340/2006 - Lei Maria da Penha, NÃO configura violência doméstica e familiar contra a mulher:",DUPLICATA_PDF,,,,NAO_IMPORTAR,,Enunciado (e alternativas) identico ao ja extraido do caderno 246 (TEC 3371310),Caderno Lei Maria da Penha - 201 ao 400.pdf,9
248,3370534,OBJETIVA CONCURSOS,Mon Soc (Pref Galvão)/Pref Galvão/2025,2025,"Com base na Lei nº 11.340/2006 − Lei Maria da Penha, analisar o caso. G., ex-marido de E., publica em suas redes sociais que E. está utiliza…",NOVA,,U1,,BANCO_GERAL_MISSAO_FINAL,baixa,Classificacao heuristica (nao lida individualmente nesta fase): vocabulario tematico (score 4): U1. Recomenda-se leitura dedicada antes de usar como pratica de unidade.,Caderno Lei Maria da Penha - 201 ao 400.pdf,9
249,3849975,FUNDATEC,Elet (Pref Imbé)/Pref Imbé/2025,2025,"Considerando as disposições da Lei nº 11.340/2006, Lei Maria da Penha, assinale a alternativa correta.",NOVA,,U1,,BANCO_GERAL_MISSAO_FINAL,baixa,Classificacao heuristica (nao lida individualmente nesta fase): vocabulario tematico (score 3): U1. Recomenda-se leitura dedicada antes de usar como pratica de unidade.,Caderno Lei Maria da Penha - 201 ao 400.pdf,9
250,3367319,FUNDATEC,Ed FS (Pref Tangará da S)/Pref Tangará da S/2025,2025,"Muitas vezes, o profissional de Educação Física que atua na assistência social ou na saúde pública se depara com mulheres que foram vítimas …",NOVA,,U1,,BANCO_GERAL_MISSAO_FINAL,baixa,Classificacao heuristica (nao lida individualmente nesta fase): vocabulario tematico (score 1): U1. Recomenda-se leitura dedicada antes de usar como pratica de unidade.,Caderno Lei Maria da Penha - 201 ao 400.pdf,9
251,3366976,Instituto CONSULPAM,GM (Pref Chorozinho)/Pref Chorozinho/2025,2025,"A Lei n.º 11.340/2006, ou Lei Maria da Penha, foi criada para prevenir e combater a violência doméstica e familiar contra a mulher, estabele…",PROBLEMATICA,,,,NAO_IMPORTAR,,"Provavel erro de extracao do PDF: a alternativa (c) tem uma virgula que veio como ponto final seguido de continuacao em minusculas (""...da vitima. independentemente bastando...""), sugerindo texto fora de ordem. Revisar manualmente contra o PDF original.",Caderno Lei Maria da Penha - 201 ao 400.pdf,15
252,3363055,FUNDATEC,ASoc (Tangará S)/Pref Tangará da S/2025,2025,"Para os efeitos da Lei nº 10.741/2003, Lei Maria da Penha, configura violência doméstica e familiar contra a mulher qualquer ação ou omissão…",NEAR_DUPLICATE_REVISAR,861,,,NAO_IMPORTAR,baixa,"Similaridade 0.442 com questao existente id 861 (camada C_SIMILARIDADE); revisar antes de decidir NOVA ou JA_EXISTE.",Caderno Lei Maria da Penha - 201 ao 400.pdf,15
253,3349908,VUNESP,ASJ (TJ SP)/TJ SP/2025,2025,A violência contra as mulheres constitui uma expressão da relação de desigualdade entre homens e mulheres. É uma violência baseada na afirma…,NOVA,,U1,7,BANCO_GERAL_MISSAO_FINAL,baixa,Classificacao heuristica (nao lida individualmente nesta fase): artigo citado no texto: 7. Recomenda-se leitura dedicada antes de usar como pratica de unidade.,Caderno Lei Maria da Penha - 201 ao 400.pdf,15
254,3340738,SELECON,Ass Soc (Pref Sinop)/Pref Sinop/2025,2025,"Fabrícia e Ana mantêm um relacionamento homoafetivo há 3 anos. Atualmente, Fabrícia tem se descontrolado muito, em função de ciúmes, levando…",NOVA,,U1,,BANCO_GERAL_MISSAO_FINAL,baixa,Classificacao heuristica (nao lida individualmente nesta fase): vocabulario tematico (score 1): U1. Recomenda-se leitura dedicada antes de usar como pratica de unidade.,Caderno Lei Maria da Penha - 201 ao 400.pdf,15
255,3293688,FUNDATEC,GM (Pref Porto Alegre)/Pref Porto Alegre/2025,2025,"No interior do prédio de uma repartição pública do Município, ocorreu uma discussão entre um casal que estava aguardando o atendimento. O ca…",JA_EXISTE,735,,,NAO_IMPORTAR,alta,"Camada A_TEC_ID; ja existe no banco como questao id 735.",Caderno Lei Maria da Penha - 201 ao 400.pdf,15
256,3293650,FUNDATEC,GM (Pref Porto Alegre)/Pref Porto Alegre/2025,2025,"Aline é casada com Arthur há 7 anos, e desde a pandemia está trabalhando quase integralmente em sua casa, indo até o escritório apenas uma o…",JA_EXISTE,734,,,NAO_IMPORTAR,alta,"Camada A_TEC_ID; ja existe no banco como questao id 734.",Caderno Lei Maria da Penha - 201 ao 400.pdf,11
257,3259252,FGV,Del Pol (PC MG)/PC MG/2025,2025,"Carolina, Delegada de Polícia em uma unidade policial especializada em Belo Horizonte/MG, tomou as declarações, evitando-se a revitimização …",NOVA,,,,BANCO_GERAL_MISSAO_FINAL,baixa,"Nenhum sinal de artigo ou vocabulario tematico detectado automaticamente; nao lida individualmente nesta fase.",Caderno Lei Maria da Penha - 201 ao 400.pdf,11
258,3238223,CEBRASPE (CESPE),GAAPC (PC DF)/PC DF/Analista de Informática/Banco de Dados/2025,2025,"Considerando o disposto na Lei Maria da Penha (Lei n.º 11.340/2006) e, no que couber, o entendimento dos tribunais superiores, julgue o item…",NOVA,,,,BANCO_GERAL_MISSAO_FINAL,baixa,"Nenhum sinal de artigo ou vocabulario tematico detectado automaticamente; nao lida individualmente nesta fase.",Caderno Lei Maria da Penha - 201 ao 400.pdf,11
259,3237915,CEBRASPE (CESPE),AAAPC (PC DF)/PC DF/Agente Administrativo/2025,2025,"Julgue o item a seguir, considerando as disposições da Lei Maria da Penha (Lei n.º 11.340/2006). Configura violência doméstica e familiar co…",NOVA,,U1,,BANCO_GERAL_MISSAO_FINAL,baixa,Classificacao heuristica (nao lida individualmente nesta fase): vocabulario tematico (score 2): U1. Recomenda-se leitura dedicada antes de usar como pratica de unidade.,Caderno Lei Maria da Penha - 201 ao 400.pdf,11
260,3212927,IDECAN,Of (PM BA)/PM BA/Auxiliar/2025,2025,"Na forma da Lei Maria da Penha, nome pelo qual ficou popularmente conhecido o instrumento que criou mecanismos para coibir a violência domés…",NOVA,,U1,,PRATICA_UNIDADE,alta,"Revisao manual completa: Testa a definicao de violencia psicologica do art. 7º, V.",Caderno Lei Maria da Penha - 201 ao 400.pdf,11
261,3824093,Instituto ACCESS,ASoc (Pref Rodeiro)/Pref Rodeiro/2025,2025,"A Lei Maria da Penha (Lei nº 11.3402006) tipifica as formas de violência doméstica e familiar contra a mulher, ampliando o entendimento para…",NOVA,,U1,,BANCO_GERAL_MISSAO_FINAL,baixa,Classificacao heuristica (nao lida individualmente nesta fase): vocabulario tematico (score 2): U1. Recomenda-se leitura dedicada antes de usar como pratica de unidade.,Caderno Lei Maria da Penha - 201 ao 400.pdf,12
262,3168457,FEPESE,Mon (Pref São José)/Pref São José/2024,2024,A Lei Maria da Penha (Lei nº 11.340/2006) é a principal legislação brasileira para enfrentar a violência contra a mulher. A norma é reconhec…,NOVA,,U1,,BANCO_GERAL_MISSAO_FINAL,baixa,Classificacao heuristica (nao lida individualmente nesta fase): vocabulario tematico (score 5): U1. Recomenda-se leitura dedicada antes de usar como pratica de unidade.,Caderno Lei Maria da Penha - 201 ao 400.pdf,12
263,3168235,FEPESE,Cuid (Pref São José)/Pref São José/2024,2024,"A Lei nº 11.340, de 7 de agosto de 2006, define a violência doméstica e familiar contra a mulher e os contextos em que ela pode ocorrer. Ide…",NOVA,,U1,5,BANCO_GERAL_MISSAO_FINAL,baixa,Classificacao heuristica (nao lida individualmente nesta fase): artigo citado no texto: 5. Recomenda-se leitura dedicada antes de usar como pratica de unidade.,Caderno Lei Maria da Penha - 201 ao 400.pdf,12
264,3169569,CONSULPLAN,Estag (TJ MG)/TJ MG/Serviço Social/Pós-Graduação/2024,2024,"A violência de gênero decorre das relações de poder construídas e reforçadas historicamente na nossa sociedade, reservando maior vulnerabili…",NOVA,,U1,5,BANCO_GERAL_MISSAO_FINAL,baixa,Classificacao heuristica (nao lida individualmente nesta fase): artigo citado no texto: 5. Recomenda-se leitura dedicada antes de usar como pratica de unidade.,Caderno Lei Maria da Penha - 201 ao 400.pdf,12
265,3167673,FGV,AJ (TJ RR)/TJ RR/Psicologia/2024,2024,A violência doméstica contra a mulher pode assumir diversas formas. Analise as situações abaixo e assinale aquela que corresponde à violênci…,NOVA,,U1,,BANCO_GERAL_MISSAO_FINAL,baixa,Classificacao heuristica (nao lida individualmente nesta fase): vocabulario tematico (score 1): U1. Recomenda-se leitura dedicada antes de usar como pratica de unidade.,Caderno Lei Maria da Penha - 201 ao 400.pdf,13
266,3164311,Ibest,GCM (Pref Cristalina)/Pref Cristalina/2024,2024,"Com base na Lei n.º 11.340/2006, também conhecida como Lei Maria da Penha, que criou mecanismos para coibir a violência doméstica e familiar…",NOVA,,U1,,BANCO_GERAL_MISSAO_FINAL,baixa,Classificacao heuristica (nao lida individualmente nesta fase): vocabulario tematico (score 4): U1. Recomenda-se leitura dedicada antes de usar como pratica de unidade.,Caderno Lei Maria da Penha - 201 ao 400.pdf,13
267,3169874,VUNESP,GCM (Pref Peruíbe)/Pref Peruíbe/2024,2024,"Assinale a alternativa que, nos termos da Lei no 11.340, de 7 de agosto de 2006 (Lei “Maria da Penha”), contém, corretamente, uma forma de v…",NOVA,,U1,,BANCO_GERAL_MISSAO_FINAL,baixa,Classificacao heuristica (nao lida individualmente nesta fase): vocabulario tematico (score 1): U1. Recomenda-se leitura dedicada antes de usar como pratica de unidade.,Caderno Lei Maria da Penha - 201 ao 400.pdf,13
268,3171586,CEBRASPE (CESPE),ACE (TC DF)/TC DF/Especializada/Arquivologia/2024,2024,"Acerca da Lei Maria da Penha (Lei n.º 11.340/2006), julgue o item a seguir, com base em seus dispositivos e na jurisprudência dos tribunais …",NOVA,,,,BANCO_GERAL_MISSAO_FINAL,baixa,"Nenhum sinal de artigo ou vocabulario tematico detectado automaticamente; nao lida individualmente nesta fase.",Caderno Lei Maria da Penha - 201 ao 400.pdf,13
269,3171589,CEBRASPE (CESPE),ACE (TC DF)/TC DF/Especializada/Arquivologia/2024,2024,"Acerca da Lei Maria da Penha (Lei n.º 11.340/2006), julgue o item a seguir, com base em seus dispositivos e na jurisprudência dos tribunais …",NOVA,,U1,,BANCO_GERAL_MISSAO_FINAL,baixa,Classificacao heuristica (nao lida individualmente nesta fase): vocabulario tematico (score 1): U1. Recomenda-se leitura dedicada antes de usar como pratica de unidade.,Caderno Lei Maria da Penha - 201 ao 400.pdf,13
270,3177255,FGV,JE TJMT/TJ MT/2024,2024,"Elmo, casado com Filomena, mulher trans, após surpreendê-la nua na cama com outro homem, a expulsa imediatamente de casa, sequer permitindo …",NOVA,,U1,,BANCO_GERAL_MISSAO_FINAL,baixa,Classificacao heuristica (nao lida individualmente nesta fase): vocabulario tematico (score 1): U1. Recomenda-se leitura dedicada antes de usar como pratica de unidade.,Caderno Lei Maria da Penha - 201 ao 400.pdf,14
271,3163946,IBADE,AssSoc (Pref Recife)/Pref Recife/2024,2024,"De acordo com a Lei nº 11.340/2006, compreende-se por violência física:",NOVA,,U1,,BANCO_GERAL_MISSAO_FINAL,baixa,Classificacao heuristica (nao lida individualmente nesta fase): vocabulario tematico (score 1): U1. Recomenda-se leitura dedicada antes de usar como pratica de unidade.,Caderno Lei Maria da Penha - 201 ao 400.pdf,14
272,3163528,IBADE,AssSoc (Pref Recife)/Pref Recife/2024,2024,"De acordo com a Lei Nº 11.340/2006, a violência sexual é compreendida como:",NOVA,,U1,,BANCO_GERAL_MISSAO_FINAL,baixa,Classificacao heuristica (nao lida individualmente nesta fase): vocabulario tematico (score 1): U1. Recomenda-se leitura dedicada antes de usar como pratica de unidade.,Caderno Lei Maria da Penha - 201 ao 400.pdf,14
273,3178706,ICECE,GM (Pref Aratuba)/Pref Aratuba/2024,2024,Qual das alternativas abaixo não constituem violência doméstica e familiar conforme Lei Maria da Penha?,NOVA,,U1,,BANCO_GERAL_MISSAO_FINAL,baixa,Classificacao heuristica (nao lida individualmente nesta fase): vocabulario tematico (score 3): U1. Recomenda-se leitura dedicada antes de usar como pratica de unidade.,Caderno Lei Maria da Penha - 201 ao 400.pdf,14
274,3162229,FEPESE,Peda (Pref Concórdia)/Pref Concórdia/2024,2024,"Está no artigo 7º da Lei 11.340 - Lei Maria da Penha - que são formas de violência doméstica e familiar contra a mulher, entre outras: 1. A …",NOVA,,U1,7,BANCO_GERAL_MISSAO_FINAL,baixa,Classificacao heuristica (nao lida individualmente nesta fase): artigo citado no texto: 7. Recomenda-se leitura dedicada antes de usar como pratica de unidade.,Caderno Lei Maria da Penha - 201 ao 400.pdf,14
275,3140855,VUNESP,GCM (Pref Lins)/Pref Lins/2024,2024,"Sobre a Lei “Maria da Penha”, assinale a alternativa correta.",NOVA,,U4,,PRATICA_UNIDADE,alta,Revisao manual completa: Correta afirma que os Juizados de Violencia Domestica foram criados pela lei (art. 14).,Caderno Lei Maria da Penha - 201 ao 400.pdf,15
276,3138220,IGEDUC,Vig (CM Tuparetama)/CM Tuparetama/2024,2024,O texto seguinte servirá de base para responder à questão. Indivíduos com deficiência frequentemente estão em maior risco de sofrer violênci…,NOVA,,U1,,BANCO_GERAL_MISSAO_FINAL,baixa,Classificacao heuristica (nao lida individualmente nesta fase): vocabulario tematico (score 1): U1. Recomenda-se leitura dedicada antes de usar como pratica de unidade.,Caderno Lei Maria da Penha - 201 ao 400.pdf,15
277,3138219,IGEDUC,Vig (CM Tuparetama)/CM Tuparetama/2024,2024,O texto seguinte servirá de base para responder à questão. Indivíduos com deficiência frequentemente estão em maior risco de sofrer violênci…,NOVA,,U1,,BANCO_GERAL_MISSAO_FINAL,baixa,Classificacao heuristica (nao lida individualmente nesta fase): vocabulario tematico (score 1): U1. Recomenda-se leitura dedicada antes de usar como pratica de unidade.,Caderno Lei Maria da Penha - 201 ao 400.pdf,15
278,3138217,IGEDUC,Vig (CM Tuparetama)/CM Tuparetama/2024,2024,O texto seguinte servirá de base para responder à questão. Indivíduos com deficiência frequentemente estão em maior risco de sofrer violênci…,NOVA,,,,BANCO_GERAL_MISSAO_FINAL,baixa,"Nenhum sinal de artigo ou vocabulario tematico detectado automaticamente; nao lida individualmente nesta fase.",Caderno Lei Maria da Penha - 201 ao 400.pdf,15
279,3138216,IGEDUC,Vig (CM Tuparetama)/CM Tuparetama/2024,2024,O texto seguinte servirá de base para responder à questão. Indivíduos com deficiência frequentemente estão em maior risco de sofrer violênci…,NOVA,,U1,,BANCO_GERAL_MISSAO_FINAL,baixa,Classificacao heuristica (nao lida individualmente nesta fase): vocabulario tematico (score 1): U1. Recomenda-se leitura dedicada antes de usar como pratica de unidade.,Caderno Lei Maria da Penha - 201 ao 400.pdf,15
280,3135241,Instituto Verbena,Estag (MPE GO)/MPE GO/Residência Jurídica/2024,2024,"De acordo com a Lei nº 11.340/06 (Lei Maria da Penha), a violência patrimonial se configura como qualquer conduta que",NOVA,,U1,,BANCO_GERAL_MISSAO_FINAL,baixa,Classificacao heuristica (nao lida individualmente nesta fase): vocabulario tematico (score 1): U1. Recomenda-se leitura dedicada antes de usar como pratica de unidade.,Caderno Lei Maria da Penha - 201 ao 400.pdf,16
281,3179836,Instituto Consulplan,CCLar (Pref Esmeraldas)/Pref Esmeraldas/2024,2024,"A Lei Maria da Penha, em seu Art. 2º dispõe: “toda mulher, independentemente de classe, raça, etnia, orientação sexual, renda, cultura, níve…",NEAR_DUPLICATE_REVISAR,345,,,NAO_IMPORTAR,baixa,"Similaridade 0.375 com questao existente id 345 (camada C_SIMILARIDADE); revisar antes de decidir NOVA ou JA_EXISTE.",Caderno Lei Maria da Penha - 201 ao 400.pdf,16
282,3126303,FAUEL,Psico (Pref Maringá)/Pref Maringá/2024,2024,"A Lei nº 11.340, de 7 de agosto de 2006, institui mecanismos para promover e proteger a igualdade de gênero, combatendo a violência doméstic…",NOVA,,U1,,BANCO_GERAL_MISSAO_FINAL,baixa,Classificacao heuristica (nao lida individualmente nesta fase): vocabulario tematico (score 1): U1. Recomenda-se leitura dedicada antes de usar como pratica de unidade.,Caderno Lei Maria da Penha - 201 ao 400.pdf,16
283,3125995,ITAME,AASoc (Pref Acreúna)/Pref Acreúna/2024,2024,"Dentre as formas elencadas, na Lei Maria da Penha, de violência doméstica e familiar contra a mulher está a violência moral, que é entendida…",NOVA,,U1,,BANCO_GERAL_MISSAO_FINAL,baixa,Classificacao heuristica (nao lida individualmente nesta fase): vocabulario tematico (score 1): U1. Recomenda-se leitura dedicada antes de usar como pratica de unidade.,Caderno Lei Maria da Penha - 201 ao 400.pdf,16
284,3181094,Instituto Consulplan,TNS (Esmeraldas)/Pref Esmeraldas/Serviço Social/2024,2024,Considerando que a Lei Maria da Penha (Lei nº 11.340/2006) é um marco na proteção e no combate à violência doméstica e familiar contra a mul…,NOVA,,U4+U5,,PRATICA_UNIDADE,media,Revisao manual completa: Assertivas corretas combinam juizados+equipe multidisciplinar (arts. 14 e 29) e medidas protetivas de urgencia (art. 22) como um unico bloco verdadeiro.,Caderno Lei Maria da Penha - 201 ao 400.pdf,16
285,3124680,FAUEL,Ed Soc (Pref Maringá)/Pref Maringá/2024,2024,"Com a Lei Maria da Penha (Lei nº 11.340, de 7 de agosto de 2006) define as formas de violência doméstica e familiar contra a mulher?",NOVA,,U1,,BANCO_GERAL_MISSAO_FINAL,baixa,Classificacao heuristica (nao lida individualmente nesta fase): vocabulario tematico (score 2): U1. Recomenda-se leitura dedicada antes de usar como pratica de unidade.,Caderno Lei Maria da Penha - 201 ao 400.pdf,15
286,3181496,Instituto Consulplan,Ed Soc (Pref Esmeraldas)/Pref Esmeraldas/2024,2024,"A Lei Maria da Penha, nº 11.340/2006, define que a violência doméstica contra a mulher é crime e aponta as formas de evitar, enfrentar e pun…",NOVA,,U1,,BANCO_GERAL_MISSAO_FINAL,baixa,Classificacao heuristica (nao lida individualmente nesta fase): vocabulario tematico (score 1): U1. Recomenda-se leitura dedicada antes de usar como pratica de unidade.,Caderno Lei Maria da Penha - 201 ao 400.pdf,15
287,3105580,FGV,Psic (Pref Abreu e Lima)/Pref Abreu e Lima/2024,2024,"Helena é uma mulher trans e vive maritalmente com Murilo, que é um homem trans. Enciumado por ter encontrado a companheira com um ex-namorad…",NOVA,,U1,,BANCO_GERAL_MISSAO_FINAL,baixa,Classificacao heuristica (nao lida individualmente nesta fase): vocabulario tematico (score 2): U1. Recomenda-se leitura dedicada antes de usar como pratica de unidade.,Caderno Lei Maria da Penha - 201 ao 400.pdf,15
288,3105199,Instituto AOCP,Esp SP (Pref Uberaba)/Pref Uberaba/Educador Social/2024,2024,A educadora social Helena é uma das servidoras públicas de determinado município que está participando de uma campanha de combate à violênci…,NOVA,,U1,,BANCO_GERAL_MISSAO_FINAL,baixa,Classificacao heuristica (nao lida individualmente nesta fase): vocabulario tematico (score 1): U1. Recomenda-se leitura dedicada antes de usar como pratica de unidade.,Caderno Lei Maria da Penha - 201 ao 400.pdf,15
289,3199401,CEBRASPE (CESPE),Proc (MPTC DF)/TC DF/2024,2024,"Com base nas disposições da Lei Maria da Penha (Lei n.º 11.340/2006), julgue os itens a seguir. Suponha que Carlos e Ana tenham sido namorad…",NOVA,,,,BANCO_GERAL_MISSAO_FINAL,baixa,"Nenhum sinal de artigo ou vocabulario tematico detectado automaticamente; nao lida individualmente nesta fase.",Caderno Lei Maria da Penha - 201 ao 400.pdf,15
290,3199404,CEBRASPE (CESPE),Proc (MPTC DF)/TC DF/2024,2024,"Com base nas disposições da Lei Maria da Penha (Lei n.º 11.340/2006), julgue o item a seguir. A prática de violência moral contra a mulher, …",NOVA,,U1,,BANCO_GERAL_MISSAO_FINAL,baixa,Classificacao heuristica (nao lida individualmente nesta fase): vocabulario tematico (score 2): U1. Recomenda-se leitura dedicada antes de usar como pratica de unidade.,Caderno Lei Maria da Penha - 201 ao 400.pdf,15
291,3097617,IBAM,GM (Pref Caruaru)/Pref Caruaru/2024,2024,"De acordo com a Lei nº 11.340 de 2006, conhecida como Lei Maria da Penha, qualquer conduta que configure calúnia, difamação ou injúria const…",NOVA,,,,BANCO_GERAL_MISSAO_FINAL,baixa,"Nenhum sinal de artigo ou vocabulario tematico detectado automaticamente; nao lida individualmente nesta fase.",Caderno Lei Maria da Penha - 201 ao 400.pdf,18
292,3097103,OBJETIVA CONCURSOS,Ag Ap (Pref Maripá)/Pref Maripá/2024,2024,"São formas de violência doméstica e familiar contra a mulher, alinhado com a Lei nº 11.340/2006 − Lei Maria da Penha, nas seguintes situaçõe…",NOVA,,U1,,BANCO_GERAL_MISSAO_FINAL,baixa,Classificacao heuristica (nao lida individualmente nesta fase): vocabulario tematico (score 4): U1. Recomenda-se leitura dedicada antes de usar como pratica de unidade.,Caderno Lei Maria da Penha - 201 ao 400.pdf,18
293,3223384,Instituto Verbena,Enf (Pref Rio Branco (AC))/Pref Rio Branco (AC)/Sem Área (30h e 40h)/2024,2024,"A Lei nº 11.340/2006, conhecida como Lei Maria da Penha, trata especificamente da violência doméstica e familiar contra a mulher, e o seu ar…",NOVA,,U1,7,BANCO_GERAL_MISSAO_FINAL,baixa,Classificacao heuristica (nao lida individualmente nesta fase): artigo citado no texto: 7. Recomenda-se leitura dedicada antes de usar como pratica de unidade.,Caderno Lei Maria da Penha - 201 ao 400.pdf,18
294,3096883,OBJETIVA CONCURSOS,Tel (Pref Maripá)/Pref Maripá/2024,2024,"De acordo com a Lei nº 11.340/2006 − Lei Maria da Penha, a retenção de documentos pessoais da mulher configura qual tipo de violência?",NOVA,,,,BANCO_GERAL_MISSAO_FINAL,baixa,"Nenhum sinal de artigo ou vocabulario tematico detectado automaticamente; nao lida individualmente nesta fase.",Caderno Lei Maria da Penha - 201 ao 400.pdf,18
295,3229673,FADESP,GCM (Pref Capanema (PA))/Pref Capanema (PA)/2024,2024,A Lei Maria da Penha cria mecanismos para coibir e prevenir a violência doméstica e familiar contra a mulher e as políticas públicas são ela…,NOVA,,U1,,BANCO_GERAL_MISSAO_FINAL,baixa,Classificacao heuristica (nao lida individualmente nesta fase): vocabulario tematico (score 2): U1. Recomenda-se leitura dedicada antes de usar como pratica de unidade.,Caderno Lei Maria da Penha - 201 ao 400.pdf,18
296,3239862,QUADRIX,OF Train (CRP 8)/CRP 8 (PR)/2024,2024,"Conforme a Lei nº 11.340/2006 – Lei Maria da Penha –, assim como a Lei nº 13.146/2015 – Estatuto da Pessoa com Deficiência –, julgue os iten…",NOVA,,,,BANCO_GERAL_MISSAO_FINAL,baixa,"Nenhum sinal de artigo ou vocabulario tematico detectado automaticamente; nao lida individualmente nesta fase.",Caderno Lei Maria da Penha - 201 ao 400.pdf,18
297,3259489,AVANÇASP,GCM (Pref Taubaté)/Pref Taubaté/2024,2024,"Joana está em um relacionamento abusivo com Carlos. Em várias ocasiões, Carlos retém documentos pessoais de Joana, como sua carteira de iden…",NOVA,,U1,,BANCO_GERAL_MISSAO_FINAL,baixa,Classificacao heuristica (nao lida individualmente nesta fase): vocabulario tematico (score 4): U1. Recomenda-se leitura dedicada antes de usar como pratica de unidade.,Caderno Lei Maria da Penha - 201 ao 400.pdf,19
298,3278936,AVANÇASP,Coor (SM Arcanjo)/Pref SM Arcanjo/CRAS/2024,2024,"No que tange à Lei nº 11.340/2006 (Lei Maria da Penha), a violência doméstica e familiar contra a mulher constitui:",NOVA,,U1,,BANCO_GERAL_MISSAO_FINAL,baixa,Classificacao heuristica (nao lida individualmente nesta fase): vocabulario tematico (score 1): U1. Recomenda-se leitura dedicada antes de usar como pratica de unidade.,Caderno Lei Maria da Penha - 201 ao 400.pdf,19
299,3279521,AVANÇASP,Coor (SM Arcanjo)/Pref SM Arcanjo/CREAS/2024,2024,Segundo a Lei nº 11.340/2006 (Lei Maria da Penha) a violência moral é uma das formas de violência doméstica e familiar contra a mulher e é e…,NOVA,,U1,,BANCO_GERAL_MISSAO_FINAL,baixa,Classificacao heuristica (nao lida individualmente nesta fase): vocabulario tematico (score 2): U1. Recomenda-se leitura dedicada antes de usar como pratica de unidade.,Caderno Lei Maria da Penha - 201 ao 400.pdf,19
300,3299190,OBJETIVA CONCURSOS,At (Pref S Leopoldina)/Pref S Leopoldina/2024,2024,"Segundo a Lei nº 11.340/2006 − Lei Maria da Penha, quando o agressor destrói total ou parcialmente os objetos da ofendida, configura forma d…",NOVA,,,,BANCO_GERAL_MISSAO_FINAL,baixa,"Nenhum sinal de artigo ou vocabulario tematico detectado automaticamente; nao lida individualmente nesta fase.",Caderno Lei Maria da Penha - 201 ao 400.pdf,19
301,3094833,OBJETIVA CONCURSOS,Ag (Pref Maripá)/Pref Maripá/Comunitário de Saúde/2024,2024,"Segundo a Lei nº 11.340/2006 − Lei Maria da Penha, a violência doméstica e familiar contra a mulher constitui uma das formas de violação dos…",NOVA,,U1,,BANCO_GERAL_MISSAO_FINAL,baixa,Classificacao heuristica (nao lida individualmente nesta fase): vocabulario tematico (score 1): U1. Recomenda-se leitura dedicada antes de usar como pratica de unidade.,Caderno Lei Maria da Penha - 201 ao 400.pdf,19
302,3299385,OBJETIVA CONCURSOS,Ed Soc (Pref S Leopoldina)/Pref S Leopoldina/2024,2024,"Em conformidade com a Lei nº 11.340/2006 − Lei Maria da Penha, são situações que configuram a violência sexual contra a mulher: I. Impedi-la…",NOVA,,U1,,BANCO_GERAL_MISSAO_FINAL,baixa,Classificacao heuristica (nao lida individualmente nesta fase): vocabulario tematico (score 1): U1. Recomenda-se leitura dedicada antes de usar como pratica de unidade.,Caderno Lei Maria da Penha - 201 ao 400.pdf,19
303,3299442,FUNDATEC,GM (Pref Foz do Iguaçu)/Pref Foz do Iguaçu/2024,2024,"Uma mulher pediu ajuda para a Guarda Municipal, pois estava se sentindo violentada pelo marido, já que ele retirou dela sua máquina de costu…",JA_EXISTE,778,,,NAO_IMPORTAR,alta,"Camada A_TEC_ID; ja existe no banco como questao id 778.",Caderno Lei Maria da Penha - 201 ao 400.pdf,20
304,3315926,FEPESE,Ori Soc (Pref Mafra)/Pref Mafra/2024,2024,"Assinale a alternativa que indica corretamente as formas de violência doméstica e familiar contra a mulher, de acordo com a Lei nº 11.340, d…",NOVA,,U1,,BANCO_GERAL_MISSAO_FINAL,baixa,Classificacao heuristica (nao lida individualmente nesta fase): vocabulario tematico (score 1): U1. Recomenda-se leitura dedicada antes de usar como pratica de unidade.,Caderno Lei Maria da Penha - 201 ao 400.pdf,20
305,3321050,FUNDATEC,Aux Cont (Pref Giruá)/Pref Giruá/2024,2024,"Analise a manchete abaixo: Com base apenas na manchete acima ilustrada, e interpretando a questão à luz da Lei Maria da Penha, a rapper foi …",NOVA,,,,BANCO_GERAL_MISSAO_FINAL,baixa,"Nenhum sinal de artigo ou vocabulario tematico detectado automaticamente; nao lida individualmente nesta fase.",Caderno Lei Maria da Penha - 201 ao 400.pdf,20
306,3322429,FUNDEP,Ag Soc (Pref Cordisburgo)/Pref Cordisburgo/2024,2024,"Não constitui forma de violência contra a mulher, tipificada na Lei nº 11.340, de 7 de agosto de 2006 (Lei Maria da Penha):",NOVA,,U1,,BANCO_GERAL_MISSAO_FINAL,baixa,Classificacao heuristica (nao lida individualmente nesta fase): vocabulario tematico (score 3): U1. Recomenda-se leitura dedicada antes de usar como pratica de unidade.,Caderno Lei Maria da Penha - 201 ao 400.pdf,20
307,3090215,VUNESP,GCM (Pref Catanduva)/Pref Catanduva/2024,2024,"Nos termos da Lei Federal no 11.340 de 07 de agosto de 2006 – Violência doméstica e familiar contra a mulher – “Lei Maria da Penha”, assinal…",NOVA,,U1,,BANCO_GERAL_MISSAO_FINAL,baixa,Classificacao heuristica (nao lida individualmente nesta fase): vocabulario tematico (score 2): U1. Recomenda-se leitura dedicada antes de usar como pratica de unidade.,Caderno Lei Maria da Penha - 201 ao 400.pdf,20
308,3324743,AVANÇASP,Coord (Pref Laranjal Pta)/Pref Laranjal Pta/Centro de Referência da Assistência Social - CRAS/2024,2024,Acerca ao que dispõe a Lei Maria da Penha (Lei nº 11.340/2006) a violência moral é entendida como:,NOVA,,U1,,BANCO_GERAL_MISSAO_FINAL,baixa,Classificacao heuristica (nao lida individualmente nesta fase): vocabulario tematico (score 1): U1. Recomenda-se leitura dedicada antes de usar como pratica de unidade.,Caderno Lei Maria da Penha - 201 ao 400.pdf,21
309,3085547,VUNESP,CSoc (Pref Osasco)/Pref Osasco/2024,2024,"A Lei Maria da Penha (Lei Federal nº 11.340/2006) cria mecanismos para coibir e prevenir a violência doméstica e familiar contra a mulher, n…",NOVA,,U1,7,BANCO_GERAL_MISSAO_FINAL,baixa,Classificacao heuristica (nao lida individualmente nesta fase): artigo citado no texto: 7. Recomenda-se leitura dedicada antes de usar como pratica de unidade.,Caderno Lei Maria da Penha - 201 ao 400.pdf,21
310,3324785,AVANÇASP,Coord (Pref Laranjal Pta)/Pref Laranjal Pta/Centro de Referência Especializada da Assistência Social - CREAS/2024,2024,"No que tange à Lei nº 11.340/2006 (Lei Maria da Penha), a violência doméstica e familiar contra a mulher constitui uma das formas de violaçã…",NOVA,,U1,,BANCO_GERAL_MISSAO_FINAL,baixa,Classificacao heuristica (nao lida individualmente nesta fase): vocabulario tematico (score 1): U1. Recomenda-se leitura dedicada antes de usar como pratica de unidade.,Caderno Lei Maria da Penha - 201 ao 400.pdf,21
311,3083884,CEBRASPE (CESPE),Ass Soc (CAGEPA)/CAGEPA/2024,2024,"O fato de uma mulher sofrer, por parte do seu cônjuge, limitação do direito de ir e vir, retenção de documentos pessoais e subtração de econ…",NOVA,,,,BANCO_GERAL_MISSAO_FINAL,baixa,"Nenhum sinal de artigo ou vocabulario tematico detectado automaticamente; nao lida individualmente nesta fase.",Caderno Lei Maria da Penha - 201 ao 400.pdf,21
312,3324796,AVANÇASP,Coord (Pref Laranjal Pta)/Pref Laranjal Pta/Centro de Referência Especializada da Assistência Social - CREAS/2024,2024,"No que tange à Lei nº 11.340/2006 (Lei Maria da Penha), a violência entendida como qualquer conduta que ofenda sua integridade ou saúde corp…",NOVA,,U1,,BANCO_GERAL_MISSAO_FINAL,baixa,Classificacao heuristica (nao lida individualmente nesta fase): vocabulario tematico (score 5): U1. Recomenda-se leitura dedicada antes de usar como pratica de unidade.,Caderno Lei Maria da Penha - 201 ao 400.pdf,21
313,3083854,CEBRASPE (CESPE),Ass Soc (CAGEPA)/CAGEPA/2024,2024,"Considerando os conceitos estabelecidos na Lei n.º 11.340/2006 (Lei Maria da Penha), que cria mecanismos para coibir a violência doméstica e…",NOVA,,U1,,BANCO_GERAL_MISSAO_FINAL,baixa,Classificacao heuristica (nao lida individualmente nesta fase): vocabulario tematico (score 5): U1. Recomenda-se leitura dedicada antes de usar como pratica de unidade.,Caderno Lei Maria da Penha - 201 ao 400.pdf,21
314,3338000,SELECON,Vis Soc (Pref Nova Mutum)/Pref Nova Mutum/2024,2024,Dona Regina recebeu o visitador social Daniel para acompanhar o desenvolvimento de seus filhos e sua rotina. Durante a entrevista relatou qu…,NOVA,,,,BANCO_GERAL_MISSAO_FINAL,baixa,"Nenhum sinal de artigo ou vocabulario tematico detectado automaticamente; nao lida individualmente nesta fase.",Caderno Lei Maria da Penha - 201 ao 400.pdf,22
315,3077866,VUNESP,GM (Pref SJRP)/Pref SJRP/2024,2024,"Nos termos da Lei n° 11.340, de 07 de agosto de 2006 (Lei “Maria da Penha”), é correto afirmar que, para os efeitos da Lei, configura violên…",NEAR_DUPLICATE_REVISAR,861,,,NAO_IMPORTAR,baixa,"Similaridade 0.371 com questao existente id 861 (camada C_SIMILARIDADE); revisar antes de decidir NOVA ou JA_EXISTE.",Caderno Lei Maria da Penha - 201 ao 400.pdf,22
316,3073912,FEPESE,ASE (Pref Brusque)/Pref Brusque/2024,2024,"A legislação vigente compreende violência doméstica e familiar praticada contra a mulher, qualquer ação ou omissão baseada no gênero que lhe…",NEAR_DUPLICATE_REVISAR,346,,,NAO_IMPORTAR,baixa,"Similaridade 0.356 com questao existente id 346 (camada C_SIMILARIDADE); revisar antes de decidir NOVA ou JA_EXISTE.",Caderno Lei Maria da Penha - 201 ao 400.pdf,22
317,2833474,Com. Exam. (MPDFT),Estag (MPDFT)/MPDFT/Jurídica/2024,2024,"No campo da violência contra a mulher, marque a resposta CORRETA.",NOVA,,U1,"77;61",BANCO_GERAL_MISSAO_FINAL,baixa,Classificacao heuristica (nao lida individualmente nesta fase): vocabulario tematico (score 2): U1. Recomenda-se leitura dedicada antes de usar como pratica de unidade.,Caderno Lei Maria da Penha - 201 ao 400.pdf,22
318,3377219,INAZ do Pará,Ori Soc (Pref Luiz Alves)/Pref Luiz Alves/2024,2024,"Em uma reunião mensal do Serviço de Convivência e Fortalecimento de Vínculos de um município, com mulheres e mães beneficiárias do programa …",NOVA,,U1,,BANCO_GERAL_MISSAO_FINAL,baixa,Classificacao heuristica (nao lida individualmente nesta fase): vocabulario tematico (score 4): U1. Recomenda-se leitura dedicada antes de usar como pratica de unidade.,Caderno Lei Maria da Penha - 201 ao 400.pdf,23
319,3392823,MS (SARMENTO),Ass Soc (Pref Tabocão)/Pref Tabocão/2024,2024,"Carolina possuía uma união estável de 2 anos com Jorge, nos últimos 6 meses passaram a ter muitas brigas, ela não estava mais contente com a…",NOVA,,U1,,BANCO_GERAL_MISSAO_FINAL,baixa,Classificacao heuristica (nao lida individualmente nesta fase): vocabulario tematico (score 2): U1. Recomenda-se leitura dedicada antes de usar como pratica de unidade.,Caderno Lei Maria da Penha - 201 ao 400.pdf,23
320,3415068,OBJETIVA CONCURSOS,ASoc (Pref Lebon Régis)/Pref Lebon Régis/2024,2024,"Configura violência doméstica e familiar contra a mulher qualquer ação ou omissão baseada no gênero que lhe cause morte, lesão, sofrimento f…",NEAR_DUPLICATE_REVISAR,346,,,NAO_IMPORTAR,baixa,"Similaridade 0.365 com questao existente id 346 (camada C_SIMILARIDADE); revisar antes de decidir NOVA ou JA_EXISTE.",Caderno Lei Maria da Penha - 201 ao 400.pdf,23
321,3072118,MS (SARMENTO),ASoc (Pref Potim)/Pref Potim/2024,2024,"Silvia conheceu Paulo por aplicativo de mensagem, logo após se encontrarem pessoalmente, já passaram a morar juntos em sua casa. Com o passa…",NOVA,,U1,,BANCO_GERAL_MISSAO_FINAL,baixa,Classificacao heuristica (nao lida individualmente nesta fase): vocabulario tematico (score 3): U1. Recomenda-se leitura dedicada antes de usar como pratica de unidade.,Caderno Lei Maria da Penha - 201 ao 400.pdf,23
322,3071818,MS (SARMENTO),ACS (Pref Potim)/Pref Potim/2024,2024,Um problema social e de saúde pública é a violência contra as mulheres. Destaca-se entre os diferentes tipos de violência contra essa popula…,NOVA,,U1,,BANCO_GERAL_MISSAO_FINAL,baixa,Classificacao heuristica (nao lida individualmente nesta fase): vocabulario tematico (score 3): U1. Recomenda-se leitura dedicada antes de usar como pratica de unidade.,Caderno Lei Maria da Penha - 201 ao 400.pdf,23
323,3068034,ITAME,ACE (Pref Israelândia)/Pref Israelândia/2024,2024,"Leia atentamente o caso hipotético: Diante uma visita rotineira do Agente de Controle de Endemias – ACE, dona M.F.S., casada, 36 anos, relat…",NOVA,,U1,,BANCO_GERAL_MISSAO_FINAL,baixa,Classificacao heuristica (nao lida individualmente nesta fase): vocabulario tematico (score 4): U1. Recomenda-se leitura dedicada antes de usar como pratica de unidade.,Caderno Lei Maria da Penha - 201 ao 400.pdf,23
324,3417429,UNESC,AEdu (Pref Cunhatai)/Pref Cunhatai/2024,2024,"A Lei n° 11.340/06 cria mecanismos para coibir a violência doméstica e familiar contra a mulher, também conhecida como Lei Maria da Penha, e…",NOVA,,U1,,BANCO_GERAL_MISSAO_FINAL,baixa,Classificacao heuristica (nao lida individualmente nesta fase): vocabulario tematico (score 3): U1. Recomenda-se leitura dedicada antes de usar como pratica de unidade.,Caderno Lei Maria da Penha - 201 ao 400.pdf,15
325,2759639,FGV,Res (TJ RJ)/TJ RJ/Psicólogo/2024,2024,"Maristela vive relacionamento marital com Ivan há 3 anos e desde então observou-se nítida alteração em seu comportamento, pois ela deixou de…",NOVA,,U1,,BANCO_GERAL_MISSAO_FINAL,baixa,Classificacao heuristica (nao lida individualmente nesta fase): vocabulario tematico (score 4): U1. Recomenda-se leitura dedicada antes de usar como pratica de unidade.,Caderno Lei Maria da Penha - 201 ao 400.pdf,15
326,2770925,IBFC,GM (Pref Manaus)/Pref Manaus/2024,2024,"Observando-se o que dispõe a Lei n. 11.340, de 7 de agosto de 2006, conhecida como Lei Maria da Penha, analise as afirmativas abaixo: I. Com…",NOVA,,U1,,BANCO_GERAL_MISSAO_FINAL,baixa,Classificacao heuristica (nao lida individualmente nesta fase): vocabulario tematico (score 4): U1. Recomenda-se leitura dedicada antes de usar como pratica de unidade.,Caderno Lei Maria da Penha - 201 ao 400.pdf,15
327,2789972,CEBRASPE (CESPE),Prof NU Jr (ITAIPU)/ITAIPU/Assistente Social/2024,2024,"Para os efeitos da Lei n.º 11.340/2006 (Lei Maria da Penha), configura violência doméstica e familiar contra a mulher qualquer ação ou omiss…",NEAR_DUPLICATE_REVISAR,861,,,NAO_IMPORTAR,baixa,"Similaridade 0.365 com questao existente id 861 (camada C_SIMILARIDADE); revisar antes de decidir NOVA ou JA_EXISTE.",Caderno Lei Maria da Penha - 201 ao 400.pdf,15
328,3449398,INSTITUTO MAIS,Ag Fisc (CRESS 9)/CRESS 9 (SP)/2024,2024,"De acordo com a Lei n.0 11.340/2006, conhecida como Lei Maria da Penha, qualquer conduta que cause dano emocional e diminuição da autoestima…",NOVA,,U1,,BANCO_GERAL_MISSAO_FINAL,baixa,Classificacao heuristica (nao lida individualmente nesta fase): vocabulario tematico (score 1): U1. Recomenda-se leitura dedicada antes de usar como pratica de unidade.,Caderno Lei Maria da Penha - 201 ao 400.pdf,25
329,3055885,UFMT,Psic (Pref Campos de Júlio)/Pref Campos de Júlio/Sem Área/2024,2024,"A violência contra a mulher que, no estado do Mato Grosso atinge números alarmantes, se configura como uma violação dos Direitos Humanos, ex…",NOVA,,U1,,BANCO_GERAL_MISSAO_FINAL,baixa,Classificacao heuristica (nao lida individualmente nesta fase): vocabulario tematico (score 1): U1. Recomenda-se leitura dedicada antes de usar como pratica de unidade.,Caderno Lei Maria da Penha - 201 ao 400.pdf,25
330,3055293,OBJETIVA CONCURSOS,TEnf (Pref Pato Bragado)/Pref Pato Bragado/2024,2024,"A Lei nº 11.340/2006 — Lei Maria da Penha é uma lei federal brasileira, cujo objetivo principal é estipular punição adequada e coibir atos d…",NEAR_DUPLICATE_REVISAR,861,,,NAO_IMPORTAR,baixa,"Similaridade 0.422 com questao existente id 861 (camada C_SIMILARIDADE); revisar antes de decidir NOVA ou JA_EXISTE.",Caderno Lei Maria da Penha - 201 ao 400.pdf,25
331,3449442,IDCAP,Psic (CM São Mateus)/CM São Mateus/2024,2024,"Maria, que vivia com seu companheiro há três anos, foi agredida por ele em sua própria residência. Embora eles não tenham laços familiares f…",NOVA,,U1,,BANCO_GERAL_MISSAO_FINAL,baixa,Classificacao heuristica (nao lida individualmente nesta fase): vocabulario tematico (score 3): U1. Recomenda-se leitura dedicada antes de usar como pratica de unidade.,Caderno Lei Maria da Penha - 201 ao 400.pdf,25
332,3050257,FGV,Aud CE (TCE-PA)/TCE PA/Administrativa/Psicologia/2024,2024,"Paula e Maurício são namorados e, em certa noite, após terem saído com amigos, Maurício teve uma crise de ciúmes, agredindo a namorada com p…",NOVA,,U1,,BANCO_GERAL_MISSAO_FINAL,baixa,Classificacao heuristica (nao lida individualmente nesta fase): vocabulario tematico (score 3): U1. Recomenda-se leitura dedicada antes de usar como pratica de unidade.,Caderno Lei Maria da Penha - 201 ao 400.pdf,26
333,3039026,FUNDATEC,Ag Con (Pref Londrina)/Pref Londrina/Funerário/2024,2024,"Atos de calúnia, difamação ou injúria configuram, nos termos da Lei Maria da Penha, violência:",NOVA,,,,BANCO_GERAL_MISSAO_FINAL,baixa,"Nenhum sinal de artigo ou vocabulario tematico detectado automaticamente; nao lida individualmente nesta fase.",Caderno Lei Maria da Penha - 201 ao 400.pdf,26
334,3031784,OBJETIVA CONCURSOS,ACS (Pref Vila Boa)/Pref Vila Boa/2024,2024,"No que diz respeito às configurações de violência doméstica e familiar contra a mulher, conforme a Lei nº 11.340/2006 − Lei Maria da Penha, …",NOVA,,U1,,BANCO_GERAL_MISSAO_FINAL,baixa,Classificacao heuristica (nao lida individualmente nesta fase): vocabulario tematico (score 2): U1. Recomenda-se leitura dedicada antes de usar como pratica de unidade.,Caderno Lei Maria da Penha - 201 ao 400.pdf,26
335,2812702,Instituto Consulplan,Prom Jus (MPE SC)/MPE SC/2024,2024,"Sobre o Estatuto da Criança e do Adolescente, Lei nº 8.069/1990, julgue os itens a seguir. Ana afirmou ser vítima de violência doméstica pra…",NOVA,,U1,7,BANCO_GERAL_MISSAO_FINAL,baixa,Classificacao heuristica (nao lida individualmente nesta fase): artigo citado no texto: 7. Recomenda-se leitura dedicada antes de usar como pratica de unidade.,Caderno Lei Maria da Penha - 201 ao 400.pdf,26
336,3487828,AVANÇASP,Proc (CM Itapecerica Serra)/CM Itapecerica Serra/2024,2024,"A Lei nº 11.340/2006 prevê, de forma exemplificativa, formas de violência doméstica e familiar contra a mulher, sendo: I – A _______________…",NOVA,,U1,,BANCO_GERAL_MISSAO_FINAL,baixa,Classificacao heuristica (nao lida individualmente nesta fase): vocabulario tematico (score 6): U1. Recomenda-se leitura dedicada antes de usar como pratica de unidade.,Caderno Lei Maria da Penha - 201 ao 400.pdf,26
337,3021691,OBJETIVA CONCURSOS,Enf (Pref Nonoai)/Pref Nonoai/2024,2024,"Sobre a violência doméstica e familiar contra a mulher, de acordo com a Lei nº 11.340/2006 – Lei Maria da Penha, assinalar a alternativa INC…",NOVA,,U1,,BANCO_GERAL_MISSAO_FINAL,baixa,Classificacao heuristica (nao lida individualmente nesta fase): vocabulario tematico (score 3): U1. Recomenda-se leitura dedicada antes de usar como pratica de unidade.,Caderno Lei Maria da Penha - 201 ao 400.pdf,27
338,3014724,OBJETIVA CONCURSOS,Fono (Pref Jaguariaíva)/Pref Jaguariaíva/2024,2024,"A respeito das formas de violência doméstica e familiar, conforme a Lei nº 11.340/2006 – Lei Maria da Penha, relacionar as colunas e assinal…",NOVA,,U1,,BANCO_GERAL_MISSAO_FINAL,baixa,Classificacao heuristica (nao lida individualmente nesta fase): vocabulario tematico (score 4): U1. Recomenda-se leitura dedicada antes de usar como pratica de unidade.,Caderno Lei Maria da Penha - 201 ao 400.pdf,27
339,2880717,IBADE,Ana Mun (FDT)/FDT/Assistência Social/2024,2024,"Baseado na Lei No 11.340/2006, a violência física é compreendida como:",NOVA,,U1,,BANCO_GERAL_MISSAO_FINAL,baixa,Classificacao heuristica (nao lida individualmente nesta fase): vocabulario tematico (score 1): U1. Recomenda-se leitura dedicada antes de usar como pratica de unidade.,Caderno Lei Maria da Penha - 201 ao 400.pdf,27
340,3007801,Instituto Consulplan,Ori Soc (Pref Pouso Alegre)/Pref Pouso Alegre/2024,2024,"Nos termos da Lei nº 11.340/2006 – Lei Maria da Penha, tem-se a consideração acerca daquela violência entendida como qualquer conduta que co…",NOVA,,,,BANCO_GERAL_MISSAO_FINAL,baixa,"Nenhum sinal de artigo ou vocabulario tematico detectado automaticamente; nao lida individualmente nesta fase.",Caderno Lei Maria da Penha - 201 ao 400.pdf,27
341,3007260,ITAME,ASoc (Pref C Dourada (GO))/Pref C Dourada (GO)/2024,2024,"Preencha as lacunas a seguir, tomando por base a Lei nº 11.340/2006, também conhecida como Lei Maria da Penha e, em seguida, marque a altern…",NOVA,,U1,,BANCO_GERAL_MISSAO_FINAL,baixa,Classificacao heuristica (nao lida individualmente nesta fase): vocabulario tematico (score 4): U1. Recomenda-se leitura dedicada antes de usar como pratica de unidade.,Caderno Lei Maria da Penha - 201 ao 400.pdf,15
342,3509833,OBJETIVA CONCURSOS,Ag (Pref Guaraniaçu)/Pref Guaraniaçu/Comunitário de Saúde/2024,2024,"Sobre as formas de violência psicológica, conforme a Lei nº 11.340/2006 − Lei Maria da Penha, analisar os itens. I. Perseguição contumaz. II…",NOVA,,U1,,BANCO_GERAL_MISSAO_FINAL,baixa,Classificacao heuristica (nao lida individualmente nesta fase): vocabulario tematico (score 2): U1. Recomenda-se leitura dedicada antes de usar como pratica de unidade.,Caderno Lei Maria da Penha - 201 ao 400.pdf,15
343,3509955,OBJETIVA CONCURSOS,Dent (Guaraniaçu)/Pref Guaraniaçu/ESF/2024,2024,"Sobre a configuração de violência doméstica e familiar contra a mulher, de acordo com a Lei nº 11.340/2006 − Lei Maria da Penha, avaliar se …",NOVA,,U1,,BANCO_GERAL_MISSAO_FINAL,baixa,Classificacao heuristica (nao lida individualmente nesta fase): vocabulario tematico (score 1): U1. Recomenda-se leitura dedicada antes de usar como pratica de unidade.,Caderno Lei Maria da Penha - 201 ao 400.pdf,15
344,2819011,IBFC,Ana PAS (AMPASS)/AMPASS RECIPREV/Assistente Social/2024,2024,A Lei de nº 11.340/2006 e também conhecida como Lei Maria da Penha busca coibir ou prevenir a violência doméstica e familiar cometida contra…,NOVA,,U1,7,BANCO_GERAL_MISSAO_FINAL,baixa,Classificacao heuristica (nao lida individualmente nesta fase): artigo citado no texto: 7. Recomenda-se leitura dedicada antes de usar como pratica de unidade.,Caderno Lei Maria da Penha - 201 ao 400.pdf,15
345,2826549,AVANÇASP,Ag (Pref Laranjal P)/Pref Laranjal Pta/Social/2024,2024,Analise os itens de acordo com a Lei Federal n.º 11.340/06. Configura-se violência doméstica e familiar contra a mulher qualquer ação ou omi…,NEAR_DUPLICATE_REVISAR,861,,,NAO_IMPORTAR,baixa,"Similaridade 0.433 com questao existente id 861 (camada C_SIMILARIDADE); revisar antes de decidir NOVA ou JA_EXISTE.",Caderno Lei Maria da Penha - 201 ao 400.pdf,15
346,2826587,AVANÇASP,Ag (Pref Laranjal P)/Pref Laranjal Pta/Social/2024,2024,"Camila e Rafael, após anos de namoro, decidiram romper o relacionamento. Entretanto, desde a separação, Rafael tem demonstrado comportamento…",NOVA,,U1,,BANCO_GERAL_MISSAO_FINAL,baixa,Classificacao heuristica (nao lida individualmente nesta fase): vocabulario tematico (score 2): U1. Recomenda-se leitura dedicada antes de usar como pratica de unidade.,Caderno Lei Maria da Penha - 201 ao 400.pdf,15
347,3532980,IDECAN,ASoc (PB Saúde)/PB Saúde/2024,2024,"Configura violência doméstica e familiar contra a mulher qualquer ação ou omissão baseada no gênero que lhe cause morte, lesão, sofrimento f…",NEAR_DUPLICATE_REVISAR,346,,,NAO_IMPORTAR,baixa,"Similaridade 0.386 com questao existente id 346 (camada C_SIMILARIDADE); revisar antes de decidir NOVA ou JA_EXISTE.",Caderno Lei Maria da Penha - 201 ao 400.pdf,15
348,3572346,ADM&TEC,ASoc (Pref M de Camaragibe)/Pref M de Camaragibe/2024,2024,"Fundamentado na Lei Nº 11.340/2006, podemos afirmar que a Violência Sexual é compreendida como:",NOVA,,U1,,BANCO_GERAL_MISSAO_FINAL,baixa,Classificacao heuristica (nao lida individualmente nesta fase): vocabulario tematico (score 1): U1. Recomenda-se leitura dedicada antes de usar como pratica de unidade.,Caderno Lei Maria da Penha - 201 ao 400.pdf,15
349,3575952,ADM&TEC,ASoc (Pref São L Quitunde)/Pref São L Quitunde/2024,2024,Por Violência Moral compreende-se:,NOVA,,U1,,BANCO_GERAL_MISSAO_FINAL,baixa,Classificacao heuristica (nao lida individualmente nesta fase): vocabulario tematico (score 1): U1. Recomenda-se leitura dedicada antes de usar como pratica de unidade.,Caderno Lei Maria da Penha - 201 ao 400.pdf,30
350,2983066,FGV,GM (Pref Vitória)/Pref Vitória/2024,2024,"Joana, casada com Caio há cinco anos, resolveu procurar um advogado para se divorciar, de forma a pôr fim ao vínculo matrimonial, pois, em d…",NOVA,,U1,,BANCO_GERAL_MISSAO_FINAL,baixa,Classificacao heuristica (nao lida individualmente nesta fase): vocabulario tematico (score 1): U1. Recomenda-se leitura dedicada antes de usar como pratica de unidade.,Caderno Lei Maria da Penha - 201 ao 400.pdf,30
351,2983038,CEBRASPE (CESPE),ASoc (Pref Cach Itapemirim)/Pref Cach Itapemirim/2024,2024,"Maria, com 62 anos de idade, é casada com João, com 66 anos de idade. Moram com eles Antônio, filho de João e Maria, Ana, esposa de Antônio,…",NOVA,,,,BANCO_GERAL_MISSAO_FINAL,baixa,"Nenhum sinal de artigo ou vocabulario tematico detectado automaticamente; nao lida individualmente nesta fase.",Caderno Lei Maria da Penha - 201 ao 400.pdf,30
352,2983032,CEBRASPE (CESPE),ASoc (Pref Cach Itapemirim)/Pref Cach Itapemirim/2024,2024,"Maria, com 62 anos de idade, é casada com João, com 66 anos de idade. Moram com eles Antônio, filho de João e Maria, Ana, esposa de Antônio,…",NOVA,,U1,,BANCO_GERAL_MISSAO_FINAL,baixa,Classificacao heuristica (nao lida individualmente nesta fase): vocabulario tematico (score 1): U1. Recomenda-se leitura dedicada antes de usar como pratica de unidade.,Caderno Lei Maria da Penha - 201 ao 400.pdf,30
353,3595399,FUNDATEC,Ag Adm (Pref Alegria)/Pref Alegria/2024,2024,"Segundo a Lei Maria da Penha, Lei Federal nº 11.340/2006, analise as assertivas abaixo, assinalando V, se verdadeiras, ou F, se falsas. ( ) …",NOVA,,U1,,BANCO_GERAL_MISSAO_FINAL,baixa,Classificacao heuristica (nao lida individualmente nesta fase): vocabulario tematico (score 2): U1. Recomenda-se leitura dedicada antes de usar como pratica de unidade.,Caderno Lei Maria da Penha - 201 ao 400.pdf,30
354,3595916,FUNDATEC,ASoc (Pref Alegria)/Pref Alegria/2024,2024,"Analise as seguintes asserções e a relação proposta entre elas, tendo por referência a Lei Federal nº 11.340/2006, Lei Maria da Penha: I. A …",NOVA,,U1,,BANCO_GERAL_MISSAO_FINAL,baixa,Classificacao heuristica (nao lida individualmente nesta fase): vocabulario tematico (score 1): U1. Recomenda-se leitura dedicada antes de usar como pratica de unidade.,Caderno Lei Maria da Penha - 201 ao 400.pdf,15
355,2968027,ITAME,Ag (Pref SLM Belos)/Pref SLM Belos/Comunitário de Saúde/2024,2024,"De acordo com a Lei Maria da Penha, são formas de violência doméstica e familiar contra a mulher:",NOVA,,U1,,BANCO_GERAL_MISSAO_FINAL,baixa,Classificacao heuristica (nao lida individualmente nesta fase): vocabulario tematico (score 2): U1. Recomenda-se leitura dedicada antes de usar como pratica de unidade.,Caderno Lei Maria da Penha - 201 ao 400.pdf,15
356,3595917,FUNDATEC,ASoc (Pref Alegria)/Pref Alegria/2024,2024,"Amélia, casada há 10 anos, compareceu à delegacia da cidade onde mora para denunciar prática de violência cometida contra ela por seu marido…",NOVA,,,,BANCO_GERAL_MISSAO_FINAL,baixa,"Nenhum sinal de artigo ou vocabulario tematico detectado automaticamente; nao lida individualmente nesta fase.",Caderno Lei Maria da Penha - 201 ao 400.pdf,15
357,3596067,FUNDATEC,Coz (Pref Alegria)/Pref Alegria/2024,2024,"“Ele pegou, veio para cima de mim. Aí começou a luta, foi aí que apareceram cinco pessoas tentando acalmar, bateram nele. Quando as pessoas …",NOVA,,,,BANCO_GERAL_MISSAO_FINAL,baixa,"Nenhum sinal de artigo ou vocabulario tematico detectado automaticamente; nao lida individualmente nesta fase.",Caderno Lei Maria da Penha - 201 ao 400.pdf,15
358,2827943,FUNDATEC,Bib Esc (N Hamburgo)/Pref Novo Hamburgo/2024,2024,"Acerca das disposições da Lei Maria da Penha (Lei nº 11.340/2006), analise as assertivas abaixo e assinale a alternativa correta. I. A violê…",NOVA,,U1,,BANCO_GERAL_MISSAO_FINAL,baixa,Classificacao heuristica (nao lida individualmente nesta fase): vocabulario tematico (score 3): U1. Recomenda-se leitura dedicada antes de usar como pratica de unidade.,Caderno Lei Maria da Penha - 201 ao 400.pdf,15
359,2966706,Instituto Consulplan,Cuid Soc (Pref SM Jetibá)/Pref SM Jetibá/2024,2024,"A violência contra a mulher é uma realidade global que transcende fronteiras culturais e socioeconômicas, constituindo-se como uma grave vio…",NOVA,,U1,,BANCO_GERAL_MISSAO_FINAL,baixa,Classificacao heuristica (nao lida individualmente nesta fase): vocabulario tematico (score 2): U1. Recomenda-se leitura dedicada antes de usar como pratica de unidade.,Caderno Lei Maria da Penha - 201 ao 400.pdf,15
360,3630576,FUNDATEC,Ass Soc (CM Passo Sobrado)/CM Passo Sobrado/2024,2024,"Julia engravidou de Rodrigo, e ele a forçou a abortar. Conforme previsto na Lei Maria da Penha, a atitude de Rodrigo é enquadrada como qual …",NOVA,,,,BANCO_GERAL_MISSAO_FINAL,baixa,"Nenhum sinal de artigo ou vocabulario tematico detectado automaticamente; nao lida individualmente nesta fase.",Caderno Lei Maria da Penha - 201 ao 400.pdf,15
361,2962308,IBADE,Ass Soc (Pref Jaru)/Pref Jaru/2024,2024,Associe as formas de violência doméstica e familiar contra a mulher (1ª coluna) com seus respectivos exemplos legais de acordo com a Lei Mar…,NOVA,,U1,,BANCO_GERAL_MISSAO_FINAL,baixa,Classificacao heuristica (nao lida individualmente nesta fase): vocabulario tematico (score 4): U1. Recomenda-se leitura dedicada antes de usar como pratica de unidade.,Caderno Lei Maria da Penha - 201 ao 400.pdf,15
362,3630969,FUNDATEC,ASG (CM Passo Sobrado)/CM Passo Sobrado/2024,2024,"Com base na Lei Maria da Penha, “A violência , forma de violência doméstica e familiar contra a mulher, é entendida como qualquer conduta qu…",NOVA,,,,BANCO_GERAL_MISSAO_FINAL,baixa,"Nenhum sinal de artigo ou vocabulario tematico detectado automaticamente; nao lida individualmente nesta fase.",Caderno Lei Maria da Penha - 201 ao 400.pdf,15
363,3631202,FUNDATEC,Ag Faz (Pref Passo Sobrado)/Pref Passo Sobrado/2024,2024,"Conforme a Lei Maria da Penha, analise as assertivas abaixo e assinale V, se verdadeiras, ou F, se falsas. ( ) A violência doméstica e famil…",NOVA,,U1,,BANCO_GERAL_MISSAO_FINAL,baixa,Classificacao heuristica (nao lida individualmente nesta fase): vocabulario tematico (score 3): U1. Recomenda-se leitura dedicada antes de usar como pratica de unidade.,Caderno Lei Maria da Penha - 201 ao 400.pdf,15
364,2955765,Instituto Consulplan,Ori Soc (Pref Espera Feliz)/Pref Espera Feliz/2024,2024,"Sávio é orientador social da Prefeitura Municipal de Espera Feliz e uma de suas atribuições é desenvolver atividades socioeducativas, de con…",NOVA,,U1,,BANCO_GERAL_MISSAO_FINAL,baixa,Classificacao heuristica (nao lida individualmente nesta fase): vocabulario tematico (score 3): U1. Recomenda-se leitura dedicada antes de usar como pratica de unidade.,Caderno Lei Maria da Penha - 201 ao 400.pdf,33
365,3682521,CPCON UEPB,Ass Sc (Soledade PB)/Pref Soledade (PB)/2024,2024,"Maria é uma adolescente de 14 anos de idade, estudante da escola municipal do município ABCD, e faz o 8° ano do Ensino Fundamental. Sua mãe …",NOVA,,U1,,BANCO_GERAL_MISSAO_FINAL,baixa,Classificacao heuristica (nao lida individualmente nesta fase): vocabulario tematico (score 2): U1. Recomenda-se leitura dedicada antes de usar como pratica de unidade.,Caderno Lei Maria da Penha - 201 ao 400.pdf,33
366,2955256,Legalle,CTSP (BM RS)/BM RS/2024,2024,De acordo com a Lei n.º 11 340/2006 (Lei Maria da Penha). assinale a alternativa CORRETA.,PROBLEMATICA,,,,NAO_IMPORTAR,,"Provavel erro de extracao do PDF: as alternativas (a), (b) e (e) tem virgulas que vieram como ponto final seguido de continuacao em minusculas (padrao sistematico nesta questao). Revisar manualmente contra o PDF original antes de importar.",Caderno Lei Maria da Penha - 201 ao 400.pdf,33
367,2948920,Instituto Consulplan,CSoc (Pref Miracema)/Pref Miracema/2024,2024,Cláudia é cuidadora social da Prefeitura Municipal de Miracema e uma de suas atribuições é realizar acolhimento de mulheres vítimas de violê…,NOVA,,U1,"7;5;2",BANCO_GERAL_MISSAO_FINAL,baixa,"Classificacao heuristica (nao lida individualmente nesta fase): artigo citado no texto: 7,5,2. Recomenda-se leitura dedicada antes de usar como pratica de unidade.",Caderno Lei Maria da Penha - 201 ao 400.pdf,33
368,2941057,AVANÇASP,Coor CRAS (Pref Lorena)/Pref Lorena/2024,2024,"Sobre as formas de violência doméstica e familiar contra a mulher, entre outras, analise os itens a seguir: ( ) considera-se violência físic…",NOVA,,U1,,BANCO_GERAL_MISSAO_FINAL,baixa,Classificacao heuristica (nao lida individualmente nesta fase): vocabulario tematico (score 4): U1. Recomenda-se leitura dedicada antes de usar como pratica de unidade.,Caderno Lei Maria da Penha - 201 ao 400.pdf,34
369,2847969,FUNDATEC,ASoc (Pref Alpestre)/Pref Alpestre/2024,2024,"Após a promulgação da Lei Maria da Penha, foram abertos mais espaços de discussão a respeito das várias formas de violência doméstica e fami…",NOVA,,U1,,BANCO_GERAL_MISSAO_FINAL,baixa,Classificacao heuristica (nao lida individualmente nesta fase): vocabulario tematico (score 3): U1. Recomenda-se leitura dedicada antes de usar como pratica de unidade.,Caderno Lei Maria da Penha - 201 ao 400.pdf,34
370,2940236,Instituto Consulplan,GCM (Pref Pitangueiras)/Pref Pitangueiras SP/Feminino/2024,2024,"Analise as situações hipotéticas a seguir. I. O marido de AGV, 22 anos, é policial militar e a agrediu fisicamente gerando inúmeras lesões d…",NOVA,,U4,,PRATICA_UNIDADE,alta,Revisao manual completa: Assertivas corretas tratam de suspensao/restricao de porte de armas (art. 22) e competencia civel do Juizado (art. 14).,Caderno Lei Maria da Penha - 201 ao 400.pdf,34
371,2936068,FGV,Ass Soc (TJ SC)/TJ SC/2024,2024,"Para os efeitos da Lei Maria da Penha, configura violência doméstica e familiar contra a mulher qualquer ação ou omissão baseada no gênero q…",NOVA,,U1,,BANCO_GERAL_MISSAO_FINAL,baixa,Classificacao heuristica (nao lida individualmente nesta fase): vocabulario tematico (score 2): U1. Recomenda-se leitura dedicada antes de usar como pratica de unidade.,Caderno Lei Maria da Penha - 201 ao 400.pdf,34
372,2932376,IGEDUC,GM (Pref Arcoverde)/Pref Arcoverde/2024,2024,Julgue o item subsequente. A Lei Maria da Penha (Lei 11.340/2006) se aplica somente a mulheres que estejam legalmente casadas ou em união es…,NOVA,,,,BANCO_GERAL_MISSAO_FINAL,baixa,"Nenhum sinal de artigo ou vocabulario tematico detectado automaticamente; nao lida individualmente nesta fase.",Caderno Lei Maria da Penha - 201 ao 400.pdf,35
373,2932194,IGEDUC,GM (Pref Arcoverde)/Pref Arcoverde/2024,2024,"Julgue o item subsequente. De acordo com a Lei Maria da Penha, a violência doméstica e familiar contra a mulher é exclusiva das relações het…",NOVA,,,,BANCO_GERAL_MISSAO_FINAL,baixa,"Nenhum sinal de artigo ou vocabulario tematico detectado automaticamente; nao lida individualmente nesta fase.",Caderno Lei Maria da Penha - 201 ao 400.pdf,35
374,2932188,IGEDUC,GM (Pref Arcoverde)/Pref Arcoverde/2024,2024,"Julgue o item subsequente. Segundo a Lei Maria da Penha (Lei 11.340/2006), a violência física é a única forma de violência doméstica reconhe…",NOVA,,U1,,BANCO_GERAL_MISSAO_FINAL,baixa,Classificacao heuristica (nao lida individualmente nesta fase): vocabulario tematico (score 1): U1. Recomenda-se leitura dedicada antes de usar como pratica de unidade.,Caderno Lei Maria da Penha - 201 ao 400.pdf,35
375,2847886,FUNDATEC,Serv (CM Alpestre)/CM Alpestre/2024,2024,"Conforme disposto na Lei Maria da Penha, é uma forma de violência doméstica contra a mulher:",NOVA,,U1,,BANCO_GERAL_MISSAO_FINAL,baixa,Classificacao heuristica (nao lida individualmente nesta fase): vocabulario tematico (score 1): U1. Recomenda-se leitura dedicada antes de usar como pratica de unidade.,Caderno Lei Maria da Penha - 201 ao 400.pdf,35
376,2924320,FGV,Psic (Pref Caraguatatuba)/Pref Caraguatatuba/30h/2024,2024,"Ana vive relacionamento amoroso com Camila, que é alcoolista. Ao chegar embriagada em casa, Camila proferiu palavras de baixo calão contra a…",NOVA,,,,BANCO_GERAL_MISSAO_FINAL,baixa,"Nenhum sinal de artigo ou vocabulario tematico detectado automaticamente; nao lida individualmente nesta fase.",Caderno Lei Maria da Penha - 201 ao 400.pdf,35
377,2847880,FUNDATEC,Serv (CM Alpestre)/CM Alpestre/2024,2024,"Todos os meses João pegava a maior parte do salário de sua esposa, Vera, e usava o dinheiro para jogar pôquer e ir ao bar com seus amigos be…",NOVA,,U1,,BANCO_GERAL_MISSAO_FINAL,baixa,Classificacao heuristica (nao lida individualmente nesta fase): vocabulario tematico (score 3): U1. Recomenda-se leitura dedicada antes de usar como pratica de unidade.,Caderno Lei Maria da Penha - 201 ao 400.pdf,35
378,2922139,ADM&TEC,GCM (UNATTRAN)/UNATTRAN/2024,2024,Analise as afirmativas a seguir: I. A violência doméstica e familiar contra a mulher constitui uma das formas de violação dos direitos human…,NOVA,,U1+U2,,PRATICA_UNIDADE,alta,"Revisao manual completa: Assertiva verdadeira combina violacao dos DH (art. 6º, U1) e politica publica articulada (art. 8º, U2) em um so bloco.",Caderno Lei Maria da Penha - 201 ao 400.pdf,36
379,2919563,MS (SARMENTO),ASoc Sau (Pref Adustina)/Pref Adustina/2024,2024,"A Lei n.º 11.340, de 7 de agosto de 2006, (Lei Maria da Penha) traz em seu texto diversas formas de violência. Assinale a alternativa corret…",NOVA,,U1,,BANCO_GERAL_MISSAO_FINAL,baixa,Classificacao heuristica (nao lida individualmente nesta fase): vocabulario tematico (score 6): U1. Recomenda-se leitura dedicada antes de usar como pratica de unidade.,Caderno Lei Maria da Penha - 201 ao 400.pdf,36
380,2910137,FGV,Tec NS (TJ MS)/TJ MS/Psicologia/2024,2024,"Inconformado com a decisão de Paula de pôr fim ao casamento, Carlos passou a fazer publicações em redes sociais acusando a ex-mulher de gast…",NOVA,,,,BANCO_GERAL_MISSAO_FINAL,baixa,"Nenhum sinal de artigo ou vocabulario tematico detectado automaticamente; nao lida individualmente nesta fase.",Caderno Lei Maria da Penha - 201 ao 400.pdf,36
381,2904890,VUNESP,ASoc (Pref Santo André)/Pref Santo André/2024,2024,"A Lei nº 11.340/2006, conhecida por Lei Maria da Penha, cria mecanismos para coibir a violência doméstica e familiar contra a mulher constit…",NOVA,,,,BANCO_GERAL_MISSAO_FINAL,baixa,"Nenhum sinal de artigo ou vocabulario tematico detectado automaticamente; nao lida individualmente nesta fase.",Caderno Lei Maria da Penha - 201 ao 400.pdf,36
382,2900733,Instituto AOCP,Pol Pen (DEPPEN PR)/DEPPEN PR/2024,2024,"De acordo com a Lei Maria da Penha (Lei Federal nº 11.340/2006), preencha a lacuna e assinale a alternativa correta. É forma de violência do…",NOVA,,U1,,BANCO_GERAL_MISSAO_FINAL,baixa,Classificacao heuristica (nao lida individualmente nesta fase): vocabulario tematico (score 1): U1. Recomenda-se leitura dedicada antes de usar como pratica de unidade.,Caderno Lei Maria da Penha - 201 ao 400.pdf,36
383,2898378,Instituto ACCESS,GM (Cariacica)/Pref Cariacica/2024,2024,"De acordo com a legislação pertinente, no contexto da violência doméstica, está incluído o listado nas alternativas a seguir, à exceção de u…",NOVA,,,,BANCO_GERAL_MISSAO_FINAL,baixa,"Nenhum sinal de artigo ou vocabulario tematico detectado automaticamente; nao lida individualmente nesta fase.",Caderno Lei Maria da Penha - 201 ao 400.pdf,37
384,2842551,IVIN,GM (Pref Curuçá)/Pref Curuçá/2024,2024,"De acordo com a Lei nº 11.340/2006, assinale a alternativa que indica correta e respectivamente a quais formas de violência doméstica e fami…",NOVA,,U1,,BANCO_GERAL_MISSAO_FINAL,baixa,Classificacao heuristica (nao lida individualmente nesta fase): vocabulario tematico (score 6): U1. Recomenda-se leitura dedicada antes de usar como pratica de unidade.,Caderno Lei Maria da Penha - 201 ao 400.pdf,37
385,2859577,IGEDUC,GM (Pref B Jardim)/Pref Belo Jardim/2024,2024,"A Lei Maria da Penha estabelece que a violência doméstica e familiar contra a mulher não se limita ao ambiente físico, reconhecendo como vio…",NEAR_DUPLICATE_REVISAR,861,,,NAO_IMPORTAR,baixa,"Similaridade 0.364 com questao existente id 861 (camada C_SIMILARIDADE); revisar antes de decidir NOVA ou JA_EXISTE.",Caderno Lei Maria da Penha - 201 ao 400.pdf,37
386,2859690,IGEDUC,GM (Pref Garanhuns)/Pref Garanhuns/2024,2024,"Para os efeitos da Lei Maria da Penha, considera-se violência doméstica e familiar contra a mulher qualquer ação ou omissão que cause morte,…",NOVA,,,,BANCO_GERAL_MISSAO_FINAL,baixa,"Nenhum sinal de artigo ou vocabulario tematico detectado automaticamente; nao lida individualmente nesta fase.",Caderno Lei Maria da Penha - 201 ao 400.pdf,37
387,2861901,RBO,GC (Pref Cotia)/Pref Cotia/2024,2024,"A violência doméstica e familiar contra a mulher, entendida como qualquer conduta que configure calúnia, difamação ou injúria denomina-se:",NOVA,,U1,,BANCO_GERAL_MISSAO_FINAL,baixa,Classificacao heuristica (nao lida individualmente nesta fase): vocabulario tematico (score 3): U1. Recomenda-se leitura dedicada antes de usar como pratica de unidade.,Caderno Lei Maria da Penha - 201 ao 400.pdf,37
388,2840222,FUNDATEC,Arqt (Pref Jari)/Pref Jari/2024,2024,"Conforme a Lei Maria da Penha, Lei nº 11.340/2006, existem diversas formas de violência contra a mulher. Segundo a referida Lei, a diminuiçã…",NOVA,,U1,,BANCO_GERAL_MISSAO_FINAL,baixa,Classificacao heuristica (nao lida individualmente nesta fase): vocabulario tematico (score 1): U1. Recomenda-se leitura dedicada antes de usar como pratica de unidade.,Caderno Lei Maria da Penha - 201 ao 400.pdf,37
389,2890074,FUNCERN,GCM (Pref Parnamirim)/Pref Parnamirim (RN)/2024,2024,"De acordo com a Lei Maria da Penha, Lei Federal No 11.340/2006, configura-se violência doméstica e familiar contra a mulher qualquer ação ou…",NEAR_DUPLICATE_REVISAR,346,,,NAO_IMPORTAR,baixa,"Similaridade 0.419 com questao existente id 346 (camada C_SIMILARIDADE); revisar antes de decidir NOVA ou JA_EXISTE.",Caderno Lei Maria da Penha - 201 ao 400.pdf,38
390,2862259,FUNDATEC,Ag (Pref Paulo Bento)/Pref Paulo Bento/Administrativo/Sem Especialidade/2024,2024,"Nos termos da Lei Maria da Penha (Lei nº 11.340/2006), a violência contra a mulher constitui uma das formas de violação dos direitos:",NOVA,,,,BANCO_GERAL_MISSAO_FINAL,baixa,"Nenhum sinal de artigo ou vocabulario tematico detectado automaticamente; nao lida individualmente nesta fase.",Caderno Lei Maria da Penha - 201 ao 400.pdf,38
391,2840121,FUNDATEC,Ag (Pref Jari)/Pref Jari/Combate às Endemias/2024,2024,"Conforme a Lei Maria da Penha, Lei nº 11.340/2006, relacione a Coluna 1 à Coluna 2, associando os conceitos apresentados às suas definições.…",NOVA,,U1,,BANCO_GERAL_MISSAO_FINAL,baixa,Classificacao heuristica (nao lida individualmente nesta fase): vocabulario tematico (score 2): U1. Recomenda-se leitura dedicada antes de usar como pratica de unidade.,Caderno Lei Maria da Penha - 201 ao 400.pdf,38
392,2877475,FGV,AJ (TJ AP)/TJ AP/Apoio Especializado/Psicólogo/2024,2024,A violência doméstica contra a mulher pode se manifestar de diferentes formas. Inconformada porque Clarice não aceitou suas propostas de rec…,NOVA,,U1,,BANCO_GERAL_MISSAO_FINAL,baixa,Classificacao heuristica (nao lida individualmente nesta fase): vocabulario tematico (score 3): U1. Recomenda-se leitura dedicada antes de usar como pratica de unidade.,Caderno Lei Maria da Penha - 201 ao 400.pdf,38
393,3169224,CONSULPLAN,Estag (TJ MG)/TJ MG/Direito/Pós-Graduação/2024,2024,"Ares passou a ridicularizar e a difamar publicamente Atena, sua namorada havia dois anos, como expressão de seu excessivo ciúme e visando co…",NOVA,,U1,,PRATICA_UNIDADE,alta,"Revisao manual completa: Testa aplicacao da lei a relacao de namoro independentemente de coabitacao (art. 5º, III e paragrafo unico).",Caderno Lei Maria da Penha - 201 ao 400.pdf,38
394,2718877,IBAM,CSoc (Pref Guarujá (SP))/Pref Guarujá (SP)/2023,2023,"Para os efeitos da Lei Maria da Penha, configura violência doméstica e familiar contra a mulher qualquer ação ou omissão baseada no gênero q…",NEAR_DUPLICATE_REVISAR,861,,,NAO_IMPORTAR,baixa,"Similaridade 0.561 com questao existente id 861 (camada C_SIMILARIDADE); revisar antes de decidir NOVA ou JA_EXISTE.",Caderno Lei Maria da Penha - 201 ao 400.pdf,39
395,3677814,CEPS UFPA,Ass Soc (UFPA)/UFPA/2023,2023,A Lei Maria da Penha (Lei nº 11.340 de 07 de agosto de 2006) “cria mecanismos para coibir e prevenir a violência doméstica e familiar contra…,NOVA,,U1,,PRATICA_UNIDADE,alta,Revisao manual completa: Reproduz a definicao do caput do art. 5º.,Caderno Lei Maria da Penha - 201 ao 400.pdf,39
396,3622849,URI,ASoc (Pref Entre-Ijuís)/Pref Entre-Ijuís/2023,2023,"Conforme a Lei Nº 11.340 de 07 de agosto de 2006, Lei MARIA DA PENHA, configura violência doméstica e familiar contra a mulher qualquer ação…",NEAR_DUPLICATE_REVISAR,861,,,NAO_IMPORTAR,baixa,"Similaridade 0.486 com questao existente id 861 (camada C_SIMILARIDADE); revisar antes de decidir NOVA ou JA_EXISTE.",Caderno Lei Maria da Penha - 201 ao 400.pdf,39
397,3611043,OBJETIVA CONCURSOS,ACD (Pref Matupá)/Pref Matupá/2023,2023,"A violência doméstica e familiar contra a mulher pode ocorrer de diversas formas. Nos termos da Lei nº 11.340/2006 — Lei Maria da Penha, qua…",NOVA,,U1,,BANCO_GERAL_MISSAO_FINAL,baixa,Classificacao heuristica (nao lida individualmente nesta fase): vocabulario tematico (score 4): U1. Recomenda-se leitura dedicada antes de usar como pratica de unidade.,Caderno Lei Maria da Penha - 201 ao 400.pdf,39
398,3610942,OBJETIVA CONCURSOS,ASoc Edu (Pref Matupá)/Pref Matupá/2023,2023,"A violência doméstica e familiar contra a mulher pode ocorrer de variadas formas. Nos termos da Lei nº 11.340/2006 — Lei Maria da Penha, qua…",NOVA,,U1,,BANCO_GERAL_MISSAO_FINAL,baixa,Classificacao heuristica (nao lida individualmente nesta fase): vocabulario tematico (score 4): U1. Recomenda-se leitura dedicada antes de usar como pratica de unidade.,Caderno Lei Maria da Penha - 201 ao 400.pdf,40
399,3603257,SELECON,ASoc (Pref Nova Mutum)/Pref Nova Mutum/2023,2023,"Fernanda tem um companheiro muito apaixonado e muito ciumento, o Alan, que afirma ter medo de perdê-la. Assim, sempre que o casal se encontr…",NOVA,,U1,,BANCO_GERAL_MISSAO_FINAL,baixa,Classificacao heuristica (nao lida individualmente nesta fase): vocabulario tematico (score 3): U1. Recomenda-se leitura dedicada antes de usar como pratica de unidade.,Caderno Lei Maria da Penha - 201 ao 400.pdf,40
400,3549476,FUNDATEC,Elet (Pref P das Missões)/Pref P das Missões/2023,2023,"De acordo com o texto da Lei Maria da Penha, a violência doméstica e familiar contra a mulher constitui uma das formas de __________ dos dir…",NOVA,,U1,,BANCO_GERAL_MISSAO_FINAL,baixa,Classificacao heuristica (nao lida individualmente nesta fase): vocabulario tematico (score 1): U1. Recomenda-se leitura dedicada antes de usar como pratica de unidade.,Caderno Lei Maria da Penha - 201 ao 400.pdf,40
401,3534524,FUNDATEC,ASoc (IPASEM CB)/IPASEM CB/2023,2023,A Lei Maria da Penha prevê mecanismos para coibir a violência doméstica e familiar contra a mulher. Nos termos do que estabelece a referida …,NOVA,,U1,,BANCO_GERAL_MISSAO_FINAL,baixa,Classificacao heuristica (nao lida individualmente nesta fase): vocabulario tematico (score 3): U1. Recomenda-se leitura dedicada antes de usar como pratica de unidade.,Caderno Lei Maria da Penha - 401 ao 600.pdf,1
402,3260966,COSEAC UFF,Ed Soc (FEMAR)/FEMAR/2023,2023,Considere os seguintes itens sobre a violência doméstica e familiar contra a mulher: I violência física. II violência psicológica. III violê…,NOVA,,U1,7,BANCO_GERAL_MISSAO_FINAL,baixa,Classificacao heuristica (nao lida individualmente nesta fase): artigo citado no texto: 7. Recomenda-se leitura dedicada antes de usar como pratica de unidade.,Caderno Lei Maria da Penha - 401 ao 600.pdf,1
403,3169677,OBJETIVA CONCURSOS,Enf (Pref Roque Gonzales)/Pref Roque Gonzales/2023,2023,"Em conformidade com a Lei nº 11.340/2006 — Lei Maria da Penha, caracteriza-se como violência psicológica contra a mulher qualquer conduta qu…",NOVA,,U1,,BANCO_GERAL_MISSAO_FINAL,baixa,Classificacao heuristica (nao lida individualmente nesta fase): vocabulario tematico (score 1): U1. Recomenda-se leitura dedicada antes de usar como pratica de unidade.,Caderno Lei Maria da Penha - 401 ao 600.pdf,1
404,3093006,Instituto AOCP,2º Ten Adm (PM DF)/PM DF/2023,2023,"De acordo com a Lei Federal nº 11.340/2006 (Lei Maria da Penha), é forma de violência doméstica e familiar contra a mulher",NOVA,,U1,,BANCO_GERAL_MISSAO_FINAL,baixa,Classificacao heuristica (nao lida individualmente nesta fase): vocabulario tematico (score 5): U1. Recomenda-se leitura dedicada antes de usar como pratica de unidade.,Caderno Lei Maria da Penha - 401 ao 600.pdf,1
405,3084531,OBJETIVA CONCURSOS,Tec Mun (Pref Canoas)/Pref Canoas/Técnico em Segurança do Trabalho/2023,2023,"Com o objetivo de criar mecanismos para coibir a violência doméstica e familiar contra a mulher, a chamada Lei Maria da Penha homenageia uma…",NOVA,,U1,,BANCO_GERAL_MISSAO_FINAL,baixa,Classificacao heuristica (nao lida individualmente nesta fase): vocabulario tematico (score 1): U1. Recomenda-se leitura dedicada antes de usar como pratica de unidade.,Caderno Lei Maria da Penha - 401 ao 600.pdf,1
406,3062789,FURB,Edu (Pref Blumenau)/Pref Blumenau/Social/Atuação em Transporte Escolar/2023,2023,Analise as condutas a seguir e indique qual delas está de acordo com a Lei Maria da Penha:,NOVA,,U1,,BANCO_GERAL_MISSAO_FINAL,baixa,Classificacao heuristica (nao lida individualmente nesta fase): vocabulario tematico (score 1): U1. Recomenda-se leitura dedicada antes de usar como pratica de unidade.,Caderno Lei Maria da Penha - 401 ao 600.pdf,1
407,3057596,Fundação La Salle,MVet (Pref Serafina Corrêa)/Pref Serafina Corrêa/20h/2023,2023,"Janice está sofrendo escola d violência doméstica. Ela trabalha em uma escola da rede municipal e foi conversar com um advogado e, na oportu…",NOVA,,,,BANCO_GERAL_MISSAO_FINAL,baixa,"Nenhum sinal de artigo ou vocabulario tematico detectado automaticamente; nao lida individualmente nesta fase.",Caderno Lei Maria da Penha - 401 ao 600.pdf,1
408,3000783,Instituto Consulplan,GCM (Pref Astolfo Dutra)/Pref Astolfo Dutra/Feminino/2023,2023,"A Lei Maria da Penha – Lei nº 11.340/2006, criou mecanismos para coibir a violência doméstica e familiar contra a mulher. A normativa, em se…",NOVA,,U1,7,BANCO_GERAL_MISSAO_FINAL,baixa,Classificacao heuristica (nao lida individualmente nesta fase): artigo citado no texto: 7. Recomenda-se leitura dedicada antes de usar como pratica de unidade.,Caderno Lei Maria da Penha - 401 ao 600.pdf,1
409,2999293,Instituto Consulplan,ASoc (Pref Jequié)/Pref Jequié/2023,2023,"O trecho a seguir contextualiza a questão. Leia-o atentamente. A Lei nº 11.340/2006 é uma homenagem a Maria da Penha Maia, farmacêutica e na…",NOVA,,U1,5,BANCO_GERAL_MISSAO_FINAL,baixa,Classificacao heuristica (nao lida individualmente nesta fase): artigo citado no texto: 5. Recomenda-se leitura dedicada antes de usar como pratica de unidade.,Caderno Lei Maria da Penha - 401 ao 600.pdf,1
410,2976888,EPL Concursos,ASoc (Pref Sta Rita (PB))/Pref Sta Rita (PB)/2023,2023,"De acordo com a Lei Maria da Penha (Lei nº 11.340/2006), qual das alternativas abaixo NÃO é uma das formas de violência doméstica e familiar…",NOVA,,U1,,BANCO_GERAL_MISSAO_FINAL,baixa,Classificacao heuristica (nao lida individualmente nesta fase): vocabulario tematico (score 4): U1. Recomenda-se leitura dedicada antes de usar como pratica de unidade.,Caderno Lei Maria da Penha - 401 ao 600.pdf,2
411,2967869,ITAME,GC (Pref SLM Belos)/Pref SLM Belos/2023,2023,"De acordo com o art. 29 da lei nº. 11.340/06, os Juizados de Violência Doméstica e Familiar contra a Mulher que vierem a ser criados poderão…",NOVA,,U1,29,PRATICA_UNIDADE,media,"Revisao manual completa: O enunciado cita o art. 29 apenas como contexto decorativo; a alternativa correta testa o art. 6º (violacao dos direitos humanos).",Caderno Lei Maria da Penha - 401 ao 600.pdf,2
412,2925122,IBFC,ASoc (EBSERH)/HU Brasil/2023,2023,"A Lei de nº 11.340/2006 nos apresenta, no artigo 7º. quais seriam as formas de violência cometidas contra a mulher. E dentre elas, podemos c…",NOVA,,U1,7,BANCO_GERAL_MISSAO_FINAL,baixa,Classificacao heuristica (nao lida individualmente nesta fase): artigo citado no texto: 7. Recomenda-se leitura dedicada antes de usar como pratica de unidade.,Caderno Lei Maria da Penha - 401 ao 600.pdf,2
413,2891542,IGEDUC,ASoc (Pref Pombos)/Pref Pombos/Secretaria de Educação/2023,2023,Julgue o item a seguir. A violência doméstica e familiar contra a mulher constitui uma das formas de violação dos direitos humanos.,NOVA,,U1,,BANCO_GERAL_MISSAO_FINAL,baixa,Classificacao heuristica (nao lida individualmente nesta fase): vocabulario tematico (score 1): U1. Recomenda-se leitura dedicada antes de usar como pratica de unidade.,Caderno Lei Maria da Penha - 401 ao 600.pdf,2
414,2890917,NTCS,GCM (Pref SJ da Baliza)/Pref SJ da Baliza/2023,2023,"A Lei 11.340/06, popularmente conhecida como “Lei Maria da Penha”, visa coibir a violência doméstica e familiar praticada contra a mulher. C…",NOVA,,U1,,BANCO_GERAL_MISSAO_FINAL,baixa,Classificacao heuristica (nao lida individualmente nesta fase): vocabulario tematico (score 3): U1. Recomenda-se leitura dedicada antes de usar como pratica de unidade.,Caderno Lei Maria da Penha - 401 ao 600.pdf,2
415,2885948,UNIVIDA,Ed Soc (Pref Terra Boa)/Pref Terra Boa/2023,2023,"Maria da Penha Maia Fernandes, cearense de 71 anos, é uma das milhares de vítimas brasileiras da violência doméstica. Por duas vezes o marid…",NOVA,,U1,,BANCO_GERAL_MISSAO_FINAL,baixa,Classificacao heuristica (nao lida individualmente nesta fase): vocabulario tematico (score 5): U1. Recomenda-se leitura dedicada antes de usar como pratica de unidade.,Caderno Lei Maria da Penha - 401 ao 600.pdf,2
416,2885524,NTCS,GCM (Pref Bonfim RR)/Pref Bonfim (RR)/2023,2023,"A Lei 11.340/06, popularmente conhecida como “Lei Maria da Penha”, cria mecanismos para coibir a violência doméstica e familiar contra a mul…",NOVA,,U1,,BANCO_GERAL_MISSAO_FINAL,baixa,Classificacao heuristica (nao lida individualmente nesta fase): vocabulario tematico (score 2): U1. Recomenda-se leitura dedicada antes de usar como pratica de unidade.,Caderno Lei Maria da Penha - 401 ao 600.pdf,3
417,2885113,FAU UNICENTRO,Ass Soc (UNIOESTE)/UNIOESTE/2023,2023,"Sobre a Lei Maria da Penha , marque (V) Verdadeiro ou (F) Falso e assinale a alternativa correspondente: ( ) A Lei cria mecanismos para coib…",NOVA,,U1,,BANCO_GERAL_MISSAO_FINAL,baixa,Classificacao heuristica (nao lida individualmente nesta fase): vocabulario tematico (score 4): U1. Recomenda-se leitura dedicada antes de usar como pratica de unidade.,Caderno Lei Maria da Penha - 401 ao 600.pdf,3
418,2881886,EDUCA PB,CEAE (Pref Pilões)/Pref Pilões/2023,2023,"Com base no Art. 7º da Lei nº 11.340/2006, “São formas de violência doméstica e familiar contra a mulher, entre outras: I. A violência físic…",NOVA,,U1,7,BANCO_GERAL_MISSAO_FINAL,baixa,Classificacao heuristica (nao lida individualmente nesta fase): artigo citado no texto: 7. Recomenda-se leitura dedicada antes de usar como pratica de unidade.,Caderno Lei Maria da Penha - 401 ao 600.pdf,3
419,2880201,EDUCA PB,ASoc (Pref Pilões)/Pref Pilões/2023,2023,"Segundo a Lei nº 11.340/96, – Maria da Penha, Art. 7º “São formas de violência doméstica e familiar contra a mulher”, entre outras: I. A vio…",NOVA,,U1,7,BANCO_GERAL_MISSAO_FINAL,baixa,Classificacao heuristica (nao lida individualmente nesta fase): artigo citado no texto: 7. Recomenda-se leitura dedicada antes de usar como pratica de unidade.,Caderno Lei Maria da Penha - 401 ao 600.pdf,3
420,2873346,IGEDUC,ASoc (Pref Pombos)/Pref Pombos/Secretaria de Assistência Social/2023,2023,"Julgue o item a seguir. De acordo com a lei Maria da Penha, configura violência doméstica e familiar contra a mulher qualquer ação ou omissã…",NEAR_DUPLICATE_REVISAR,861,,,NAO_IMPORTAR,baixa,"Similaridade 0.38 com questao existente id 861 (camada C_SIMILARIDADE); revisar antes de decidir NOVA ou JA_EXISTE.",Caderno Lei Maria da Penha - 401 ao 600.pdf,4
421,2872545,IGEDUC,Ori Soc (Pref Ingá)/Pref Ingá/2023,2023,"Julgue o item a seguir. Forçar relação ou ato sexual (mesmo que com marido ou companheiro), manter relação com mulher inconsciente, obrigar …",NOVA,,U1,,BANCO_GERAL_MISSAO_FINAL,baixa,Classificacao heuristica (nao lida individualmente nesta fase): vocabulario tematico (score 1): U1. Recomenda-se leitura dedicada antes de usar como pratica de unidade.,Caderno Lei Maria da Penha - 401 ao 600.pdf,4
422,2872477,IGEDUC,Ori Soc (Pref Ingá)/Pref Ingá/2023,2023,"Julgue o item a seguir. São exemplos de violência psicológica contra mulheres: rasgar roupas, quebrar celular, destruir fotos, controlar sal…",NOVA,,U1,,BANCO_GERAL_MISSAO_FINAL,baixa,Classificacao heuristica (nao lida individualmente nesta fase): vocabulario tematico (score 1): U1. Recomenda-se leitura dedicada antes de usar como pratica de unidade.,Caderno Lei Maria da Penha - 401 ao 600.pdf,4
423,2872471,IGEDUC,Ori Soc (Pref Ingá)/Pref Ingá/2023,2023,"Julgue o item a seguir. Insultar, caluniar, difamar, mentir para expor a mulher, inclusive com o uso das redes sociais e, ainda, fotografar …",NOVA,,U1,,BANCO_GERAL_MISSAO_FINAL,baixa,Classificacao heuristica (nao lida individualmente nesta fase): vocabulario tematico (score 1): U1. Recomenda-se leitura dedicada antes de usar como pratica de unidade.,Caderno Lei Maria da Penha - 401 ao 600.pdf,4
424,2854960,IBFC,Psic (SAEB BA)/SAEB BA/2023,2023,"A Lei Maria da Penha estabelece as formas de violência doméstica e familiar contra a mulher. Nesse sentido, assinale a alternativa correta s…",NOVA,,U1,,BANCO_GERAL_MISSAO_FINAL,baixa,Classificacao heuristica (nao lida individualmente nesta fase): vocabulario tematico (score 5): U1. Recomenda-se leitura dedicada antes de usar como pratica de unidade.,Caderno Lei Maria da Penha - 401 ao 600.pdf,4
425,2852647,ASSEGE,ASoc (Pref Aramari)/Pref Aramari/2023,2023,"A Lei Maria da Penha cria mecanismos para coibir e prevenir a violência doméstica e familiar contra a mulher, nos termos do § 8º do art. 226…",NOVA,,U1,,BANCO_GERAL_MISSAO_FINAL,baixa,Classificacao heuristica (nao lida individualmente nesta fase): vocabulario tematico (score 6): U1. Recomenda-se leitura dedicada antes de usar como pratica de unidade.,Caderno Lei Maria da Penha - 401 ao 600.pdf,5
426,2844317,GSA,GCM (Pref Itapetininga)/Pref Itapetininga/2023,2023,Em relação à Lei n. 11.340/06 que cria mecanismos para coibir a violência doméstica e familiar contra a mulher é correto afirmar que são for…,NOVA,,U1,,BANCO_GERAL_MISSAO_FINAL,baixa,Classificacao heuristica (nao lida individualmente nesta fase): vocabulario tematico (score 6): U1. Recomenda-se leitura dedicada antes de usar como pratica de unidade.,Caderno Lei Maria da Penha - 401 ao 600.pdf,5
427,2844316,GSA,GCM (Pref Itapetininga)/Pref Itapetininga/2023,2023,"Em relação à Lei n. 11.340/06 que cria mecanismos para coibir a violência doméstica e familiar contra a mulher, cujo fundamento de proteção …",NOVA,,U1,,BANCO_GERAL_MISSAO_FINAL,baixa,Classificacao heuristica (nao lida individualmente nesta fase): vocabulario tematico (score 2): U1. Recomenda-se leitura dedicada antes de usar como pratica de unidade.,Caderno Lei Maria da Penha - 401 ao 600.pdf,5
428,2837743,IBFC,Ass Soc (CET Santos)/CET Santos/2023,2023,A Lei de número 11.340/2006 indica uma série de aspectos sobre a violência cometida contra mulheres. No artigo 7º é apresentada a definição …,NOVA,,U1,7,BANCO_GERAL_MISSAO_FINAL,baixa,Classificacao heuristica (nao lida individualmente nesta fase): artigo citado no texto: 7. Recomenda-se leitura dedicada antes de usar como pratica de unidade.,Caderno Lei Maria da Penha - 401 ao 600.pdf,5
429,2837114,IBFC,Ag Aten (CET Santos)/CET Santos/2023,2023,"A respeito da Lei nº 11.340, de 7 de agosto de 2006, Lei Maria da Penha, assinale a alternativa correta.",NOVA,,U2,,PRATICA_UNIDADE,alta,"Revisao manual completa: Correta trata da manutencao do vinculo trabalhista por ate seis meses (art. 9º, §2º).",Caderno Lei Maria da Penha - 401 ao 600.pdf,6
430,2832645,FUNDATEC,ASG (CM Sapucaia do Sul)/CM Sapucaia do Sul/2023,2023,Leia a notícia da Figura 1 abaixo: Figura 1 Fonte: Jornal Pioneiro (24/10/2017) Segundo as disposições do Art. 7º da Lei Maria da Penha (Lei…,NOVA,,U1,7,BANCO_GERAL_MISSAO_FINAL,baixa,Classificacao heuristica (nao lida individualmente nesta fase): artigo citado no texto: 7. Recomenda-se leitura dedicada antes de usar como pratica de unidade.,Caderno Lei Maria da Penha - 401 ao 600.pdf,6
431,2832449,FUNDATEC,Ag (CM Sapucaia do Sul)/CM Sapucaia do Sul/Administrativo/2023,2023,Analise a notícia da Figura 1 a seguir: Figura 1 Fonte: GZH (10/07/2023) Com base nas disposições do Art. 7º da Lei Maria da Penha (Lei Fede…,PROBLEMATICA,,,,NAO_IMPORTAR,,"Questao depende de ""Figura 1"" (recorte de noticia/imagem) citada no enunciado, que nao esta disponivel em texto no PDF. Sem a imagem nao e possivel validar o enunciado nem confirmar a resposta.",Caderno Lei Maria da Penha - 401 ao 600.pdf,6
432,2832187,FUNDATEC,Ag (Água de Ivoti)/Água de Ivoti/Administrativo/2023,2023,"Analise as seguintes asserções e a relação proposta entre elas, tendo por referência a Lei Maria da Penha (Lei Federal nº 11.340/2006): I. A…",NOVA,,U1,,BANCO_GERAL_MISSAO_FINAL,baixa,Classificacao heuristica (nao lida individualmente nesta fase): vocabulario tematico (score 1): U1. Recomenda-se leitura dedicada antes de usar como pratica de unidade.,Caderno Lei Maria da Penha - 401 ao 600.pdf,15
433,2832030,INSTITUTO MAIS,GM (Pref Cosmópolis)/Pref Cosmópolis/2023,2023,"De acordo com a Lei Maria da Penha, entendida como qualquer conduta que cause danos emocionais e diminuição da autoestima ou que lhe prejudi…",NOVA,,,,BANCO_GERAL_MISSAO_FINAL,baixa,"Nenhum sinal de artigo ou vocabulario tematico detectado automaticamente; nao lida individualmente nesta fase.",Caderno Lei Maria da Penha - 401 ao 600.pdf,15
434,2831105,FUNDATEC,Serv (CM Agudo)/CM Agudo/2023,2023,"A Lei Maria da Penha (Lei nº 11.340/2006) ajuda a prevenir e impedir a violência doméstica e familiar contra a mulher. Segundo essa lei, vio…",NOVA,,,,BANCO_GERAL_MISSAO_FINAL,baixa,"Nenhum sinal de artigo ou vocabulario tematico detectado automaticamente; nao lida individualmente nesta fase.",Caderno Lei Maria da Penha - 401 ao 600.pdf,15
435,2830572,FUNDATEC,Aux Leg (CM Agudo)/CM Agudo/2023,2023,"Considerando as formas de violência especificadas pela Lei Maria da Penha, assinale a alternativa correta.",NOVA,,U1,,BANCO_GERAL_MISSAO_FINAL,baixa,Classificacao heuristica (nao lida individualmente nesta fase): vocabulario tematico (score 4): U1. Recomenda-se leitura dedicada antes de usar como pratica de unidade.,Caderno Lei Maria da Penha - 401 ao 600.pdf,15
436,2830569,FUNDATEC,Aux Leg (CM Agudo)/CM Agudo/2023,2023,"Maria é médica e é casada com Diego, que é engenheiro. Ambos são servidores concursados da Prefeitura de Agudo. O casal tem dois filhos: Joã…",NOVA,,U1,,PRATICA_UNIDADE,alta,Revisao manual completa: Testa o ambito de aplicacao da lei em contexto familiar (art. 5º).,Caderno Lei Maria da Penha - 401 ao 600.pdf,15
437,2828648,FCC,AJ (TJ BA)/TJ BA/Apoio Especializado/Pedagogo/2023,2023,"Nos termos da Lei nº 11.340/2006 (Lei Maria da Penha), a violência psicológica é",NOVA,,U1,,BANCO_GERAL_MISSAO_FINAL,baixa,Classificacao heuristica (nao lida individualmente nesta fase): vocabulario tematico (score 2): U1. Recomenda-se leitura dedicada antes de usar como pratica de unidade.,Caderno Lei Maria da Penha - 401 ao 600.pdf,8
438,2824698,AVANÇASP,OSoc (Pref Itapecerica S)/Pref Itapecerica S/2023,2023,"De acordo com a Lei Maria da Penha (Lei Federal n.º 11.340/06), assinale a alternativa com a sequencia correta. _______________, entendida c…",NOVA,,U1,,BANCO_GERAL_MISSAO_FINAL,baixa,Classificacao heuristica (nao lida individualmente nesta fase): vocabulario tematico (score 5): U1. Recomenda-se leitura dedicada antes de usar como pratica de unidade.,Caderno Lei Maria da Penha - 401 ao 600.pdf,8
439,2822362,FCC,AJ (TJ BA)/TJ BA/Apoio Especializado/Assistente Social/2023,2023,"Considera-se violência doméstica e familiar contra a mulher qualquer ação ou omissão baseada no gênero que lhe cause morte. lesão, sofriment…",NOVA,,U1,,BANCO_GERAL_MISSAO_FINAL,baixa,Classificacao heuristica (nao lida individualmente nesta fase): vocabulario tematico (score 1): U1. Recomenda-se leitura dedicada antes de usar como pratica de unidade.,Caderno Lei Maria da Penha - 401 ao 600.pdf,8
440,2813039,INTEGRI BRASIL,GC (Pref Socorro)/Pref Socorro/Estagiário/2023,2023,"De acordo com a Lei Federal nº 11.340, de 7 de agosto de 2006 - Art. 7º São formas de violência doméstica e familiar contra a mulher, entre …",NOVA,,U1,7,BANCO_GERAL_MISSAO_FINAL,baixa,Classificacao heuristica (nao lida individualmente nesta fase): artigo citado no texto: 7. Recomenda-se leitura dedicada antes de usar como pratica de unidade.,Caderno Lei Maria da Penha - 401 ao 600.pdf,8
441,2786206,FUNDEP,Ass Soc (CEMIG)/CEMIG/2023,2023,"De acordo com o disposto na Lei Maria da Penha (Lei nº 11.340/2006), a proteção e os direitos das mulheres em situação de violência doméstic…",NOVA,,U1+U2,,PRATICA_UNIDADE,baixa,"Revisao manual completa: Resposta correta e um resumo generico que combina tipificacao dos 5 tipos de violencia (U1) com medidas de prevencao/assistencia (U2), sem ancora em um artigo especifico.",Caderno Lei Maria da Penha - 401 ao 600.pdf,8
442,2769196,INSTITUTO MAIS,GCM (Pref Santos)/Pref Santos/2023,2023,"Sobre os tipos de violência previstos na Lei Maria da Penha, correlacione as colunas da tabela abaixo. Coluna I Coluna II Entendida como qua…",NOVA,,,,BANCO_GERAL_MISSAO_FINAL,baixa,"Nenhum sinal de artigo ou vocabulario tematico detectado automaticamente; nao lida individualmente nesta fase.",Caderno Lei Maria da Penha - 401 ao 600.pdf,9
443,2755533,IVIN,CSS (Pref Valença do PI)/Pref Valença do PI/2023,2023,"De acordo com a Lei Maria da Penha, é entendida como qualquer conduta que lhe cause dano emocional e diminuição da autoestima ou que lhe pre…",NOVA,,U1,,BANCO_GERAL_MISSAO_FINAL,baixa,Classificacao heuristica (nao lida individualmente nesta fase): vocabulario tematico (score 5): U1. Recomenda-se leitura dedicada antes de usar como pratica de unidade.,Caderno Lei Maria da Penha - 401 ao 600.pdf,10
444,2749394,SELECON,Mon Soc (Pref Pri do Leste)/Pref Pri do Leste/2023,2023,"A Lei Maria da Penha (n.º 11.340 de 07/08/2006) estabelece que, dentre as formas de violência doméstica e familiar contra a mulher está a ps…",NOVA,,U1,,BANCO_GERAL_MISSAO_FINAL,baixa,Classificacao heuristica (nao lida individualmente nesta fase): vocabulario tematico (score 1): U1. Recomenda-se leitura dedicada antes de usar como pratica de unidade.,Caderno Lei Maria da Penha - 401 ao 600.pdf,10
445,2739031,IGEDUC,GM (Pref Surubim)/Pref Surubim/2023,2023,"Julgue o item a seguir. Segundo a Lei Maria da Penha, a violência doméstica e familiar contra a mulher ocorre em âmbito físico, excluindo qu…",NOVA,,U1,,BANCO_GERAL_MISSAO_FINAL,baixa,Classificacao heuristica (nao lida individualmente nesta fase): vocabulario tematico (score 1): U1. Recomenda-se leitura dedicada antes de usar como pratica de unidade.,Caderno Lei Maria da Penha - 401 ao 600.pdf,10
446,2736918,IGEDUC,GM (Pref SV Férrer)/Pref SV Férrer/2023,2023,"Julgue o item a seguir. São formas de violência doméstica e familiar contra a mulher, entre outras: violência física, violência psicológica,…",NOVA,,U1,,BANCO_GERAL_MISSAO_FINAL,baixa,Classificacao heuristica (nao lida individualmente nesta fase): vocabulario tematico (score 6): U1. Recomenda-se leitura dedicada antes de usar como pratica de unidade.,Caderno Lei Maria da Penha - 401 ao 600.pdf,10
447,2736792,IGEDUC,GM (Pref SV Férrer)/Pref SV Férrer/2023,2023,"A violência sexual é entendida como qualquer conduta que constranja a mulher a presenciar, a manter ou a participar de relação sexual não de…",NOVA,,U1,,BANCO_GERAL_MISSAO_FINAL,baixa,Classificacao heuristica (nao lida individualmente nesta fase): vocabulario tematico (score 1): U1. Recomenda-se leitura dedicada antes de usar como pratica de unidade.,Caderno Lei Maria da Penha - 401 ao 600.pdf,11
448,2736747,IGEDUC,GM (Pref SV Férrer)/Pref SV Férrer/2023,2023,Julgue o item a seguir. A violência moral é entendida como qualquer conduta que ofenda sua integridade ou saúde corporal.,NOVA,,U1,,BANCO_GERAL_MISSAO_FINAL,baixa,Classificacao heuristica (nao lida individualmente nesta fase): vocabulario tematico (score 1): U1. Recomenda-se leitura dedicada antes de usar como pratica de unidade.,Caderno Lei Maria da Penha - 401 ao 600.pdf,11
449,2735885,IDECAN,GC (Pref Serra)/Pref Serra (ES)/2023,2023,"A respeito das formas de violência doméstica e familiar contra a mulher, que se constituem em violação dos direitos humanos e se caracteriza…",NOVA,,U1,,BANCO_GERAL_MISSAO_FINAL,baixa,Classificacao heuristica (nao lida individualmente nesta fase): vocabulario tematico (score 3): U1. Recomenda-se leitura dedicada antes de usar como pratica de unidade.,Caderno Lei Maria da Penha - 401 ao 600.pdf,11
450,2666495,IGEDUC,ASoc (Pref Triunfo (PE))/Pref Triunfo (PE)/Todas as áreas/2023,2023,Julgue o item a seguir. A violência doméstica e familiar contra a mulher não se constitui em violação dos direitos humanos.,NOVA,,U1,,BANCO_GERAL_MISSAO_FINAL,baixa,Classificacao heuristica (nao lida individualmente nesta fase): vocabulario tematico (score 1): U1. Recomenda-se leitura dedicada antes de usar como pratica de unidade.,Caderno Lei Maria da Penha - 401 ao 600.pdf,11
451,2664350,IGEDUC,GM (Pref Triunfo (PE))/Pref Triunfo (PE)/2023,2023,Julgue o item a seguir. A coabitação entre agressor e vítima é necessária para que se configure a violência doméstica.,NOVA,,,,BANCO_GERAL_MISSAO_FINAL,baixa,"Nenhum sinal de artigo ou vocabulario tematico detectado automaticamente; nao lida individualmente nesta fase.",Caderno Lei Maria da Penha - 401 ao 600.pdf,11
452,2664221,IGEDUC,GM (Pref Triunfo (PE))/Pref Triunfo (PE)/2023,2023,"Julgue o item a seguir. As formas de violência doméstica e familiar contra a mulher dispostas na Lei nº 11.340, de 7 de agosto de 2006 (Lei …",NOVA,,U1,,BANCO_GERAL_MISSAO_FINAL,baixa,Classificacao heuristica (nao lida individualmente nesta fase): vocabulario tematico (score 1): U1. Recomenda-se leitura dedicada antes de usar como pratica de unidade.,Caderno Lei Maria da Penha - 401 ao 600.pdf,11
453,2656316,IBFC,AgPP (IAPEN AC)/IAPEN AC/2023,2023,"Acerca das formas de violência doméstica e familiar contra a mulher previstas na Lei Maria da Penha (Lei nº 11.340/2006), assinale a alterna…",NOVA,,U1,,BANCO_GERAL_MISSAO_FINAL,baixa,Classificacao heuristica (nao lida individualmente nesta fase): vocabulario tematico (score 2): U1. Recomenda-se leitura dedicada antes de usar como pratica de unidade.,Caderno Lei Maria da Penha - 401 ao 600.pdf,12
454,2641353,FAUEL,GCM (Pref Sengés)/Pref Sengés/2023,2023,Os incisos do Art. 7º da Lei n.º 11.340/06 e suas alterações (Lei Maria da Penha) descreve as formas de vio lência doméstica e familiar cont…,NOVA,,U1,7,BANCO_GERAL_MISSAO_FINAL,baixa,Classificacao heuristica (nao lida individualmente nesta fase): artigo citado no texto: 7. Recomenda-se leitura dedicada antes de usar como pratica de unidade.,Caderno Lei Maria da Penha - 401 ao 600.pdf,12
455,2641121,ADM&TEC,OSoc (Pref Timbaúba)/Pref Timbaúba/2023,2023,Analise as afirmativas a seguir: I. Configura-se violência doméstica e familiar contra a mulher qualquer ação ou omissão baseada no gênero q…,NOVA,,U1,,BANCO_GERAL_MISSAO_FINAL,baixa,Classificacao heuristica (nao lida individualmente nesta fase): vocabulario tematico (score 2): U1. Recomenda-se leitura dedicada antes de usar como pratica de unidade.,Caderno Lei Maria da Penha - 401 ao 600.pdf,12
456,2634262,IGEDUC,ASoc (Tupanatinga)/Pref Tupanatinga/2023,2023,"A violência patrimonial contra a mulher é entendida como qualquer conduta que configure retenção, subtração, destruição parcial ou total de …",NOVA,,U1,,BANCO_GERAL_MISSAO_FINAL,baixa,Classificacao heuristica (nao lida individualmente nesta fase): vocabulario tematico (score 1): U1. Recomenda-se leitura dedicada antes de usar como pratica de unidade.,Caderno Lei Maria da Penha - 401 ao 600.pdf,12
457,2634226,IGEDUC,ASoc (Tupanatinga)/Pref Tupanatinga/2023,2023,"O conceito de violência sexual contra uma mulher, à luz da legislação atual, compreende qualquer conduta que a estimule a manter, a particip…",NOVA,,U1,,BANCO_GERAL_MISSAO_FINAL,baixa,Classificacao heuristica (nao lida individualmente nesta fase): vocabulario tematico (score 1): U1. Recomenda-se leitura dedicada antes de usar como pratica de unidade.,Caderno Lei Maria da Penha - 401 ao 600.pdf,12
458,2632102,VUNESP,Proc Mun (Pref SJRP)/Pref SJRP/2023,2023,"Nos termos da Lei nº 11.340, de 7 de agosto de 2006, para que seja configurada a violência doméstica e familiar contra a mulher ela pode ser…",NEAR_DUPLICATE_REVISAR,346,,,NAO_IMPORTAR,baixa,"Similaridade 0.424 com questao existente id 346 (camada C_SIMILARIDADE); revisar antes de decidir NOVA ou JA_EXISTE.",Caderno Lei Maria da Penha - 401 ao 600.pdf,12
459,2629049,ADM&TEC,ASoc (Pref Timbaúba)/Pref Timbaúba/2023,2023,"Analise as afirmativas a seguir: I. À luz da Lei Maria da Penha, a violência doméstica e familiar contra a mulher não constitui uma das form…",NOVA,,U1,,BANCO_GERAL_MISSAO_FINAL,baixa,Classificacao heuristica (nao lida individualmente nesta fase): vocabulario tematico (score 2): U1. Recomenda-se leitura dedicada antes de usar como pratica de unidade.,Caderno Lei Maria da Penha - 401 ao 600.pdf,13
460,2622322,FUNDATEC,Ana Sup (CAU RS)/CAU RS/Sem Área/2023,2023,"Tendo por referência a Lei nº 11.340/2006, Lei Maria da Penha, analise as seguintes asserções e a relação proposta entre elas: I. A violênci…",NOVA,,U1,,BANCO_GERAL_MISSAO_FINAL,baixa,Classificacao heuristica (nao lida individualmente nesta fase): vocabulario tematico (score 2): U1. Recomenda-se leitura dedicada antes de usar como pratica de unidade.,Caderno Lei Maria da Penha - 401 ao 600.pdf,13
461,2614560,Legalle,AnaDP (DPE PA)/DPE PA/Serviço Social/2023,2023,Analise as assertivas abaixo acerca da Lei n.º 11.340/2006 ( Lei Maria da Penha). I. A violência psicológica é entendida como qualquer condu…,NOVA,,U1,,BANCO_GERAL_MISSAO_FINAL,baixa,Classificacao heuristica (nao lida individualmente nesta fase): vocabulario tematico (score 3): U1. Recomenda-se leitura dedicada antes de usar como pratica de unidade.,Caderno Lei Maria da Penha - 401 ao 600.pdf,13
462,2597273,IDECAN,GCM (Maracanaú)/Pref Maracanaú/2023,2023,"São formas de violência doméstica e familiar contra a mulher previstas na Lei Maria da Penha (Lei nº 11.340/2006): I. a violência moral, exc…",NOVA,,U1,,BANCO_GERAL_MISSAO_FINAL,baixa,Classificacao heuristica (nao lida individualmente nesta fase): vocabulario tematico (score 6): U1. Recomenda-se leitura dedicada antes de usar como pratica de unidade.,Caderno Lei Maria da Penha - 401 ao 600.pdf,13
463,2596117,ITAME,Ag (Pref Nazário)/Pref Nazário/Saúde/2023,2023,"Sancionada em 7 de agosto de 2006, a Lei nº 11.340, conhecida como Lei Maria da Penha, objetiva proteger a mulher da violência doméstica e f…",NOVA,,,,BANCO_GERAL_MISSAO_FINAL,baixa,"Nenhum sinal de artigo ou vocabulario tematico detectado automaticamente; nao lida individualmente nesta fase.",Caderno Lei Maria da Penha - 401 ao 600.pdf,14
464,2596087,ITAME,Ag (Pref Nazário)/Pref Nazário/Combate às Endemias/2023,2023,"Considerando o ACE, como importante sujeito no processo de orientações acerca da violência contra a mulher, com foco em coibir tal prática, …",NOVA,,U1,,BANCO_GERAL_MISSAO_FINAL,baixa,Classificacao heuristica (nao lida individualmente nesta fase): vocabulario tematico (score 4): U1. Recomenda-se leitura dedicada antes de usar como pratica de unidade.,Caderno Lei Maria da Penha - 401 ao 600.pdf,14
465,2593846,VUNESP,AgDP (DPE SP)/DPE SP/Cientista Social - Sociólogo/2023,2023,"A Lei Federal nº 11.340/2006, conhecida como Lei Maria da Penha, em seu artigo 7º, classifica os diferentes tipos de violência contra a mulh…",NOVA,,U1,7,BANCO_GERAL_MISSAO_FINAL,baixa,Classificacao heuristica (nao lida individualmente nesta fase): artigo citado no texto: 7. Recomenda-se leitura dedicada antes de usar como pratica de unidade.,Caderno Lei Maria da Penha - 401 ao 600.pdf,14
466,2591112,VUNESP,AgDP (DPE SP)/DPE SP/Analista de Suporte/2023,2023,"Fulano de Tal, em razão de sua crença religiosa, não aceita a utilização de quaisquer métodos contraceptivos pela sua companheira, com a qua…",NOVA,,U1,,BANCO_GERAL_MISSAO_FINAL,baixa,Classificacao heuristica (nao lida individualmente nesta fase): vocabulario tematico (score 2): U1. Recomenda-se leitura dedicada antes de usar como pratica de unidade.,Caderno Lei Maria da Penha - 401 ao 600.pdf,14
467,2587835,VUNESP,GCM (Pref SBC)/Pref SBC/2023,2023,"Segundo a Lei no 11.340/2006 (Lei “Maria da Penha”), constitui uma das formas de violência doméstica e familiar contra a mulher, entre outra…",NOVA,,U1,,BANCO_GERAL_MISSAO_FINAL,baixa,Classificacao heuristica (nao lida individualmente nesta fase): vocabulario tematico (score 3): U1. Recomenda-se leitura dedicada antes de usar como pratica de unidade.,Caderno Lei Maria da Penha - 401 ao 600.pdf,14
468,2585918,FURB,ESoc (Schroeder)/Pref Schroeder/2023,2023,"De acordo com a Lei Maria da Penha, que institui mecanismos para coibir a violência doméstica e familiar contra a mulher, é correto afirmar …",NOVA,,U1,,PRATICA_UNIDADE,alta,Revisao manual completa: Correta reproduz a definicao do caput do art. 5º.,Caderno Lei Maria da Penha - 401 ao 600.pdf,15
469,2582271,Unifil,Educ (Pref Tamarana)/Pref Tamarana/2023,2023,"A Lei nº 11.340 de 07 de agosto de 2006, também conhecida como Lei Maria da Penha, define a violência doméstica e familiar contra a mulher c…",NEAR_DUPLICATE_REVISAR,346,,,NAO_IMPORTAR,baixa,"Similaridade 0.375 com questao existente id 346 (camada C_SIMILARIDADE); revisar antes de decidir NOVA ou JA_EXISTE.",Caderno Lei Maria da Penha - 401 ao 600.pdf,15
470,2582270,Unifil,Educ (Pref Tamarana)/Pref Tamarana/2023,2023,"De acordo com Lei nº 11.340/2006, informe se é verdadeiro (V) ou falso (F) para o que se afirma e assinale a alternativa com a sequência cor…",NOVA,,,,BANCO_GERAL_MISSAO_FINAL,media,"Revisao manual completa: Cinco itens V/F cobrem coabitacao (art. 5º, U1), vinculo trabalhista (art. 9º, U2) e afastamento/prisao preventiva (arts. 20/22, U4) simultaneamente.",Caderno Lei Maria da Penha - 401 ao 600.pdf,15
471,2561017,FUNDATEC,AST (PROCERGS)/PROCERGS/Técnico em Administração/2023,2023,"De acordo com as disposições da Lei Maria da Penha, entre as formas de violência doméstica e familiar contra a mulher, está a violência físi…",NOVA,,U1,,BANCO_GERAL_MISSAO_FINAL,baixa,Classificacao heuristica (nao lida individualmente nesta fase): vocabulario tematico (score 2): U1. Recomenda-se leitura dedicada antes de usar como pratica de unidade.,Caderno Lei Maria da Penha - 401 ao 600.pdf,15
472,2559253,IAUPE,Ed Soc (SME SJCG)/Pref SJCG/2023,2023,"Referente à compreensão e tipos de violências perpetrados contra as mulheres, de acordo com a Lei Maria da Penha, Lei n.º 11.340, de 07 de a…",NOVA,,U1,,BANCO_GERAL_MISSAO_FINAL,baixa,Classificacao heuristica (nao lida individualmente nesta fase): vocabulario tematico (score 4): U1. Recomenda-se leitura dedicada antes de usar como pratica de unidade.,Caderno Lei Maria da Penha - 401 ao 600.pdf,15
473,2542430,FUNDATEC,MVP (N Santa Rita)/Pref N Sta Rita (RS)/2023,2023,"Analise as assertivas abaixo e assinale a alternativa correta. I. A Lei nº 11.340/2006, conhecida como Lei Maria da Penha, criou mecanismos …",NOVA,,U1,,BANCO_GERAL_MISSAO_FINAL,baixa,Classificacao heuristica (nao lida individualmente nesta fase): vocabulario tematico (score 4): U1. Recomenda-se leitura dedicada antes de usar como pratica de unidade.,Caderno Lei Maria da Penha - 401 ao 600.pdf,16
474,2542301,FUNDATEC,Almo (N Santa Rita)/Pref N Sta Rita (RS)/2023,2023,"A Lei Maria da Penha, Lei nº 11.340/2006, diz que a violência é entendida como qualquer conduta que ofenda sua integridade ou saúde corporal…",NOVA,,,,BANCO_GERAL_MISSAO_FINAL,baixa,"Nenhum sinal de artigo ou vocabulario tematico detectado automaticamente; nao lida individualmente nesta fase.",Caderno Lei Maria da Penha - 401 ao 600.pdf,16
475,2540801,ITAME,OSoc (Montividiu)/Pref Montividiu/2023,2023,"Sobre a caracterização das formas de violência doméstica e familiar contra a mulher circunscritas na Lei n. 11.340, de 7 de agosto de 2006, …",NOVA,,U1,,BANCO_GERAL_MISSAO_FINAL,baixa,Classificacao heuristica (nao lida individualmente nesta fase): vocabulario tematico (score 4): U1. Recomenda-se leitura dedicada antes de usar como pratica de unidade.,Caderno Lei Maria da Penha - 401 ao 600.pdf,16
476,2540093,FUNDATEC,Fisc (N Santa Rita)/Pref N Sta Rita (RS)/Ambiental/2023,2023,"“Você não pode sair sozinha!”, “Não vai sair com essa roupa!”, “Não quero que você saia com fulana!”, “Não vai ligar para sua família!”. Com…",NOVA,,,,BANCO_GERAL_MISSAO_FINAL,baixa,"Nenhum sinal de artigo ou vocabulario tematico detectado automaticamente; nao lida individualmente nesta fase.",Caderno Lei Maria da Penha - 401 ao 600.pdf,16
477,2538852,OBJETIVA CONCURSOS,ACS (Pref Igrejinha)/Pref Igrejinha/2023,2023,"De acordo com a Lei nº 11.340/2006 — Lei Maria da Penha, caracteriza-se como violência física contra a mulher qualquer conduta que:",NOVA,,U1,,BANCO_GERAL_MISSAO_FINAL,baixa,Classificacao heuristica (nao lida individualmente nesta fase): vocabulario tematico (score 1): U1. Recomenda-se leitura dedicada antes de usar como pratica de unidade.,Caderno Lei Maria da Penha - 401 ao 600.pdf,17
478,2509323,Instituto AOCP,Ana (MPE MS)/MPE MS/Direito/2023,2023,"Marta é casada e sofreu violência doméstica e familiar provocada por seu marido. Marta recebia tapas em seu rosto, além de ser constantement…",NOVA,,U1,,BANCO_GERAL_MISSAO_FINAL,baixa,Classificacao heuristica (nao lida individualmente nesta fase): vocabulario tematico (score 4): U1. Recomenda-se leitura dedicada antes de usar como pratica de unidade.,Caderno Lei Maria da Penha - 401 ao 600.pdf,17
479,2507084,Instituto Consulplan,Ag Adm (FEPAM RS)/FEPAM RS/Assistente Administrativo/2023,2023,"Sobre a Lei nº 11.340/2006 – Lei Maria da Penha, assinale a afirmativa INCORRETA.",NOVA,,U1,,BANCO_GERAL_MISSAO_FINAL,baixa,Classificacao heuristica (nao lida individualmente nesta fase): vocabulario tematico (score 5): U1. Recomenda-se leitura dedicada antes de usar como pratica de unidade.,Caderno Lei Maria da Penha - 401 ao 600.pdf,17
480,2505220,FUNCERN,ASo (Bom Jesus (RN))/Pref Bom Jesus (RN)/2023,2023,"A Lei nº 11.340, de 7 de agosto de 2006, conhecida popularmente como a Lei Maria da Penha, cria mecanismos para coibir a violência doméstica…",NOVA,,U1,6,BANCO_GERAL_MISSAO_FINAL,baixa,Classificacao heuristica (nao lida individualmente nesta fase): artigo citado no texto: 6. Recomenda-se leitura dedicada antes de usar como pratica de unidade.,Caderno Lei Maria da Penha - 401 ao 600.pdf,17
481,2504272,Instituto Consulplan,Ana (FEPAM RS)/FEPAM RS/Administrador/2023,2023,"Considere a lei alcunhada de Maria da Penha, que estabelece normativa sobre a violência doméstica contra a mulher. Com base em tal regra de …",NOVA,,U1,,PRATICA_UNIDADE,alta,"Revisao manual completa: Correta trata de violencia patrimonial (art. 7º, IV).",Caderno Lei Maria da Penha - 401 ao 600.pdf,17
482,2480489,Instituto ACCESS,GCM (Pref RP)/Pref RP/2023,2023,"Com base na Lei 11.340/2006, em relação à mulher, a violência entendida como qualquer conduta que lhe cause dano emocional e diminuição da a…",NOVA,,U1,,BANCO_GERAL_MISSAO_FINAL,baixa,Classificacao heuristica (nao lida individualmente nesta fase): vocabulario tematico (score 1): U1. Recomenda-se leitura dedicada antes de usar como pratica de unidade.,Caderno Lei Maria da Penha - 401 ao 600.pdf,17
483,2465385,CEBRASPE (CESPE),Psic (São Cristóvão)/Pref São Cristóvão/2023,2023,"Conforme a Lei Maria da Penha, é forma de violência doméstica e familiar contra a mulher I a violência física, entendida como qualquer condu…",NOVA,,U1,,BANCO_GERAL_MISSAO_FINAL,baixa,Classificacao heuristica (nao lida individualmente nesta fase): vocabulario tematico (score 4): U1. Recomenda-se leitura dedicada antes de usar como pratica de unidade.,Caderno Lei Maria da Penha - 401 ao 600.pdf,18
484,2464145,CEBRASPE (CESPE),ASoc (São Cristóvão)/Pref São Cristóvão/2023,2023,"Rute, de 75 anos de idade, viúva, com múltiplos problemas de saúde, reside com a filha Teresa, de 42 anos de idade, e seu esposo João, de 49…",NOVA,,U1,,PRATICA_UNIDADE,alta,"Revisao manual completa: Correta classifica a situacao como violencia psicologica (art. 7º, V); as demais alternativas (falsas) tocam procedimentos policiais/judiciais apenas como distratores.",Caderno Lei Maria da Penha - 401 ao 600.pdf,18
485,2460051,FUNDATEC,ACS (Pref Porto Alegre)/Pref Porto Alegre/2023,2023,"A violência intrafamiliar ganhou notoriedade durante a pandemia de covid-19, em que o isolamento manteve as famílias mais próximas devido às…",NOVA,,U1,,BANCO_GERAL_MISSAO_FINAL,baixa,Classificacao heuristica (nao lida individualmente nesta fase): vocabulario tematico (score 1): U1. Recomenda-se leitura dedicada antes de usar como pratica de unidade.,Caderno Lei Maria da Penha - 401 ao 600.pdf,18
486,2459962,FUNDATEC,ACS (Pref Porto Alegre)/Pref Porto Alegre/2023,2023,"Maria e João mantêm um relacionamento amoroso e estável há 5 anos. O relacionamento é monogâmico e público, sendo fato notório para os famil…",NOVA,,,,BANCO_GERAL_MISSAO_FINAL,baixa,"Nenhum sinal de artigo ou vocabulario tematico detectado automaticamente; nao lida individualmente nesta fase.",Caderno Lei Maria da Penha - 401 ao 600.pdf,19
487,2456904,CEBRASPE (CESPE),GCM (Boa Vista)/Pref Boa Vista/2023,2023,"Carla é casada com Antônio, e o relacionamento deles é caracterizado por condutas abusivas da parte de Antônio, que causam a Carla danos emo…",NOVA,,U1,,BANCO_GERAL_MISSAO_FINAL,baixa,Classificacao heuristica (nao lida individualmente nesta fase): vocabulario tematico (score 1): U1. Recomenda-se leitura dedicada antes de usar como pratica de unidade.,Caderno Lei Maria da Penha - 401 ao 600.pdf,19
488,2439366,AVANÇASP,OSoc (SM Arcanjo)/Pref SM Arcanjo/2023,2023,"Com base na (Lei Federal n.º 11.340/06) É uma forma de violência doméstica e familiar contra a mulher, “Entendida como qualquer conduta que …",NOVA,,U1,,BANCO_GERAL_MISSAO_FINAL,baixa,Classificacao heuristica (nao lida individualmente nesta fase): vocabulario tematico (score 5): U1. Recomenda-se leitura dedicada antes de usar como pratica de unidade.,Caderno Lei Maria da Penha - 401 ao 600.pdf,19
489,2433439,AVANÇASP,Coor (SM Arcanjo)/Pref SM Arcanjo/CREAS/2023,2023,"Faça a associação correta entre as duas colunas relacionando as formas de violência doméstica e familiar contra a mulher, com suas definiçõe…",PROBLEMATICA,,,,NAO_IMPORTAR,,Parsing ambiguo: o enunciado contem uma lista lettered intermediaria (coluna de legendas a-d) que o parser confundiu com as alternativas finais da questao (9 letras capturadas). Revisar manualmente o PDF original antes de classificar.,Caderno Lei Maria da Penha - 401 ao 600.pdf,19
490,2433362,AVANÇASP,Coor (SM Arcanjo)/Pref SM Arcanjo/CRAS/2023,2023,O Art. 5º da Lei Maria da Penha (Lei 11.340/2006) configura violência doméstica e familiar contra a mulher qualquer ação ou omissão baseada …,NEAR_DUPLICATE_REVISAR,861,,,NAO_IMPORTAR,baixa,"Similaridade 0.407 com questao existente id 861 (camada C_SIMILARIDADE); revisar antes de decidir NOVA ou JA_EXISTE.",Caderno Lei Maria da Penha - 401 ao 600.pdf,20
491,2427258,VUNESP,Ag (Pref Peruíbe)/Pref Peruíbe/Desenvolvimento Social/2023,2023,"O combate à violência contra a mulher é uma importante questão social. A maioria das agressões ocorre no espaço doméstico, sendo de autoria …",NOVA,,U1,6,BANCO_GERAL_MISSAO_FINAL,baixa,Classificacao heuristica (nao lida individualmente nesta fase): artigo citado no texto: 6. Recomenda-se leitura dedicada antes de usar como pratica de unidade.,Caderno Lei Maria da Penha - 401 ao 600.pdf,20
492,2421550,CEBRASPE (CESPE),Ana (CNMP)/CNMP/Apoio Jurídico/Direito/2023,2023,"Com base na Lei n.º 11.340/2006, relativa aos mecanismos para coibir a violência doméstica e familiar contra a mulher, julgue o item a segui…",NOVA,,U1,,BANCO_GERAL_MISSAO_FINAL,baixa,Classificacao heuristica (nao lida individualmente nesta fase): vocabulario tematico (score 2): U1. Recomenda-se leitura dedicada antes de usar como pratica de unidade.,Caderno Lei Maria da Penha - 401 ao 600.pdf,20
493,2421358,IBFC,Esp S (Pref Cuiabá)/Pref Cuiabá/Psicólogo/2023,2023,"A forma de violência doméstica e familiar contra a mulher que configura retenção, subtração, destruição parcial ou total de seus objetos, in…",NOVA,,U1,,BANCO_GERAL_MISSAO_FINAL,baixa,Classificacao heuristica (nao lida individualmente nesta fase): vocabulario tematico (score 4): U1. Recomenda-se leitura dedicada antes de usar como pratica de unidade.,Caderno Lei Maria da Penha - 401 ao 600.pdf,20
494,2402566,Instituto Consulplan,ADS (SEAS RO)/SEAS RO/Psicologia/2023,2023,"As cinco formas de violência mencionadas no Art. 7º da Lei nº 11.340, de 07 de agosto de 2006, constantes na Lei Maria da Penha (Brasil, 200…",NOVA,,U1,7,BANCO_GERAL_MISSAO_FINAL,baixa,Classificacao heuristica (nao lida individualmente nesta fase): artigo citado no texto: 7. Recomenda-se leitura dedicada antes de usar como pratica de unidade.,Caderno Lei Maria da Penha - 401 ao 600.pdf,20
495,2401831,Instituto Consulplan,Ana Tec (MPE BA)/MPE BA/Serviço Social/2023,2023,Considerando que a Lei nº 11.340 estabelece que: configura violência doméstica e familiar contra a mulher qualquer ação ou omissão baseada n…,NEAR_DUPLICATE_REVISAR,346,,,NAO_IMPORTAR,baixa,"Similaridade 0.436 com questao existente id 346 (camada C_SIMILARIDADE); revisar antes de decidir NOVA ou JA_EXISTE.",Caderno Lei Maria da Penha - 401 ao 600.pdf,21
496,2394908,VUNESP,Cd Soc (Sertãozinho)/Pref Sertãozinho SP/2023,2023,"O fenômeno da violência contra a mulher pode demandar respostas de qualquer instituição, por isso a necessidade de entender sobre esse tema …",NOVA,,U1,7,BANCO_GERAL_MISSAO_FINAL,baixa,Classificacao heuristica (nao lida individualmente nesta fase): artigo citado no texto: 7. Recomenda-se leitura dedicada antes de usar como pratica de unidade.,Caderno Lei Maria da Penha - 401 ao 600.pdf,21
497,2391943,VUNESP,GM (Pref Palmas)/Pref Palmas/2023,2023,"Nos termos da Lei Maria da Penha, a conduta que visa controlar as ações, comportamentos, crenças e decisões da mulher, mediante ameaça e con…",NOVA,,U1,,BANCO_GERAL_MISSAO_FINAL,baixa,Classificacao heuristica (nao lida individualmente nesta fase): vocabulario tematico (score 1): U1. Recomenda-se leitura dedicada antes de usar como pratica de unidade.,Caderno Lei Maria da Penha - 401 ao 600.pdf,21
498,2377315,FGV,AnaP MPE SP/MPE SP/Saúde e Assistência Social/Psicólogo/2023,2023,"Fabiana, estudante, 17 anos, procurou a Delegacia para fazer notícia-crime contra seu irmão Bruno, comerciário, 23 anos. Fabiana relatou que…",NOVA,,U1,,BANCO_GERAL_MISSAO_FINAL,baixa,Classificacao heuristica (nao lida individualmente nesta fase): vocabulario tematico (score 2): U1. Recomenda-se leitura dedicada antes de usar como pratica de unidade.,Caderno Lei Maria da Penha - 401 ao 600.pdf,21
499,2377110,FGV,AnaP MPE SP/MPE SP/Saúde e Assistência Social/Assistente Social/2023,2023,"A Lei nº 11.340, de 7 de agosto de 2006, conhecida como Lei Maria da Penha, institui, em seu Art. 5º, que a violência doméstica e familiar c…",NEAR_DUPLICATE_REVISAR,861,,,NAO_IMPORTAR,baixa,"Similaridade 0.466 com questao existente id 861 (camada C_SIMILARIDADE); revisar antes de decidir NOVA ou JA_EXISTE.",Caderno Lei Maria da Penha - 401 ao 600.pdf,15
500,2348578,FCC,Sold (CBM BA)/CBM BA/2023,2023,"Considere as formas de violência indicadas nos itens abaixo: I. física; II. psicológica; III. sexual; IV. moral. São formas de violência dom…",NOVA,,U1,,BANCO_GERAL_MISSAO_FINAL,baixa,Classificacao heuristica (nao lida individualmente nesta fase): vocabulario tematico (score 1): U1. Recomenda-se leitura dedicada antes de usar como pratica de unidade.,Caderno Lei Maria da Penha - 401 ao 600.pdf,15
501,2324882,IDECAN,ST (PM CE)/PM CE/Oficial Combatente/2023,2023,"Analise os itens abaixo e indique qual tipo de violência NÃO está prevista na Lei Maria da Penha (Lei nº 11.340/2006): 1. Violência física; …",NOVA,,U1,,BANCO_GERAL_MISSAO_FINAL,baixa,Classificacao heuristica (nao lida individualmente nesta fase): vocabulario tematico (score 5): U1. Recomenda-se leitura dedicada antes de usar como pratica de unidade.,Caderno Lei Maria da Penha - 401 ao 600.pdf,15
502,2322666,Instituto Consulplan,Ana MP (MPE MG)/MPE MG/Serviço Social/2023,2023,A Lei nº 11.340/2006 cria mecanismos para coibir a violência doméstica e familiar contra a mulher e estabelece medidas de assistência e prot…,NOVA,,U1,,BANCO_GERAL_MISSAO_FINAL,baixa,Classificacao heuristica (nao lida individualmente nesta fase): vocabulario tematico (score 4): U1. Recomenda-se leitura dedicada antes de usar como pratica de unidade.,Caderno Lei Maria da Penha - 401 ao 600.pdf,23
503,2284098,IDECAN,Sold (PM CE)/PM CE/2023,2023,"Acerca da aplicabilidade da Lei Maria da Penha (Lei nº 11.340/16), assinale a alternativa correta:",NOVA,,,,BANCO_GERAL_MISSAO_FINAL,baixa,"Nenhum sinal de artigo ou vocabulario tematico detectado automaticamente; nao lida individualmente nesta fase.",Caderno Lei Maria da Penha - 401 ao 600.pdf,23
504,1864840,FGV,Insp Pol (PC RJ)/PC RJ/2022,2022,"No que diz respeito ao feminicídio, é correto afirmar que:",NOVA,,U1,,BANCO_GERAL_MISSAO_FINAL,baixa,Classificacao heuristica (nao lida individualmente nesta fase): vocabulario tematico (score 1): U1. Recomenda-se leitura dedicada antes de usar como pratica de unidade.,Caderno Lei Maria da Penha - 401 ao 600.pdf,23
505,2257406,FEPESE,ASoc (Pref Pinhalzi)/Pref Pinhalzinho-SC/2022,2022,"Assinale a alternativa que corresponde à lei que regulamenta a Lei Maria da Penha, aquela que coíbe a violência doméstica e familiar contra …",NOVA,,,,BANCO_GERAL_MISSAO_FINAL,baixa,"Nenhum sinal de artigo ou vocabulario tematico detectado automaticamente; nao lida individualmente nesta fase.",Caderno Lei Maria da Penha - 401 ao 600.pdf,23
506,2267556,CEBRASPE (CESPE),AJ TRT8/TRT 8/Apoio Especializado/Serviço Social/2022,2022,"De acordo com as disposições da Lei Maria da Penha, assinale a opção correta.",NOVA,,U1,,BANCO_GERAL_MISSAO_FINAL,baixa,Classificacao heuristica (nao lida individualmente nesta fase): vocabulario tematico (score 3): U1. Recomenda-se leitura dedicada antes de usar como pratica de unidade.,Caderno Lei Maria da Penha - 401 ao 600.pdf,23
507,2294083,FCC,Coord Peda (SEC BA)/SEC BA/''Sem Área''/2022,2022,A Lei Maria da Penha,NOVA,,U1,,BANCO_GERAL_MISSAO_FINAL,baixa,Classificacao heuristica (nao lida individualmente nesta fase): vocabulario tematico (score 3): U1. Recomenda-se leitura dedicada antes de usar como pratica de unidade.,Caderno Lei Maria da Penha - 401 ao 600.pdf,23
508,2294132,FCC,Prof (SEC BA)/SEC BA/Ciências da Natureza/Física/2022,2022,"Segundo expressamente disposto na Lei federal nº 11.340/2006, configura violência doméstica e familiar contra a mulher qualquer ação ou omis…",NOVA,,U1,,BANCO_GERAL_MISSAO_FINAL,baixa,Classificacao heuristica (nao lida individualmente nesta fase): vocabulario tematico (score 4): U1. Recomenda-se leitura dedicada antes de usar como pratica de unidade.,Caderno Lei Maria da Penha - 401 ao 600.pdf,24
509,3369909,INDEPAC,GCM (Pref Cajamar)/Pref Cajamar/3ª Classe/2022,2022,"Nos termos da Lei nº 11.340 de 2006, a violência contra a mulher entendida como qualquer conduta que configure calúnia, difamação ou injúria…",NOVA,,,,BANCO_GERAL_MISSAO_FINAL,baixa,"Nenhum sinal de artigo ou vocabulario tematico detectado automaticamente; nao lida individualmente nesta fase.",Caderno Lei Maria da Penha - 401 ao 600.pdf,24
510,2299772,OBJETIVA CONCURSOS,Ag (Pref Nova Hartz)/Pref Nova Hartz/Comunitário de Saúde/2022,2022,"De acordo com a Lei nº 11.340/2006 - Lei Maria da Penha, assinalar a alternativa CORRETA:",NOVA,,U1,,BANCO_GERAL_MISSAO_FINAL,baixa,Classificacao heuristica (nao lida individualmente nesta fase): vocabulario tematico (score 3): U1. Recomenda-se leitura dedicada antes de usar como pratica de unidade.,Caderno Lei Maria da Penha - 401 ao 600.pdf,24
511,2315573,COGEPS UNIOESTE,ESoc (Pref Barracão)/Pref Barracão/2022,2022,"Conforme a LEI Nº 11.340, DE 7 DE AGOSTO DE 2006, em seu Art. 1º Esta Lei cria mecanismos para coibir e prevenir a violência doméstica e fam…",NOVA,,U1,"1;5",BANCO_GERAL_MISSAO_FINAL,baixa,"Classificacao heuristica (nao lida individualmente nesta fase): artigo citado no texto: 1,5. Recomenda-se leitura dedicada antes de usar como pratica de unidade.",Caderno Lei Maria da Penha - 401 ao 600.pdf,24
512,2433843,Instituto Verbena,Ed Soc (Pref GYN)/Pref GYN/2022,2022,São consideradas ações de violência doméstica e familiar contra a mulher segundo a Lei n. 11.340/2006 e Lei complementar n. 150/2015:,NOVA,,U1,,BANCO_GERAL_MISSAO_FINAL,baixa,Classificacao heuristica (nao lida individualmente nesta fase): vocabulario tematico (score 1): U1. Recomenda-se leitura dedicada antes de usar como pratica de unidade.,Caderno Lei Maria da Penha - 401 ao 600.pdf,24
513,2318905,FAUEL,GCM (Pref Apucarana)/Pref Apucarana/2022,2022,"O Art. 7º da Lei nº 11.340/06 descreve as formas de violência doméstica e familiar contra a mulher, entre outras. Assinale a alternativa que…",NOVA,,U1,7,BANCO_GERAL_MISSAO_FINAL,baixa,Classificacao heuristica (nao lida individualmente nesta fase): artigo citado no texto: 7. Recomenda-se leitura dedicada antes de usar como pratica de unidade.,Caderno Lei Maria da Penha - 401 ao 600.pdf,24
514,2325983,IBADE,Sarg (PM PB)/PM PB/Combatente/2022,2022,"Tendo em vista o que dispõe a Lei Maria da Penha – Lei 11.340/06, são formas de violência doméstica e familiar contra a mulher, EXCETO:",NOVA,,U1,,BANCO_GERAL_MISSAO_FINAL,baixa,Classificacao heuristica (nao lida individualmente nesta fase): vocabulario tematico (score 1): U1. Recomenda-se leitura dedicada antes de usar como pratica de unidade.,Caderno Lei Maria da Penha - 401 ao 600.pdf,25
515,2335471,IBFC,Psico (SESACRE)/SESACRE/2022,2022,Relacione os conceitos a seguir com as definições dos respectivos tipos de violência contra a mulher apresentados na Lei conhecida como Mari…,NOVA,,U1,,BANCO_GERAL_MISSAO_FINAL,baixa,Classificacao heuristica (nao lida individualmente nesta fase): vocabulario tematico (score 4): U1. Recomenda-se leitura dedicada antes de usar como pratica de unidade.,Caderno Lei Maria da Penha - 401 ao 600.pdf,25
516,2362857,CETAP,ASoc (Inhangapi)/Pref Inhangapi/2022,2022,"“A violência doméstica e familiar contra a mulher constitui uma das formas de violação dos direitos humanos."" Utilize este e os demais ensin…",NEAR_DUPLICATE_REVISAR,346,,,NAO_IMPORTAR,baixa,"Similaridade 0.38 com questao existente id 346 (camada C_SIMILARIDADE); revisar antes de decidir NOVA ou JA_EXISTE.",Caderno Lei Maria da Penha - 401 ao 600.pdf,25
517,2367602,IBFC,AJ (TJ MG)/TJ MG/Assistente Social/2022,2022,A Lei nº 11.340 de 07 de agosto de 2006 e também conhecida como Lei Maria da Penha define a violência doméstica e familiar contra a mulher c…,NEAR_DUPLICATE_REVISAR,346,,,NAO_IMPORTAR,baixa,"Similaridade 0.361 com questao existente id 346 (camada C_SIMILARIDADE); revisar antes de decidir NOVA ou JA_EXISTE.",Caderno Lei Maria da Penha - 401 ao 600.pdf,25
518,2670955,MS (SARMENTO),AssSo (Pref Cáceres)/Pref Cáceres/2022,2022,"Márcia, 27 anos, há dois anos mantinha um relacionamento com Jorge de 30 anos. Após um término conturbado, Márcia decidiu por não mais quere…",NOVA,,U1,,BANCO_GERAL_MISSAO_FINAL,baixa,Classificacao heuristica (nao lida individualmente nesta fase): vocabulario tematico (score 4): U1. Recomenda-se leitura dedicada antes de usar como pratica de unidade.,Caderno Lei Maria da Penha - 401 ao 600.pdf,26
519,2432000,AVANÇASP,Ag (Pref Laranjal P)/Pref Laranjal Pta/Social/2022,2022,"Pela Lei Marinha da Penha, violência _______ é entendida como qualquer conduta que ofenda sua integridade ou saúde corporal. Assinale a alte…",NOVA,,,,BANCO_GERAL_MISSAO_FINAL,baixa,"Nenhum sinal de artigo ou vocabulario tematico detectado automaticamente; nao lida individualmente nesta fase.",Caderno Lei Maria da Penha - 401 ao 600.pdf,26
520,2382101,QUADRIX,Ag Fis (CRESS 24)/CRESS 24 (AP)/2022,2022,"No que se refere à Lei Maria da Penha, julgue o item. A violência moral é caracterizada como qualquer conduta que cause dano emocional e dim…",NOVA,,U1,,BANCO_GERAL_MISSAO_FINAL,baixa,Classificacao heuristica (nao lida individualmente nesta fase): vocabulario tematico (score 1): U1. Recomenda-se leitura dedicada antes de usar como pratica de unidade.,Caderno Lei Maria da Penha - 401 ao 600.pdf,26
521,2041592,FCC,Ana JD (DPE AM)/DPE AM/Ciências Jurídicas/2022,2022,"São formas de violência doméstica e familiar contra a mulher, segundo a Lei Maria da Penha, a violência",NOVA,,U1,,BANCO_GERAL_MISSAO_FINAL,baixa,Classificacao heuristica (nao lida individualmente nesta fase): vocabulario tematico (score 2): U1. Recomenda-se leitura dedicada antes de usar como pratica de unidade.,Caderno Lei Maria da Penha - 401 ao 600.pdf,26
522,2065316,CEBRASPE (CESPE),ASoc (Pires do Rio)/Pref Pires do Rio/2022,2022,"À luz da Lei Maria da Penha, julgue o item subsecutivo. Violência sexual é entendida como qualquer conduta que constranja a mulher e a obrig…",NOVA,,U1,,BANCO_GERAL_MISSAO_FINAL,baixa,Classificacao heuristica (nao lida individualmente nesta fase): vocabulario tematico (score 1): U1. Recomenda-se leitura dedicada antes de usar como pratica de unidade.,Caderno Lei Maria da Penha - 401 ao 600.pdf,26
523,2385631,FUNDATEC,Tec (Pref Viamão)/Pref Viamão/Agrícola/2022,2022,"Segundo a Lei Maria da Penha, configura violência doméstica e familiar contra a mulher qualquer ação ou omissão baseada no gênero, no âmbito…",JA_EXISTE,861,,,NAO_IMPORTAR,alta,"Camada A_TEC_ID; ja existe no banco como questao id 861.",Caderno Lei Maria da Penha - 401 ao 600.pdf,27
524,2386767,FUNDATEC,Aux (Pref Viamão)/Pref Viamão/Infraestrutura/2022,2022,"Analise as assertivas abaixo, assinalando V, se verdadeiras, ou F, se falsas. Conforme a Lei Maria da Penha, configura violência doméstica e…",NOVA,,U1,,BANCO_GERAL_MISSAO_FINAL,baixa,Classificacao heuristica (nao lida individualmente nesta fase): vocabulario tematico (score 2): U1. Recomenda-se leitura dedicada antes de usar como pratica de unidade.,Caderno Lei Maria da Penha - 401 ao 600.pdf,27
525,2758525,FAURGS,Esp Sau (SES RS)/SES RS/Biomédico/2022,2022,"Nos termos da Lei Federal nº 11.340, de 07 de agosto de 2006, que cria mecanismos para coibir a violência doméstica e familiar contra a mulh…",NOVA,,U1,,BANCO_GERAL_MISSAO_FINAL,baixa,Classificacao heuristica (nao lida individualmente nesta fase): vocabulario tematico (score 5): U1. Recomenda-se leitura dedicada antes de usar como pratica de unidade.,Caderno Lei Maria da Penha - 401 ao 600.pdf,27
526,2388014,FUNDATEC,ASoc (Pref Viamão)/Pref Viamão/2022,2022,"Segundo a Lei Maria da Penha, configura violência doméstica e familiar contra a mulher qualquer ação ou omissão baseada no gênero, no âmbito…",NEAR_DUPLICATE_REVISAR,861,,,NAO_IMPORTAR,baixa,"Similaridade 0.462 com questao existente id 861 (camada C_SIMILARIDADE); revisar antes de decidir NOVA ou JA_EXISTE.",Caderno Lei Maria da Penha - 401 ao 600.pdf,27
527,2052068,FGV,AJ (TJDFT)/TJDFT/Apoio Especializado/Serviço Social/2022,2022,"Conforme dispõe a Lei Maria da Penha (Lei nº 11.340/2006), uma mulher que frequentemente é obrigada pelo marido a pedir desculpas por ""desob…",NOVA,,U1,,BANCO_GERAL_MISSAO_FINAL,baixa,Classificacao heuristica (nao lida individualmente nesta fase): vocabulario tematico (score 2): U1. Recomenda-se leitura dedicada antes de usar como pratica de unidade.,Caderno Lei Maria da Penha - 401 ao 600.pdf,27
528,2402474,IBFC,Ag Sg Sc (SEJUSP MG)/SEJUSP MG/2022,2022,Com relação a Lei nº 11.340/2006 e suas alterações (Lei Maria da Penha) analise as afirmativas a seguir sobre as formas de violência domésti…,NOVA,,U1,,BANCO_GERAL_MISSAO_FINAL,baixa,Classificacao heuristica (nao lida individualmente nesta fase): vocabulario tematico (score 6): U1. Recomenda-se leitura dedicada antes de usar como pratica de unidade.,Caderno Lei Maria da Penha - 401 ao 600.pdf,28
529,2394305,SUSTENTE,Estag (TJ PE)/TJ PE/Pedagogia/2022,2022,"Leia abaixo a notícia divulgada na Revista Crescer online, em 11 de janeiro de 2021: Mulher diz que marido a proíbe de usar métodos contrace…",NOVA,,U1,,BANCO_GERAL_MISSAO_FINAL,baixa,Classificacao heuristica (nao lida individualmente nesta fase): vocabulario tematico (score 1): U1. Recomenda-se leitura dedicada antes de usar como pratica de unidade.,Caderno Lei Maria da Penha - 401 ao 600.pdf,28
530,2395247,SUSTENTE,Estag (TJ PE)/TJ PE/Serviço Social/2022,2022,"Tendo como fundamento a Lei Nº 11.340, de 07 de agosto de 2006, a violência moral pode ser compreendida como:",NOVA,,U1,,BANCO_GERAL_MISSAO_FINAL,baixa,Classificacao heuristica (nao lida individualmente nesta fase): vocabulario tematico (score 1): U1. Recomenda-se leitura dedicada antes de usar como pratica de unidade.,Caderno Lei Maria da Penha - 401 ao 600.pdf,28
531,1940170,SELECON,GM (São Gonçalo)/Pref São Gonçalo/Nível III/2022,2022,"F. é casada com E.R,., tendo o casal vivido em harmonia durante dez anos e gerado dois filhos. Ocorre que, após esse período, o varão caiu n…",NOVA,,,,BANCO_GERAL_MISSAO_FINAL,baixa,"Nenhum sinal de artigo ou vocabulario tematico detectado automaticamente; nao lida individualmente nesta fase.",Caderno Lei Maria da Penha - 401 ao 600.pdf,29
532,2065317,CEBRASPE (CESPE),ASoc (Pires do Rio)/Pref Pires do Rio/2022,2022,"À luz da Lei Maria da Penha, julgue o item subsecutivo. Violência física é caracterizada especificamente pelo atentado grave à integridade f…",NOVA,,U1,,BANCO_GERAL_MISSAO_FINAL,baixa,Classificacao heuristica (nao lida individualmente nesta fase): vocabulario tematico (score 1): U1. Recomenda-se leitura dedicada antes de usar como pratica de unidade.,Caderno Lei Maria da Penha - 401 ao 600.pdf,29
533,2027140,IMPARH,Educ Soc (SDHDS)/Pref Fortaleza/2022,2022,"A Lei Federal nº 11.340, de 07 de agosto de 2006, conhecida como Lei Maria da Penha, foi criada para coibir a violência doméstica e familiar…",NOVA,,U1,,BANCO_GERAL_MISSAO_FINAL,baixa,Classificacao heuristica (nao lida individualmente nesta fase): vocabulario tematico (score 2): U1. Recomenda-se leitura dedicada antes de usar como pratica de unidade.,Caderno Lei Maria da Penha - 401 ao 600.pdf,29
534,2967667,FAURGS,Tec Sau (SES RS)/SES RS/Técnica/Enfermagem/2022,2022,"Considere as afirmações abaixo. I - Para os efeitos da Lei, configura violência doméstica e familiar contra a mulher qualquer ação ou omissã…",NOVA,,U1+U2,,PRATICA_UNIDADE,alta,Revisao manual completa: Itens corretos combinam a definicao do art. 5º (U1) com a politica publica do art. 8º (U2).,Caderno Lei Maria da Penha - 401 ao 600.pdf,29
535,2028910,CEBRASPE (CESPE),Assist Soc (FUB)/FUB/2022,2022,"Nos últimos anos, nota-se um aumento significativo do número de ocorrências referente à violência doméstica e familiar contra a mulher no Di…",NOVA,,U1,,BANCO_GERAL_MISSAO_FINAL,baixa,Classificacao heuristica (nao lida individualmente nesta fase): vocabulario tematico (score 1): U1. Recomenda-se leitura dedicada antes de usar como pratica de unidade.,Caderno Lei Maria da Penha - 401 ao 600.pdf,29
536,1938847,CEBRASPE (CESPE),Del Pol (PC RJ)/PC RJ/2022,2022,"No dia 16 de janeiro de 2021, por volta das 03:45 h, no interior de uma boate situada na Zona Sul do Rio de Janeiro, João ofendeu a integrid…",NOVA,,U1,5,BANCO_GERAL_MISSAO_FINAL,baixa,Classificacao heuristica (nao lida individualmente nesta fase): artigo citado no texto: 5. Recomenda-se leitura dedicada antes de usar como pratica de unidade.,Caderno Lei Maria da Penha - 401 ao 600.pdf,30
537,2028702,IMPARH,PTNS (SDHDS)/Pref Fortaleza/Serviço Social/2022,2022,Assinale a alternativa que apresenta as formas de violência doméstica e familiar contra a mulher prevista na Lei Federal nº 11.340/2006 (Lei…,NOVA,,U1,,BANCO_GERAL_MISSAO_FINAL,baixa,Classificacao heuristica (nao lida individualmente nesta fase): vocabulario tematico (score 1): U1. Recomenda-se leitura dedicada antes de usar como pratica de unidade.,Caderno Lei Maria da Penha - 401 ao 600.pdf,30
538,1938433,VUNESP,GCM (Pref Osasco)/Pref Osasco/2022,2022,"Nos termos da Lei no 11.340 de 07 de agosto de 2006 (Lei “Maria da Penha”), a conduta de impedir a mulher de usar qualquer método contracept…",NOVA,,U1,,BANCO_GERAL_MISSAO_FINAL,baixa,Classificacao heuristica (nao lida individualmente nesta fase): vocabulario tematico (score 1): U1. Recomenda-se leitura dedicada antes de usar como pratica de unidade.,Caderno Lei Maria da Penha - 401 ao 600.pdf,30
539,2065320,CEBRASPE (CESPE),ASoc (Pires do Rio)/Pref Pires do Rio/2022,2022,"À luz da Lei Maria da Penha, julgue o item subsecutivo. Violência patrimonial é compreendida como conduta que configure retenção ou destruiç…",NOVA,,U1,,BANCO_GERAL_MISSAO_FINAL,baixa,Classificacao heuristica (nao lida individualmente nesta fase): vocabulario tematico (score 1): U1. Recomenda-se leitura dedicada antes de usar como pratica de unidade.,Caderno Lei Maria da Penha - 401 ao 600.pdf,30
540,1931825,OBJETIVA CONCURSOS,Ag (Pref Simão Dias)/Pref Simão Dias/Comunitário de Saúde/2022,2022,"De acordo com a Lei nº 11.340/2006 - Lei Maria da Penha, analisar os itens abaixo: I. A violência moral é entendida como qualquer conduta qu…",NOVA,,U1,,BANCO_GERAL_MISSAO_FINAL,baixa,Classificacao heuristica (nao lida individualmente nesta fase): vocabulario tematico (score 2): U1. Recomenda-se leitura dedicada antes de usar como pratica de unidade.,Caderno Lei Maria da Penha - 401 ao 600.pdf,31
541,2075466,FGV,ES (SEMSA Manaus)/Pref Manaus/Psicólogo/2022,2022,"Marília e Susana foram namoradas e terminaram o relacionamento em razão de ciúmes. Inconformada com o término do relacionamento, Susana agre…",NOVA,,U1,,BANCO_GERAL_MISSAO_FINAL,baixa,Classificacao heuristica (nao lida individualmente nesta fase): vocabulario tematico (score 1): U1. Recomenda-se leitura dedicada antes de usar como pratica de unidade.,Caderno Lei Maria da Penha - 401 ao 600.pdf,31
542,1928354,FGV,Alun Of (PM AM)/PM AM/2022,2022,"Três gerações da família Silva viviam sob o mesmo teto, o que decorria, principalmente, das dificuldades econômicas enfrentadas para que cad…",NOVA,,,,BANCO_GERAL_MISSAO_FINAL,baixa,"Nenhum sinal de artigo ou vocabulario tematico detectado automaticamente; nao lida individualmente nesta fase.",Caderno Lei Maria da Penha - 401 ao 600.pdf,31
543,2075819,INSTITUTO MAIS,Adm (FASE RS)/FASE RS/2022,2022,"Juliana e Júnior são casados e ele a impede de usar qualquer método contraceptivo, pois deseja muito ter um filho, mas ela não gostaria de l…",NOVA,,U1,,BANCO_GERAL_MISSAO_FINAL,baixa,Classificacao heuristica (nao lida individualmente nesta fase): vocabulario tematico (score 3): U1. Recomenda-se leitura dedicada antes de usar como pratica de unidade.,Caderno Lei Maria da Penha - 401 ao 600.pdf,31
544,2105708,Fundação La Salle,GCM (Pref São Leopoldo)/Pref São Leopoldo/2022,2022,"Segundo as disposições da Lei nº. 11.340/2006 (Lei Maria da Penha), é forma de violência doméstica e familiar contra a mulher:",NOVA,,U1,,BANCO_GERAL_MISSAO_FINAL,baixa,Classificacao heuristica (nao lida individualmente nesta fase): vocabulario tematico (score 3): U1. Recomenda-se leitura dedicada antes de usar como pratica de unidade.,Caderno Lei Maria da Penha - 401 ao 600.pdf,31
545,2882851,APLICATIVA,G.C.M (Pref SJR Pardo)/Pref SJR Pardo/2022,2022,"Para os efeitos da Lei nº 11.340 de 2006, configura violência doméstica e familiar contra a mulher, entre outras hipóteses, qualquer ação ou…",NOVA,,U1,,BANCO_GERAL_MISSAO_FINAL,baixa,Classificacao heuristica (nao lida individualmente nesta fase): vocabulario tematico (score 2): U1. Recomenda-se leitura dedicada antes de usar como pratica de unidade.,Caderno Lei Maria da Penha - 401 ao 600.pdf,32
546,2835434,IBFC,Orien Soc (Pref Dourados)/Pref Dourados/2022,2022,A Lei Federal nº 11.340 de 07 de agosto de 2006 e que ficou conhecida como Lei Maria da Penha descreve no artigo 7º as formas de violência d…,NOVA,,U1,7,BANCO_GERAL_MISSAO_FINAL,baixa,Classificacao heuristica (nao lida individualmente nesta fase): artigo citado no texto: 7. Recomenda-se leitura dedicada antes de usar como pratica de unidade.,Caderno Lei Maria da Penha - 401 ao 600.pdf,32
547,2747380,IVIN,Aux (Pref Estreito)/Pref Estreito/Cuidador Social/2022,2022,"Qualquer ação ou omissão baseada no gênero que lhe cause morte, lesão, sofrimento físico, sexual ou psicológico e dano moral ou patrimonial,…",NOVA,,,,BANCO_GERAL_MISSAO_FINAL,baixa,"Nenhum sinal de artigo ou vocabulario tematico detectado automaticamente; nao lida individualmente nesta fase.",Caderno Lei Maria da Penha - 401 ao 600.pdf,32
548,1916562,CEBRASPE (CESPE),TDP (DPE RO)/DPE RO/Oficial de Diligência/2022,2022,"Considerando-se as formas de violência doméstica e familiar contra a mulher previstas na Lei n.º 11.340/2006, é correto afirmar que",NOVA,,U1,,BANCO_GERAL_MISSAO_FINAL,baixa,Classificacao heuristica (nao lida individualmente nesta fase): vocabulario tematico (score 6): U1. Recomenda-se leitura dedicada antes de usar como pratica de unidade.,Caderno Lei Maria da Penha - 401 ao 600.pdf,32
549,2836417,EDUCA PB,CEdu (Pref Santa Terezinha)/Pref Santa Terezinha/2022,2022,"De acordo com o texto vigente da Lei nº 11.340, de 7 de agosto de 2006, Lei Maria da Penha, em seu Art. 7º , São formas de violência domésti…",NOVA,,U1,7,BANCO_GERAL_MISSAO_FINAL,baixa,Classificacao heuristica (nao lida individualmente nesta fase): artigo citado no texto: 7. Recomenda-se leitura dedicada antes de usar como pratica de unidade.,Caderno Lei Maria da Penha - 401 ao 600.pdf,32
550,2142842,VUNESP,GCM (Sertãozinho)/Pref Sertãozinho SP/2022,2022,"Para efeito de configuração de violência doméstica, de acordo com a Lei no 11.340/2006 (Lei “Maria da Penha”), assinale a alternativa que co…",NOVA,,U1,,BANCO_GERAL_MISSAO_FINAL,baixa,Classificacao heuristica (nao lida individualmente nesta fase): vocabulario tematico (score 2): U1. Recomenda-se leitura dedicada antes de usar como pratica de unidade.,Caderno Lei Maria da Penha - 401 ao 600.pdf,33
551,2547891,SELECON,Ped Soc (Pref LRV)/Pref L do Rio Verde/2022,2022,"De acordo com a Lei Maria da Penha – Lei n° 11.340/2006, a violência sexual é definida como:",NOVA,,U1,,BANCO_GERAL_MISSAO_FINAL,baixa,Classificacao heuristica (nao lida individualmente nesta fase): vocabulario tematico (score 1): U1. Recomenda-se leitura dedicada antes de usar como pratica de unidade.,Caderno Lei Maria da Penha - 401 ao 600.pdf,33
552,2142851,VUNESP,GCM (Sertãozinho)/Pref Sertãozinho SP/2022,2022,"Nos termos da Lei no 11.340/2006 (Lei “Maria da Penha”), constitui uma forma de violência moral contra a mulher qualquer conduta que",NOVA,,U1,,BANCO_GERAL_MISSAO_FINAL,baixa,Classificacao heuristica (nao lida individualmente nesta fase): vocabulario tematico (score 1): U1. Recomenda-se leitura dedicada antes de usar como pratica de unidade.,Caderno Lei Maria da Penha - 401 ao 600.pdf,33
553,2155740,IBFC,Escr (PC BA)/PC BA/2022,2022,"Relativamente às formas de violência previstas na Lei nº 11.340/2006, a qual cria mecanismos para coibir a violência doméstica e familiar co…",NOVA,,U1,,BANCO_GERAL_MISSAO_FINAL,baixa,Classificacao heuristica (nao lida individualmente nesta fase): vocabulario tematico (score 6): U1. Recomenda-se leitura dedicada antes de usar como pratica de unidade.,Caderno Lei Maria da Penha - 401 ao 600.pdf,33
554,2547846,SELECON,Ped Soc (Pref LRV)/Pref L do Rio Verde/2022,2022,"De acordo com a Lei nº 11.340/2006, são formas de violência doméstica e familiar contra a mulher, entre outras:",NOVA,,U1,,BANCO_GERAL_MISSAO_FINAL,baixa,Classificacao heuristica (nao lida individualmente nesta fase): vocabulario tematico (score 1): U1. Recomenda-se leitura dedicada antes de usar como pratica de unidade.,Caderno Lei Maria da Penha - 401 ao 600.pdf,33
555,2546898,EPL Concursos,MEI (Curitibanos)/Pref Curitibanos/2022,2022,"São várias as formas de violência doméstica e familiar contra a mulher, a violência moral é entendida:",NOVA,,U1,,BANCO_GERAL_MISSAO_FINAL,baixa,Classificacao heuristica (nao lida individualmente nesta fase): vocabulario tematico (score 2): U1. Recomenda-se leitura dedicada antes de usar como pratica de unidade.,Caderno Lei Maria da Penha - 401 ao 600.pdf,33
556,3095409,EJUD PI,Estag (TJ PI)/TJ PI/Psicologia/2022,2022,"A Lei Maria da Penha, Lei nº 11.340, de 7 de agosto de 2006, em seu título II e capítulo II, mais especificamente no artigo 7º, define cinco…",NOVA,,U1,7,BANCO_GERAL_MISSAO_FINAL,baixa,Classificacao heuristica (nao lida individualmente nesta fase): artigo citado no texto: 7. Recomenda-se leitura dedicada antes de usar como pratica de unidade.,Caderno Lei Maria da Penha - 401 ao 600.pdf,34
557,2063625,Instituto AOCP,Sold (PM GO)/PM GO/Combatente/2022,2022,"No que diz respeito à Lei Maria da Penha - LMP (Lei Federal nº 11.340/2006), informe se é verdadeiro (V) ou falso (F) o que se afirma a segu…",NOVA,,U1,,BANCO_GERAL_MISSAO_FINAL,baixa,Classificacao heuristica (nao lida individualmente nesta fase): vocabulario tematico (score 3): U1. Recomenda-se leitura dedicada antes de usar como pratica de unidade.,Caderno Lei Maria da Penha - 401 ao 600.pdf,34
558,3059022,Fundação La Salle,GC (Bto Gonçalves)/Pref Bento Gonçalves/2022,2022,"A Lei n.º 11.340/2006 (Lei Maria da Penha) estabelece que toda mulher, independentemente de classe, raça, etnia, orientação sexual, renda, c…",NOVA,,U1,,BANCO_GERAL_MISSAO_FINAL,baixa,Classificacao heuristica (nao lida individualmente nesta fase): vocabulario tematico (score 4): U1. Recomenda-se leitura dedicada antes de usar como pratica de unidade.,Caderno Lei Maria da Penha - 401 ao 600.pdf,34
559,3095795,EJUD PI,Estag (TJ PI)/TJ PI/Serviço Social/2022,2022,"A Lei Maria da Penha (Lei nº 11.340/06), constitui-se em importante mecanismo para coibir e prevenir situações de violência doméstica e fami…",NOVA,,U1,,BANCO_GERAL_MISSAO_FINAL,baixa,Classificacao heuristica (nao lida individualmente nesta fase): vocabulario tematico (score 1): U1. Recomenda-se leitura dedicada antes de usar como pratica de unidade.,Caderno Lei Maria da Penha - 401 ao 600.pdf,35
560,2167453,FCM,CEFETMINAS - Ass Sc (Pref SC Esc)/Pref Sta C Escalvado/2022,2022,"Preencha corretamente as lacunas do texto a seguir referente à Lei nº 11.340, de 7 de agosto de 2006 – Lei Maria da Penha. Para os efeitos d…",NOVA,,,,BANCO_GERAL_MISSAO_FINAL,baixa,"Nenhum sinal de artigo ou vocabulario tematico detectado automaticamente; nao lida individualmente nesta fase.",Caderno Lei Maria da Penha - 401 ao 600.pdf,35
561,2173152,MetroCapital,Coor CRAS (N Odessa)/Pref Nova Odessa/2022,2022,"A vítima de violência, por meio da lei que garante a assistência à mulher em situação de violência doméstica e familiar, pode ter:",NOVA,,U2,,PRATICA_UNIDADE,alta,"Revisao manual completa: Correta trata da manutencao do vinculo trabalhista por ate seis meses (art. 9º, §2º).",Caderno Lei Maria da Penha - 401 ao 600.pdf,35
562,3095842,EJUD PI,Estag (TJ PI)/TJ PI/Serviço Social/2022,2022,"A Lei nº 11.340/2006, mais conhecida como Lei Maria da Penha, em seu artigo 7º, tipifica as violências domésticas e familiares contra as mul…",NOVA,,U1,7,BANCO_GERAL_MISSAO_FINAL,baixa,Classificacao heuristica (nao lida individualmente nesta fase): artigo citado no texto: 7. Recomenda-se leitura dedicada antes de usar como pratica de unidade.,Caderno Lei Maria da Penha - 401 ao 600.pdf,35
563,2173861,VUNESP,GCM (Pref GRU)/Pref GRU/2022,2022,"Nos termos da Lei no 11.340, de 07 de agosto de 2006 (Lei “Maria da Penha”), a conduta que configure calúnia, difamação ou injúria é compree…",NOVA,,U1,,BANCO_GERAL_MISSAO_FINAL,baixa,Classificacao heuristica (nao lida individualmente nesta fase): vocabulario tematico (score 1): U1. Recomenda-se leitura dedicada antes de usar como pratica de unidade.,Caderno Lei Maria da Penha - 401 ao 600.pdf,35
564,1945897,CPCON UEPB,ASoc (Pref Sousa)/Pref Sousa/SUAS M/2022,2022,"A lei Maria da Penha (Lei nº 11.340, de 7 de agosto de 2006) é um marco na garantia de direitos para as mulheres no Brasil, pois cria mecani…",NOVA,,U1,,BANCO_GERAL_MISSAO_FINAL,baixa,Classificacao heuristica (nao lida individualmente nesta fase): vocabulario tematico (score 3): U1. Recomenda-se leitura dedicada antes de usar como pratica de unidade.,Caderno Lei Maria da Penha - 401 ao 600.pdf,36
565,2176431,VUNESP,Ana Prev (IPSM SJC)/IPSM SJC/Assistente Social/2022,2022,A Lei Maria da Penha introduz profundas inovações jurídicas na legislação nacional em relação à violência doméstica e familiar. Os casos de …,NOVA,,U1,6,BANCO_GERAL_MISSAO_FINAL,baixa,Classificacao heuristica (nao lida individualmente nesta fase): artigo citado no texto: 6. Recomenda-se leitura dedicada antes de usar como pratica de unidade.,Caderno Lei Maria da Penha - 401 ao 600.pdf,36
566,2180185,FGV,Pol Pen (DEPEN MG)/DEPEN MG/2022,2022,"Com base no Art. 7º da Lei Maria da Penha (Lei no 11.340/2016), avalie as formas de violência doméstica e familiar contra a mulher listadas …",NOVA,,U1,7,BANCO_GERAL_MISSAO_FINAL,baixa,Classificacao heuristica (nao lida individualmente nesta fase): artigo citado no texto: 7. Recomenda-se leitura dedicada antes de usar como pratica de unidade.,Caderno Lei Maria da Penha - 401 ao 600.pdf,36
567,1912214,CEBRASPE (CESPE),ADP (DPE RO)/DPE RO/Assistência Social/2022,2022,"Nos termos da Lei n.º 11.340/2006, que institui mecanismos para coibir e prevenir a violência doméstica e familiar contra a mulher, qualquer…",NOVA,,U1,,BANCO_GERAL_MISSAO_FINAL,baixa,Classificacao heuristica (nao lida individualmente nesta fase): vocabulario tematico (score 6): U1. Recomenda-se leitura dedicada antes de usar como pratica de unidade.,Caderno Lei Maria da Penha - 401 ao 600.pdf,36
568,1940683,FGV,Del Pol (PC AM)/PC AM/4ª Classe/2022,2022,"Após conturbada e conflitiva separação, um casal com filhos de 15 e 10 anos de idade, realizou divórcio judicial, oportunidade em que, dentr…",NOVA,,,,BANCO_GERAL_MISSAO_FINAL,baixa,"Nenhum sinal de artigo ou vocabulario tematico detectado automaticamente; nao lida individualmente nesta fase.",Caderno Lei Maria da Penha - 401 ao 600.pdf,36
569,2185202,VUNESP,Psic (Pref Sorocaba)/Pref Sorocaba/2022,2022,"Uma mulher, que trabalha como manicure, pediu ajuda à um serviço de atendimento a mulheres vítimas de violência para encaminhar uma denúncia…",NOVA,,U1,,BANCO_GERAL_MISSAO_FINAL,baixa,Classificacao heuristica (nao lida individualmente nesta fase): vocabulario tematico (score 3): U1. Recomenda-se leitura dedicada antes de usar como pratica de unidade.,Caderno Lei Maria da Penha - 401 ao 600.pdf,37
570,2189154,Instituto ACCESS,Adv (Ouro Branco)/Pref Ouro Branco/CREAS/2022,2022,"Conforme ensina a Lei 11.340/2006, qualquer conduta que à mulher cause dano emocional e diminuição da autoestima ou que lhe prejudique e per…",NOVA,,U1,,BANCO_GERAL_MISSAO_FINAL,baixa,Classificacao heuristica (nao lida individualmente nesta fase): vocabulario tematico (score 2): U1. Recomenda-se leitura dedicada antes de usar como pratica de unidade.,Caderno Lei Maria da Penha - 401 ao 600.pdf,37
571,2193756,FAU UNICENTRO,OSoc (Pref QN)/Pref QN/2022,2022,A Lei Maria da Penha cria mecanismos para coibir a violência doméstica e familiar contra a mulher e estabelece as formas de violência podend…,NOVA,,U1,,BANCO_GERAL_MISSAO_FINAL,baixa,Classificacao heuristica (nao lida individualmente nesta fase): vocabulario tematico (score 2): U1. Recomenda-se leitura dedicada antes de usar como pratica de unidade.,Caderno Lei Maria da Penha - 401 ao 600.pdf,37
572,2518579,FUNDATEC,AEEIEF (M. Reuter)/Pref Morro Reuter/2022,2022,"Com referência na Lei Maria da Penha, analise as assertivas abaixo. Configura violência doméstica e familiar qualquer ação ou omissão, no âm…",NEAR_DUPLICATE_REVISAR,861,,,NAO_IMPORTAR,baixa,"Similaridade 0.417 com questao existente id 861 (camada C_SIMILARIDADE); revisar antes de decidir NOVA ou JA_EXISTE.",Caderno Lei Maria da Penha - 401 ao 600.pdf,37
573,2201325,VUNESP,GCM (Pref Sto André)/Pref Santo André/2022,2022,"De acordo com a Lei nº 11.340/2006, entende-se por violência",NOVA,,U1,,BANCO_GERAL_MISSAO_FINAL,baixa,Classificacao heuristica (nao lida individualmente nesta fase): vocabulario tematico (score 1): U1. Recomenda-se leitura dedicada antes de usar como pratica de unidade.,Caderno Lei Maria da Penha - 401 ao 600.pdf,38
574,2222736,Instituto Consulplan,Ag (CM Parauapebas)/CM Parauapebas/Polícia Legislativa/2022,2022,"Analise as afirmativas; marque V para as verdadeiras e F para as falsas. ( ) Cabe singularmente à União criar condições necessárias para o e…",NOVA,,,,BANCO_GERAL_MISSAO_FINAL,media,"Revisao manual completa: Quatro itens V/F cobrem violacao dos DH (art. 6º, U1), politica publica exclusiva da Uniao/Municipio (art. 8º, U2, ambos falsos) e atendimento policial especializado (art. 10-A, U3).",Caderno Lei Maria da Penha - 401 ao 600.pdf,38
575,2748613,IVIN,CSoc (Pref Estreito)/Pref Estreito/2022,2022,"Uma das formas de violência doméstica e familiar contra a mulher a qual é entendida como qualquer conduta que configure retenção, subtração,…",NOVA,,U1,,BANCO_GERAL_MISSAO_FINAL,baixa,Classificacao heuristica (nao lida individualmente nesta fase): vocabulario tematico (score 6): U1. Recomenda-se leitura dedicada antes de usar como pratica de unidade.,Caderno Lei Maria da Penha - 401 ao 600.pdf,38
576,2506653,ITAME,Ag Sau (Pref Guapó)/Pref Guapó/2022,2022,Considerando a Lei 11.340/2006 é considerada uma das formas de violência doméstica e familiar contra a mulher:,NOVA,,U1,,BANCO_GERAL_MISSAO_FINAL,baixa,Classificacao heuristica (nao lida individualmente nesta fase): vocabulario tematico (score 5): U1. Recomenda-se leitura dedicada antes de usar como pratica de unidade.,Caderno Lei Maria da Penha - 401 ao 600.pdf,38
577,2223086,FGV,"CL (SEN)/SEN/Assessoramento Legislativo/Direito Penal, Processual Penal, Penitenciário e Segurança Pública/2022",2022,"No que diz respeito à violência doméstica e familiar contra a mulher, objeto da Lei nº 11.340/2006 (Lei Maria da Penha), assinale a afirmati…",NOVA,,U5,,PRATICA_UNIDADE,media,"Revisao manual completa: Correta trata da natureza incondicionada da acao penal por lesao corporal em violencia domestica, fundada na vedacao da Lei 9.099 (art. 41).",Caderno Lei Maria da Penha - 401 ao 600.pdf,38
578,2505524,FUNDATEC,AEI (Paim Filho)/Pref Paim Filho/2022,2022,"Com base na Lei Maria da Penha, analise as assertivas abaixo, assinalando V, se verdadeiras, ou F, se falsas. ( ) Cabe somente ao poder públ…",NOVA,,U1,,BANCO_GERAL_MISSAO_FINAL,baixa,Classificacao heuristica (nao lida individualmente nesta fase): vocabulario tematico (score 2): U1. Recomenda-se leitura dedicada antes de usar como pratica de unidade.,Caderno Lei Maria da Penha - 401 ao 600.pdf,39
579,2230482,FCC,DP MT/DPE MT/2022,2022,"De acordo com a Lei Maria da Penha, configura violência doméstica e familiar contra a mulher qualquer ação ou omissão baseada no gênero que …",NEAR_DUPLICATE_REVISAR,861,,,NAO_IMPORTAR,baixa,"Similaridade 0.453 com questao existente id 861 (camada C_SIMILARIDADE); revisar antes de decidir NOVA ou JA_EXISTE.",Caderno Lei Maria da Penha - 401 ao 600.pdf,39
580,2233524,FUMARC,AJ TRT3/TRT 3/Apoio Especializado/Serviço Social/2022,2022,A Lei 11.340/2006 cria mecanismos para coibir e prevenir a violência doméstica e familiar contra a mulher. A violência entendida como qualqu…,NOVA,,U1,,BANCO_GERAL_MISSAO_FINAL,baixa,Classificacao heuristica (nao lida individualmente nesta fase): vocabulario tematico (score 1): U1. Recomenda-se leitura dedicada antes de usar como pratica de unidade.,Caderno Lei Maria da Penha - 401 ao 600.pdf,39
581,1905256,FUNDATEC,TGS/IPE Saúde/2022,2022,"Sobre as formas de violência doméstica e familiar contra a mulher, conforme preceitua a Lei nº 11.340/2006 (Lei Maria da Penha), relacione a…",NEAR_DUPLICATE_REVISAR,347,,,NAO_IMPORTAR,baixa,"Similaridade 0.423 com questao existente id 347 (camada C_SIMILARIDADE); revisar antes de decidir NOVA ou JA_EXISTE.",Caderno Lei Maria da Penha - 401 ao 600.pdf,39
582,2504345,OBJETIVA CONCURSOS,TEnf (Pref Herval)/Pref Herval/ESF/2022,2022,"De acordo com a Lei nº 11.340/2006 - Lei Maria da Penha, assinalar a alternativa que preenche as lacunas abaixo CORRETAMENTE: Para os efeito…",NOVA,,U1,,BANCO_GERAL_MISSAO_FINAL,baixa,Classificacao heuristica (nao lida individualmente nesta fase): vocabulario tematico (score 1): U1. Recomenda-se leitura dedicada antes de usar como pratica de unidade.,Caderno Lei Maria da Penha - 401 ao 600.pdf,40
583,2797871,COPS UEL,GCM (Londrina)/Pref Londrina/2022,2022,"A Lei nº 11.340, de 7 de agosto de 2006, cria mecanismos para coibir a violência doméstica e familiar contra a mulher, nos termos do x 8º do…",NOVA,,U1,,BANCO_GERAL_MISSAO_FINAL,baixa,Classificacao heuristica (nao lida individualmente nesta fase): vocabulario tematico (score 5): U1. Recomenda-se leitura dedicada antes de usar como pratica de unidade.,Caderno Lei Maria da Penha - 401 ao 600.pdf,40
584,2488487,FUNDATEC,TecBib (Pref Esteio)/Pref Esteio/2022,2022,"Com base na Lei Maria da Penha, analise as assertivas abaixo, assinalando V, se verdadeiras, ou F, se falsas. ( ) Políticas que visem garant…",NOVA,,U1,,BANCO_GERAL_MISSAO_FINAL,baixa,Classificacao heuristica (nao lida individualmente nesta fase): vocabulario tematico (score 4): U1. Recomenda-se leitura dedicada antes de usar como pratica de unidade.,Caderno Lei Maria da Penha - 401 ao 600.pdf,40
585,1903198,FUNDATEC,AGS (IPE Saúde)/IPE Saúde/Administração/2022,2022,"A Lei nº 11.340/2006 (Lei Maria da Penha) define as formas de violência doméstica e familiar contra a mulher. Com base no texto legal, assin…",NEAR_DUPLICATE_REVISAR,346,,,NAO_IMPORTAR,baixa,"Similaridade 0.462 com questao existente id 346 (camada C_SIMILARIDADE); revisar antes de decidir NOVA ou JA_EXISTE.",Caderno Lei Maria da Penha - 401 ao 600.pdf,40
586,2065314,CEBRASPE (CESPE),ASoc (Pires do Rio)/Pref Pires do Rio/2022,2022,"À luz da Lei Maria da Penha, julgue o item subsecutivo. Violência psicológica é toda conduta que configure calúnia, difamação ou injúria con…",NOVA,,U1,,BANCO_GERAL_MISSAO_FINAL,baixa,Classificacao heuristica (nao lida individualmente nesta fase): vocabulario tematico (score 1): U1. Recomenda-se leitura dedicada antes de usar como pratica de unidade.,Caderno Lei Maria da Penha - 401 ao 600.pdf,40
587,3098121,NC UFPR (FUNPAR),Ed Soc (FAS)/FAS/2022,2022,"De acordo com o art. 7º da Lei n.º 11.340/2006, é uma das formas de violência doméstica e familiar contra a mulher a violência:",NOVA,,U1,7,BANCO_GERAL_MISSAO_FINAL,baixa,Classificacao heuristica (nao lida individualmente nesta fase): artigo citado no texto: 7. Recomenda-se leitura dedicada antes de usar como pratica de unidade.,Caderno Lei Maria da Penha - 401 ao 600.pdf,41
588,2233844,IBFC,Ana (DPE MT)/DPE MT/Psicólogo/2022,2022,A Lei Maria da Penha (Lei 11.340/2006) cria mecanismos para coibir a violência doméstica e familiar contra a mulher. No Capítulo II da refer…,NOVA,,U1,,BANCO_GERAL_MISSAO_FINAL,baixa,Classificacao heuristica (nao lida individualmente nesta fase): vocabulario tematico (score 5): U1. Recomenda-se leitura dedicada antes de usar como pratica de unidade.,Caderno Lei Maria da Penha - 401 ao 600.pdf,41
589,2233923,IDECAN,Sold (PM MS)/PM MS/2022,2022,"Acerca da violência doméstica e familiar contra a mulher, assinale a alternativa correta:",NOVA,,U1,,BANCO_GERAL_MISSAO_FINAL,baixa,Classificacao heuristica (nao lida individualmente nesta fase): vocabulario tematico (score 1): U1. Recomenda-se leitura dedicada antes de usar como pratica de unidade.,Caderno Lei Maria da Penha - 401 ao 600.pdf,41
590,2472313,OBJETIVA CONCURSOS,ACS (Pref Nv Araçá)/Pref Nova Araçá/2022,2022,"De acordo com a Lei nº 11.340/2006 - Lei Maria da Penha, configura-se, como violência doméstica e familiar contra a mulher, a violência:",NOVA,,U1,,BANCO_GERAL_MISSAO_FINAL,baixa,Classificacao heuristica (nao lida individualmente nesta fase): vocabulario tematico (score 1): U1. Recomenda-se leitura dedicada antes de usar como pratica de unidade.,Caderno Lei Maria da Penha - 401 ao 600.pdf,41
591,2250945,Instituto CONSULPAM,GM (Pref Irauçuba)/Pref Irauçuba/2022,2022,"Conforme a Lei n.º 11.340/2006, art. 5º, existem âmbitos específicos para se configurar a violência doméstica e familiar contra a mulher (ba…",NOVA,,U1,5,BANCO_GERAL_MISSAO_FINAL,baixa,Classificacao heuristica (nao lida individualmente nesta fase): artigo citado no texto: 5. Recomenda-se leitura dedicada antes de usar como pratica de unidade.,Caderno Lei Maria da Penha - 401 ao 600.pdf,41
592,2252856,AOCP,Educ Soc (Pinhais)/Pref Pinhais/2022,2022,"De acordo com a Lei Maria da Penha, em qual forma de violência doméstica e familiar se enquadra a conduta que impeça a mulher de usar qualqu…",NOVA,,U1,,BANCO_GERAL_MISSAO_FINAL,baixa,Classificacao heuristica (nao lida individualmente nesta fase): vocabulario tematico (score 5): U1. Recomenda-se leitura dedicada antes de usar como pratica de unidade.,Caderno Lei Maria da Penha - 401 ao 600.pdf,42
593,1882009,FGV,Inv Pol (PC RJ)/PC RJ/2022,2022,"Aproveitando-se que seu pai, Laio, havia saído para o trabalho, Édipo passa a alterar os aparelhos eletrônicos da residência de lugar, coloc…",NOVA,,,,BANCO_GERAL_MISSAO_FINAL,baixa,"Nenhum sinal de artigo ou vocabulario tematico detectado automaticamente; nao lida individualmente nesta fase.",Caderno Lei Maria da Penha - 401 ao 600.pdf,42
594,1876273,FGV,TPN (PC RJ)/PC RJ/2022,2022,"Para os efeitos da Lei Maria da Penha, configura violência doméstica e familiar contra a mulher qualquer ação ou omissão baseada no gênero q…",NOVA,,U1,,BANCO_GERAL_MISSAO_FINAL,baixa,Classificacao heuristica (nao lida individualmente nesta fase): vocabulario tematico (score 5): U1. Recomenda-se leitura dedicada antes de usar como pratica de unidade.,Caderno Lei Maria da Penha - 401 ao 600.pdf,42
595,1865334,FGV,DP MS/DPE MS/2022,2022,Em relação ao sistema protetivo da Lei Maria da Penha:,NOVA,,U1,,BANCO_GERAL_MISSAO_FINAL,baixa,Classificacao heuristica (nao lida individualmente nesta fase): vocabulario tematico (score 2): U1. Recomenda-se leitura dedicada antes de usar como pratica de unidade.,Caderno Lei Maria da Penha - 401 ao 600.pdf,42
596,1726840,OBJETIVA CONCURSOS,ASoc (Horizontina)/Pref Horizontina/2021,2021,"De acordo com a Lei nº 11.340/2006 - Lei Maria da Penha, marcar C para as afirmativas Certas, E para as Erradas e, após, assinalar a alterna…",NEAR_DUPLICATE_REVISAR,345,,,NAO_IMPORTAR,baixa,"Similaridade 0.444 com questao existente id 345 (camada C_SIMILARIDADE); revisar antes de decidir NOVA ou JA_EXISTE.",Caderno Lei Maria da Penha - 401 ao 600.pdf,42
597,1748369,QUADRIX,Ag Fisc (CRESS PB)/CRESS 13 (PB)/2021,2021,"A respeito da Lei Maria da Penha, julgue o item. Caracteriza violência física contra a mulher a retenção, a subtração ou a destruição de seu…",NOVA,,U1,,BANCO_GERAL_MISSAO_FINAL,baixa,Classificacao heuristica (nao lida individualmente nesta fase): vocabulario tematico (score 1): U1. Recomenda-se leitura dedicada antes de usar como pratica de unidade.,Caderno Lei Maria da Penha - 401 ao 600.pdf,43
598,1725434,VUNESP,OrS (Pref F Vasconc)/Pref F Vasconcelos/2021,2021,"De acordo com a Lei Maria da Penha (Lei Federal nº 11.340/06), a violência doméstica e familiar contra a mulher é qualquer ação ou omissão b…",NOVA,,U1,5,BANCO_GERAL_MISSAO_FINAL,baixa,Classificacao heuristica (nao lida individualmente nesta fase): artigo citado no texto: 5. Recomenda-se leitura dedicada antes de usar como pratica de unidade.,Caderno Lei Maria da Penha - 401 ao 600.pdf,43
599,1748372,QUADRIX,Ag Fisc (CRESS PB)/CRESS 13 (PB)/2021,2021,"A respeito da Lei Maria da Penha, julgue o item. A violência moral contra a mulher pode ser entendida como qualquer conduta que configure ca…",NOVA,,U1,,BANCO_GERAL_MISSAO_FINAL,baixa,Classificacao heuristica (nao lida individualmente nesta fase): vocabulario tematico (score 1): U1. Recomenda-se leitura dedicada antes de usar como pratica de unidade.,Caderno Lei Maria da Penha - 401 ao 600.pdf,43
600,1978066,GUALIMP,OSoc (CL Gasparian)/Pref CL Gasparian/2021,2021,"De acordo com a Lei Maria da Penha, como é denominada a violência entendida como qualquer conduta que configure retenção, subtração, destrui…",NOVA,,U1,,BANCO_GERAL_MISSAO_FINAL,baixa,Classificacao heuristica (nao lida individualmente nesta fase): vocabulario tematico (score 3): U1. Recomenda-se leitura dedicada antes de usar como pratica de unidade.,Caderno Lei Maria da Penha - 401 ao 600.pdf,43
600,1978066,GUALIMP,OSoc (CL Gasparian)/Pref CL Gasparian/2021,2021,"De acordo com a Lei Maria da Penha, como é denominada a violência entendida como qualquer conduta que configure retenção, subtração, destrui…",DUPLICATA_PDF,,,,NAO_IMPORTAR,,"TEC ID duplicado dentro dos PDFs (mesma questao aparece em 2 cadernos, boundary overlap)",Caderno Lei Maria da Penha - 601 ao 800.pdf,1
601,1975391,IBADE,Sarg (CBM PB)/CBM PB/2021,2021,"De acordo com a Lei nº. 11.340/06 (Lei Maria da Penha), configura violência doméstica e familiar contra a mulher qualquer ação ou omissão ba…",NEAR_DUPLICATE_REVISAR,861,,,NAO_IMPORTAR,baixa,"Similaridade 0.471 com questao existente id 861 (camada C_SIMILARIDADE); revisar antes de decidir NOVA ou JA_EXISTE.",Caderno Lei Maria da Penha - 601 ao 800.pdf,1
602,1632410,IDIB,Sarg (PM ES)/PM ES/2021,2021,Assinale a única alternativa que não trata de formas de violência doméstica e familiar contra a mulher.,NOVA,,U1,,BANCO_GERAL_MISSAO_FINAL,baixa,Classificacao heuristica (nao lida individualmente nesta fase): vocabulario tematico (score 6): U1. Recomenda-se leitura dedicada antes de usar como pratica de unidade.,Caderno Lei Maria da Penha - 601 ao 800.pdf,1
603,1748613,IBADE,Adv (IAPEN AC)/IAPEN AC/2021,2021,"Conforme a Lei n° 11.340 de 07/08/2006, que cria mecanismos para coibir a violência doméstica e familiar contra a mulher, assinale a alterna…",NEAR_DUPLICATE_REVISAR,345,,,NAO_IMPORTAR,baixa,"Similaridade 0.368 com questao existente id 345 (camada C_SIMILARIDADE); revisar antes de decidir NOVA ou JA_EXISTE.",Caderno Lei Maria da Penha - 601 ao 800.pdf,1
604,2608463,ADM&TEC,GM (Pref Cp Alegre)/Pref Campo Alegre/2021,2021,"Violência psicológica contra a mulher LEI Nº 11.340, DE 7 DE AGOSTO DE 2006 DAS FORMAS DE VIOLÊNCIA DOMÉSTICA E FAMILIAR CONTRA A MULHER Art…",NOVA,,U1,7,BANCO_GERAL_MISSAO_FINAL,baixa,Classificacao heuristica (nao lida individualmente nesta fase): artigo citado no texto: 7. Recomenda-se leitura dedicada antes de usar como pratica de unidade.,Caderno Lei Maria da Penha - 601 ao 800.pdf,1
605,2608460,ADM&TEC,GM (Pref Cp Alegre)/Pref Campo Alegre/2021,2021,"Violência psicológica contra a mulher LEI Nº 11.340, DE 7 DE AGOSTO DE 2006 DAS FORMAS DE VIOLÊNCIA DOMÉSTICA E FAMILIAR CONTRA A MULHER Art…",NOVA,,U1,7,BANCO_GERAL_MISSAO_FINAL,baixa,Classificacao heuristica (nao lida individualmente nesta fase): artigo citado no texto: 7. Recomenda-se leitura dedicada antes de usar como pratica de unidade.,Caderno Lei Maria da Penha - 601 ao 800.pdf,1
606,1641990,CONSULTEC (AIETEC),Est (DPE RJ)/DPE RJ/2021,2021,Considerando o diploma legal conhecido como Lei Maria da Penha (Lei nº 11.340/2006) e a jurisprudência dos Tribunais Superiores sobre a viol…,NOVA,,U5,,PRATICA_UNIDADE,alta,"Revisao manual completa: Correta trata da vedacao de transacao penal (art. 41, vedacao da Lei 9.099).",Caderno Lei Maria da Penha - 601 ao 800.pdf,1
607,1752622,CEBRASPE (CESPE),Prom Jus (MPE SC)/MPE SC/2021,2021,"Acerca do enfrentamento ao preconceito e da promoção da igualdade, julgue o próximo item. Os casos conhecidos como revanche pornô — divulgaç…",NOVA,,U1,,BANCO_GERAL_MISSAO_FINAL,baixa,Classificacao heuristica (nao lida individualmente nesta fase): vocabulario tematico (score 1): U1. Recomenda-se leitura dedicada antes de usar como pratica de unidade.,Caderno Lei Maria da Penha - 601 ao 800.pdf,1
608,3092375,IBGP,ASoc (Pref Dores do Indaiá)/Pref Dores do Indaiá/2021,2021,De acordo com a Lei Maria da Penha é entendida como qualquer conduta que lhe cause danos emocional e diminuição da autoestima ou que lhe pre…,NOVA,,U1,,BANCO_GERAL_MISSAO_FINAL,baixa,Classificacao heuristica (nao lida individualmente nesta fase): vocabulario tematico (score 4): U1. Recomenda-se leitura dedicada antes de usar como pratica de unidade.,Caderno Lei Maria da Penha - 601 ao 800.pdf,2
609,1729002,OBJETIVA CONCURSOS,TEnf (Horizontina)/Pref Horizontina/2021,2021,"De acordo com a Lei nº 11.340/2006 - Lei Maria da Penha, são formas de violência doméstica e familiar contra a mulher, entre outras, a violê…",NOVA,,U1,,BANCO_GERAL_MISSAO_FINAL,baixa,Classificacao heuristica (nao lida individualmente nesta fase): vocabulario tematico (score 1): U1. Recomenda-se leitura dedicada antes de usar como pratica de unidade.,Caderno Lei Maria da Penha - 601 ao 800.pdf,2
610,1922765,FGV,Psic (Pref Paulínia)/Pref Paulínia/2021,2021,"Tatiana procurou a Secretaria da Mulher em busca de orientação. Ela relatou para a psicóloga que, após a separação conjugal, teve fotos ínti…",NOVA,,U1,,BANCO_GERAL_MISSAO_FINAL,baixa,Classificacao heuristica (nao lida individualmente nesta fase): vocabulario tematico (score 2): U1. Recomenda-se leitura dedicada antes de usar como pratica de unidade.,Caderno Lei Maria da Penha - 601 ao 800.pdf,2
611,1674850,OBJETIVA CONCURSOS,Med (Sta Maria RS)/Pref Sta Maria (RS)/PSF/2021,2021,"Considerando-se a Lei nº 11.340/2006 - Lei Maria da Penha, analisar os itens abaixo: I. Configura violência doméstica e familiar contra a mu…",NOVA,,U1,,BANCO_GERAL_MISSAO_FINAL,baixa,Classificacao heuristica (nao lida individualmente nesta fase): vocabulario tematico (score 4): U1. Recomenda-se leitura dedicada antes de usar como pratica de unidade.,Caderno Lei Maria da Penha - 601 ao 800.pdf,2
612,1677930,FUNDATEC,GM (Pref Tramandaí)/Pref Tramandaí/2021,2021,Uma mulher pediu ajuda ao Guarda Municipal para registrar o fato de seu companheiro conjugal estar lhe forçando a praticar atos sexuais que …,NOVA,,U1,,BANCO_GERAL_MISSAO_FINAL,baixa,Classificacao heuristica (nao lida individualmente nesta fase): vocabulario tematico (score 1): U1. Recomenda-se leitura dedicada antes de usar como pratica de unidade.,Caderno Lei Maria da Penha - 601 ao 800.pdf,3
613,1682434,CEBRASPE (CESPE),Ana Min (MPE AP)/MPE AP/Serviço Social/2021,2021,"Jorge e Maria são casados há cinco anos e recentemente ela engravidou do seu quarto filho. Por conta de crença religiosa, Jorge impede Maria…",NOVA,,U1,,BANCO_GERAL_MISSAO_FINAL,baixa,Classificacao heuristica (nao lida individualmente nesta fase): vocabulario tematico (score 1): U1. Recomenda-se leitura dedicada antes de usar como pratica de unidade.,Caderno Lei Maria da Penha - 601 ao 800.pdf,3
614,1697143,FCM,CEFETMINAS - ASoc (Bela Vista MG)/Pref B Vista MG/Departamento de Assistência Social/2021,2021,"Associe as colunas relacionando corretamente a forma de violência contra a mulher tipificada na Lei Maria da Penha (Lei Federal nº 11.340, d…",NOVA,,U1,,BANCO_GERAL_MISSAO_FINAL,baixa,Classificacao heuristica (nao lida individualmente nesta fase): vocabulario tematico (score 1): U1. Recomenda-se leitura dedicada antes de usar como pratica de unidade.,Caderno Lei Maria da Penha - 601 ao 800.pdf,3
615,1697153,FCM,CEFETMINAS - ASoc (Bela Vista MG)/Pref B Vista MG/Departamento de Saúde/2021,2021,"A sequência que apresenta corretamente as formas de violência doméstica e familiar contra a mulher, de acordo com o Artigo 7º da Lei Maria d…",NOVA,,U1,7,BANCO_GERAL_MISSAO_FINAL,baixa,Classificacao heuristica (nao lida individualmente nesta fase): artigo citado no texto: 7. Recomenda-se leitura dedicada antes de usar como pratica de unidade.,Caderno Lei Maria da Penha - 601 ao 800.pdf,3
616,1703864,CEV URCA,GM (Pref Crato)/Pref Crato/2021,2021,"Com base na Lei Maria da Penha são formas de violência doméstica e familiar contra a mulher, entre outras: I. a violência física, entendida …",NOVA,,U1,,BANCO_GERAL_MISSAO_FINAL,baixa,Classificacao heuristica (nao lida individualmente nesta fase): vocabulario tematico (score 6): U1. Recomenda-se leitura dedicada antes de usar como pratica de unidade.,Caderno Lei Maria da Penha - 601 ao 800.pdf,4
617,2476827,OBJETIVA CONCURSOS,ACS (Pref SJ do Sul)/Pref SJ do Sul/2021,2021,"De acordo com a Lei nº 11.340/2006 - Lei Maria da Penha, assinalar a alternativa que preenche a lacuna abaixo CORRETAMENTE: A violência ____…",NOVA,,,,BANCO_GERAL_MISSAO_FINAL,baixa,"Nenhum sinal de artigo ou vocabulario tematico detectado automaticamente; nao lida individualmente nesta fase.",Caderno Lei Maria da Penha - 601 ao 800.pdf,4
618,1767323,OBJETIVA CONCURSOS,TEnf (Travesseiro)/Pref Travesseiro/2021,2021,"Segundo a Lei nº 11.340/2006 - Lei Maria da Penha, configura violência doméstica e familiar contra a mulher:",NOVA,,U1,,BANCO_GERAL_MISSAO_FINAL,baixa,Classificacao heuristica (nao lida individualmente nesta fase): vocabulario tematico (score 1): U1. Recomenda-se leitura dedicada antes de usar como pratica de unidade.,Caderno Lei Maria da Penha - 601 ao 800.pdf,4
619,1829244,FAPEC,Papil (PC MS)/PC MS/2021,2021,"Sobre a Lei nº 11.340/06 (Lei Maria da Penha), analise as assertivas a seguir. I - A lei 11.340/06 (Lei Maria da Penha) apresenta como forma…",NOVA,,U1+U4,"24-A;24",PRATICA_UNIDADE,media,"Revisao manual completa: Assertivas corretas combinam tipos de violencia (art. 7º, U1) e o crime de descumprimento de medida protetiva (art. 24-A, U4).",Caderno Lei Maria da Penha - 601 ao 800.pdf,4
620,1789562,FGV,AJ (TJ RO)/TJ RO/Oficial de Justiça/2021,2021,"Mia, empregada doméstica, aceitou o convite do seu patrão, com quem trabalhava há aproximadamente dez anos, para prosseguir com a prestação …",NOVA,,,,BANCO_GERAL_MISSAO_FINAL,baixa,"Nenhum sinal de artigo ou vocabulario tematico detectado automaticamente; nao lida individualmente nesta fase.",Caderno Lei Maria da Penha - 601 ao 800.pdf,5
621,1820927,AVANÇASP,Ag (Pref Laranjal P)/Pref Laranjal Pta/Social/2021,2021,"Com relação às formas de violência previstas da Lei Maria da Penha, julgue os itens a seguir e, ao final, assinale a alternativa correta: I …",NOVA,,U1,,BANCO_GERAL_MISSAO_FINAL,baixa,Classificacao heuristica (nao lida individualmente nesta fase): vocabulario tematico (score 4): U1. Recomenda-se leitura dedicada antes de usar como pratica de unidade.,Caderno Lei Maria da Penha - 601 ao 800.pdf,5
622,1819323,OBJETIVA CONCURSOS,TEnf (Cel Martins)/Pref Cel Martins/2021,2021,"Em conformidade com a Lei nº 11.340/2006 - Lei Maria da Penha, são algumas das formas de violência doméstica e familiar contra a mulher: I. …",NOVA,,U1,,BANCO_GERAL_MISSAO_FINAL,baixa,Classificacao heuristica (nao lida individualmente nesta fase): vocabulario tematico (score 4): U1. Recomenda-se leitura dedicada antes de usar como pratica de unidade.,Caderno Lei Maria da Penha - 601 ao 800.pdf,5
623,1720776,OBJETIVA CONCURSOS,Ag (Dr Maurício C)/Pref Dr. Maurício C./Comunitário de Saúde/2021,2021,"De acordo com a Lei nº 11.340/2006 - Lei Maria da Penha, configura violência doméstica e familiar contra a mulher qualquer ação ou omissão b…",NOVA,,U1,,BANCO_GERAL_MISSAO_FINAL,baixa,Classificacao heuristica (nao lida individualmente nesta fase): vocabulario tematico (score 1): U1. Recomenda-se leitura dedicada antes de usar como pratica de unidade.,Caderno Lei Maria da Penha - 601 ao 800.pdf,5
624,1721642,OBJETIVA CONCURSOS,Med (Dr Mauricio C)/Pref Dr. Maurício C./40 Horas/2021,2021,"De acordo com a Lei nº 11.340/2006 - Lei Maria da Penha, configura violência doméstica e familiar contra a mulher qualquer ação ou omissão b…",DUPLICATA_PDF,,,,NAO_IMPORTAR,,Enunciado (e alternativas) identico ao ja extraido do caderno 623 (TEC 1720776),Caderno Lei Maria da Penha - 601 ao 800.pdf,6
625,1818982,OBJETIVA CONCURSOS,Psic (Pref Cerro L)/Pref Cerro Largo/2021,2021,"Considerando-se a Lei nº 11.340/2006 - Lei Maria da Penha, marcar C para as afirmativas Certas, E para as Erradas e, após, assinalar a alter…",NOVA,,U1,,BANCO_GERAL_MISSAO_FINAL,baixa,Classificacao heuristica (nao lida individualmente nesta fase): vocabulario tematico (score 3): U1. Recomenda-se leitura dedicada antes de usar como pratica de unidade.,Caderno Lei Maria da Penha - 601 ao 800.pdf,6
626,1817995,FCC,Ass Soc (TJ SC)/TJ SC/2021,2021,"A violência doméstica e familiar contra a mulher configura-se por qualquer ação ou omissão baseada no gênero que cause morte, lesão, sofrime…",NOVA,,U1,,BANCO_GERAL_MISSAO_FINAL,baixa,Classificacao heuristica (nao lida individualmente nesta fase): vocabulario tematico (score 1): U1. Recomenda-se leitura dedicada antes de usar como pratica de unidade.,Caderno Lei Maria da Penha - 601 ao 800.pdf,6
627,2371648,Instituto CONSULPAM,GM (Cascavel CE)/Pref Cascavel (CE)/2021,2021,Conforme a Lei n.º 11.340. de 07 de agosto de 2006 e alterações (Lei Maria da Penha). a é entendida como qualquer conduta que lhe cause dano…,NOVA,,U1,,BANCO_GERAL_MISSAO_FINAL,baixa,Classificacao heuristica (nao lida individualmente nesta fase): vocabulario tematico (score 4): U1. Recomenda-se leitura dedicada antes de usar como pratica de unidade.,Caderno Lei Maria da Penha - 601 ao 800.pdf,6
628,1817358,OBJETIVA CONCURSOS,Ana Adm (TRENSURB)/TRENSURB/Médico do Trabalho/2021,2021,"Considerando-se a Lei nº 11.340/2006 - Lei Maria da Penha, assinalar a alternativa que preenche a lacuna abaixo CORRETAMENTE: Para os efeito…",NOVA,,U1,,BANCO_GERAL_MISSAO_FINAL,baixa,Classificacao heuristica (nao lida individualmente nesta fase): vocabulario tematico (score 2): U1. Recomenda-se leitura dedicada antes de usar como pratica de unidade.,Caderno Lei Maria da Penha - 601 ao 800.pdf,6
629,1817277,OBJETIVA CONCURSOS,Ag Met (TRENSURB)/TRENSURB/2021,2021,"De acordo com a Lei nº 11.340/2006 - Lei Maria da Penha, são formas de violência doméstica e familiar contra a mulher, entre outras: I. A vi…",NOVA,,U1,,BANCO_GERAL_MISSAO_FINAL,baixa,Classificacao heuristica (nao lida individualmente nesta fase): vocabulario tematico (score 4): U1. Recomenda-se leitura dedicada antes de usar como pratica de unidade.,Caderno Lei Maria da Penha - 601 ao 800.pdf,7
630,1725316,VUNESP,ASoc (Pref F Vascon)/Pref F Vasconcelos/Sistema Único de Assistência Social/2021,2021,"A Lei nº 11.340, de 07 de agosto de 2006, Lei Maria da Penha, em seu artigo 7o, define as formas de violência doméstica e familiar contra a …",NOVA,,U1,7,BANCO_GERAL_MISSAO_FINAL,baixa,Classificacao heuristica (nao lida individualmente nesta fase): artigo citado no texto: 7. Recomenda-se leitura dedicada antes de usar como pratica de unidade.,Caderno Lei Maria da Penha - 601 ao 800.pdf,7
631,3381120,VUNESP,GCM (Pref Jaguariúna)/Pref Jaguariúna/2021,2021,"Na Lei Maria da Penha, há a previsão de diversas formas de violência doméstica e familiar contra a mulher. De acordo com a referida lei, a v…",NOVA,,U1,,BANCO_GERAL_MISSAO_FINAL,baixa,Classificacao heuristica (nao lida individualmente nesta fase): vocabulario tematico (score 2): U1. Recomenda-se leitura dedicada antes de usar como pratica de unidade.,Caderno Lei Maria da Penha - 601 ao 800.pdf,7
632,2222540,FEPESE,ASoc (Caxambu Sul)/Pref Caxambu do Sul/2021,2021,"Sobre Violência Doméstica, é correto afirmar:",NOVA,,U1,,BANCO_GERAL_MISSAO_FINAL,baixa,Classificacao heuristica (nao lida individualmente nesta fase): vocabulario tematico (score 3): U1. Recomenda-se leitura dedicada antes de usar como pratica de unidade.,Caderno Lei Maria da Penha - 601 ao 800.pdf,7
633,2176817,FAUEL,Ass Soc (Rio Azul)/Pref Rio Azul/2021,2021,"A partir da Lei Maria da Penha, é CORRETO afirmar que:",NOVA,,U1,,BANCO_GERAL_MISSAO_FINAL,baixa,Classificacao heuristica (nao lida individualmente nesta fase): vocabulario tematico (score 1): U1. Recomenda-se leitura dedicada antes de usar como pratica de unidade.,Caderno Lei Maria da Penha - 601 ao 800.pdf,7
634,1522392,OBJETIVA CONCURSOS,Odon (N Itaberaba)/Pref Nova Itaberaba/2021,2021,"De acordo com a Lei nº 11.340/2006 - Lei Maria da Penha, sobre as formas de violência doméstica contra a mulher, a violência entendida como …",NOVA,,U1,,BANCO_GERAL_MISSAO_FINAL,baixa,Classificacao heuristica (nao lida individualmente nesta fase): vocabulario tematico (score 1): U1. Recomenda-se leitura dedicada antes de usar como pratica de unidade.,Caderno Lei Maria da Penha - 601 ao 800.pdf,8
635,1746968,IESES,NeR (TJ RO)/TJ RO/Remoção/2021,2021,"Para os efeitos da Lei nº 11.340 (Lei Maria da Penha), configura violência doméstica e familiar contra a mulher qualquer ação ou omissão bas…",NOVA,,U1,,BANCO_GERAL_MISSAO_FINAL,baixa,Classificacao heuristica (nao lida individualmente nesta fase): vocabulario tematico (score 3): U1. Recomenda-se leitura dedicada antes de usar como pratica de unidade.,Caderno Lei Maria da Penha - 601 ao 800.pdf,8
636,2144537,IDECAN,GCM (Campina Gde)/Pref Campina Gde/2021,2021,Analise as afirmativas abaixo sobre a Lei nº 11.340/2006 (Lei Maria da Penha): I. A violência doméstica e familiar contra a mulher constitui…,NOVA,,U1,,BANCO_GERAL_MISSAO_FINAL,baixa,Classificacao heuristica (nao lida individualmente nesta fase): vocabulario tematico (score 3): U1. Recomenda-se leitura dedicada antes de usar como pratica de unidade.,Caderno Lei Maria da Penha - 601 ao 800.pdf,8
637,2096094,Legalle,ASoc (Pref Agudo)/Pref Agudo/2021,2021,"A Lei Maria da Penha trata das formas de violência doméstica e familiar contra a mulher, entre as quais, pode-se citar a: I. Sexual; II. Fís…",NOVA,,U1,,BANCO_GERAL_MISSAO_FINAL,baixa,Classificacao heuristica (nao lida individualmente nesta fase): vocabulario tematico (score 1): U1. Recomenda-se leitura dedicada antes de usar como pratica de unidade.,Caderno Lei Maria da Penha - 601 ao 800.pdf,8
638,2041005,Legalle,ASoc (Pref D Francisca)/Pref D Francisca/2021,2021,"Conforme a Lei Maria da Penha, em relação à mulher, a violência física é entendida como qualquer conduta que ofenda sua(eu):",NOVA,,U1,,BANCO_GERAL_MISSAO_FINAL,baixa,Classificacao heuristica (nao lida individualmente nesta fase): vocabulario tematico (score 1): U1. Recomenda-se leitura dedicada antes de usar como pratica de unidade.,Caderno Lei Maria da Penha - 601 ao 800.pdf,15
639,1191609,CEBRASPE (CESPE),Tec Min (MPE CE)/MPE CE/2020,2020,"Mário, após ingerir bebida alcoólica em uma festa, agrediu um casal de namorados, o que resultou na morte do rapaz, devido à gravidade das l…",NOVA,,,,BANCO_GERAL_MISSAO_FINAL,baixa,"Nenhum sinal de artigo ou vocabulario tematico detectado automaticamente; nao lida individualmente nesta fase.",Caderno Lei Maria da Penha - 601 ao 800.pdf,15
640,1472244,Instituto AOCP,AgePen (SEJUC RR)/SEJUC RR/2020,2020,"Em uma situação hipotética, Fernando, servidor público estadual, após um dia exaustivo de trabalho, embarca em seu automóvel e vai para sua …",NOVA,,,,BANCO_GERAL_MISSAO_FINAL,baixa,"Nenhum sinal de artigo ou vocabulario tematico detectado automaticamente; nao lida individualmente nesta fase.",Caderno Lei Maria da Penha - 601 ao 800.pdf,15
641,1759848,FUNCERN,GM (Monte Alegre RN)/Pref Monte Alegre RN/2020,2020,Uma das formas de violência doméstica e familiar contra a mulher contida na Lei Maria da Penha (Lei nº 11.340/2006) é,NOVA,,U1,,BANCO_GERAL_MISSAO_FINAL,baixa,Classificacao heuristica (nao lida individualmente nesta fase): vocabulario tematico (score 5): U1. Recomenda-se leitura dedicada antes de usar como pratica de unidade.,Caderno Lei Maria da Penha - 601 ao 800.pdf,15
642,1410148,VUNESP,GCM (F Vasconcelos)/Pref F Vasconcelos/2020,2020,"Nos termos dos efeitos da Lei nº 11.340, de 7 de agosto de 2006 (Lei Maria da Penha), é correto afirmar que se considera uma forma de violên…",NOVA,,U1,,BANCO_GERAL_MISSAO_FINAL,baixa,Classificacao heuristica (nao lida individualmente nesta fase): vocabulario tematico (score 1): U1. Recomenda-se leitura dedicada antes de usar como pratica de unidade.,Caderno Lei Maria da Penha - 601 ao 800.pdf,15
643,1224681,Instituto AOCP,Ed Soc (Pref Betim)/Pref Betim/2020,2020,"De acordo com a Lei “Maria da Penha” (Lei n° 11.340/2006), qualquer conduta que configure perturbação do pleno desenvolvimento ou que vise d…",NOVA,,U1,,BANCO_GERAL_MISSAO_FINAL,baixa,Classificacao heuristica (nao lida individualmente nesta fase): vocabulario tematico (score 1): U1. Recomenda-se leitura dedicada antes de usar como pratica de unidade.,Caderno Lei Maria da Penha - 601 ao 800.pdf,10
644,1728363,Marinha,QT (Marinha)/Marinha/Serviço Social/2020,2020,Uma militar oriunda da cidade de Natal foi transferida por. interesse do serviço para a cidade do Rio de Janeiro. Em comum acordo com dois c…,NOVA,,U1,,BANCO_GERAL_MISSAO_FINAL,baixa,Classificacao heuristica (nao lida individualmente nesta fase): vocabulario tematico (score 3): U1. Recomenda-se leitura dedicada antes de usar como pratica de unidade.,Caderno Lei Maria da Penha - 601 ao 800.pdf,10
645,1410147,VUNESP,GCM (F Vasconcelos)/Pref F Vasconcelos/2020,2020,"Nos termos da Lei nº 11.340, de 7 de agosto de 2006 (Lei Maria da Penha), é correto afirmar que configura violência doméstica e familiar con…",NEAR_DUPLICATE_REVISAR,861,,,NAO_IMPORTAR,baixa,"Similaridade 0.453 com questao existente id 861 (camada C_SIMILARIDADE); revisar antes de decidir NOVA ou JA_EXISTE.",Caderno Lei Maria da Penha - 601 ao 800.pdf,10
646,1554373,CEBRASPE (CESPE),Del Pol (PC SE)/PC SE/2020,2020,"No que se refere ao atendimento policial a grupos vulneráveis, julgue o item a seguir. A conduta de um namorado que ameaça divulgar fotos de…",NOVA,,U1,,PRATICA_UNIDADE,alta,"Revisao manual completa: Julga se ameaca de divulgar fotos intimas se enquadra na lei; testa o ambito de aplicacao (art. 5º/7º), nao atendimento policial.",Caderno Lei Maria da Penha - 601 ao 800.pdf,10
647,1256097,VUNESP,Coo (Pref Cananéia)/Pref Cananéia/Centro de Referência e Assistência Social/2020,2020,A violência contra a mulher pode ser compreendida como resultado da estruturação na sociedade de um tipo de relação em que todas as formas d…,NOVA,,U1,5,BANCO_GERAL_MISSAO_FINAL,baixa,Classificacao heuristica (nao lida individualmente nesta fase): artigo citado no texto: 5. Recomenda-se leitura dedicada antes de usar como pratica de unidade.,Caderno Lei Maria da Penha - 601 ao 800.pdf,10
648,1374243,ADM&TEC,GCM (Mata Grande)/Pref Mata Grande/2020,2020,"Leia as afirmativas a seguir: I. A violência física contra a mulher inclui, entre outras, qualquer conduta que lhe cause dano emocional e di…",NOVA,,U1,,BANCO_GERAL_MISSAO_FINAL,baixa,Classificacao heuristica (nao lida individualmente nesta fase): vocabulario tematico (score 2): U1. Recomenda-se leitura dedicada antes de usar como pratica de unidade.,Caderno Lei Maria da Penha - 601 ao 800.pdf,10
649,1121086,CEBRASPE (CESPE),AJ (TJ PA)/TJ PA/Psicologia/2020,2020,"A respeito da violência doméstica contra a mulher, julgue os próximos itens. I A violência doméstica caracteriza-se por ser cometida estrita…",NOVA,,,,BANCO_GERAL_MISSAO_FINAL,baixa,"Nenhum sinal de artigo ou vocabulario tematico detectado automaticamente; nao lida individualmente nesta fase.",Caderno Lei Maria da Penha - 601 ao 800.pdf,11
650,1972388,FUNDATEC,ACS (Pref Porto Alegre)/Pref Porto Alegre/2020,2020,"Sobre as formas de violência doméstica e familiar contra a mulher, de acordo com a Lei Maria da Penha, analise as assertivas abaixo e assina…",NOVA,,U1,,BANCO_GERAL_MISSAO_FINAL,baixa,Classificacao heuristica (nao lida individualmente nesta fase): vocabulario tematico (score 1): U1. Recomenda-se leitura dedicada antes de usar como pratica de unidade.,Caderno Lei Maria da Penha - 601 ao 800.pdf,11
651,1221585,Instituto AOCP,ASoc (N Hamburgo)/Pref Novo Hamburgo/2020,2020,"No atendimento da assistente social à Sra Maria, a atendida contou que, na semana anterior, seu marido, Jorge, chegou em casa bêbado e tento…",NOVA,,U1,,BANCO_GERAL_MISSAO_FINAL,baixa,Classificacao heuristica (nao lida individualmente nesta fase): vocabulario tematico (score 3): U1. Recomenda-se leitura dedicada antes de usar como pratica de unidade.,Caderno Lei Maria da Penha - 601 ao 800.pdf,11
652,1173967,CEBRASPE (CESPE),Prom Jus (MPE CE)/MPE CE/2020,2020,"Conforme a Lei Maria da Penha, caracteriza forma específica de violência doméstica e familiar contra a mulher",NOVA,,U1,,BANCO_GERAL_MISSAO_FINAL,baixa,Classificacao heuristica (nao lida individualmente nesta fase): vocabulario tematico (score 4): U1. Recomenda-se leitura dedicada antes de usar como pratica de unidade.,Caderno Lei Maria da Penha - 601 ao 800.pdf,11
653,1585068,FAUEL,ASoc (Pref Cent Sul)/Pref Centenário Sul/2020,2020,"A respeito da violência contra a mulher, julgue a alternativa CORRETA:",NOVA,,U1,,PRATICA_UNIDADE,alta,Revisao manual completa: Correta trata da violacao dos direitos humanos (art. 6º).,Caderno Lei Maria da Penha - 601 ao 800.pdf,12
654,1501575,EDUCA PB,ASoc (Pref C Índios)/Pref C dos Índios/2020,2020,"De acordo com a Lei 11.340/2006, em seu art. 7º, “ São formas de violência doméstica e familiar contra a mulher, entre outras”: Assinale a a…",NOVA,,U1,7,BANCO_GERAL_MISSAO_FINAL,baixa,Classificacao heuristica (nao lida individualmente nesta fase): artigo citado no texto: 7. Recomenda-se leitura dedicada antes de usar como pratica de unidade.,Caderno Lei Maria da Penha - 601 ao 800.pdf,12
655,1317126,IDIB,GM (Araguaína)/Pref Araguaína/2020,2020,"Analise as afirmativas a seguir sobre a Lei Maria da Penha: I.São formas de violência doméstica e familiar contra a mulher,entre outras, a v…",NOVA,,U1,,BANCO_GERAL_MISSAO_FINAL,baixa,Classificacao heuristica (nao lida individualmente nesta fase): vocabulario tematico (score 4): U1. Recomenda-se leitura dedicada antes de usar como pratica de unidade.,Caderno Lei Maria da Penha - 601 ao 800.pdf,12
656,1501534,EDUCA PB,GM (Pref Cabedelo)/Pref Cabedelo/2020,2020,"Está preconizado no art. 7º da Lei nº 11.340/06, “são formas de violência doméstica e familiar contra a mulher”, entre outras: I. A violênci…",NOVA,,U1,7,BANCO_GERAL_MISSAO_FINAL,baixa,Classificacao heuristica (nao lida individualmente nesta fase): artigo citado no texto: 7. Recomenda-se leitura dedicada antes de usar como pratica de unidade.,Caderno Lei Maria da Penha - 601 ao 800.pdf,12
657,3844720,CONTEMAX,Ass Soc (Pref Alagoa Nova)/Pref Alagoa Nova/2020,2020,"A violência doméstica e familiar contra a mulher é compreendida como “qualquer ação ou omissão baseada no gênero que lhe cause morte, lesão,…",NEAR_DUPLICATE_REVISAR,861,,,NAO_IMPORTAR,baixa,"Similaridade 0.467 com questao existente id 861 (camada C_SIMILARIDADE); revisar antes de decidir NOVA ou JA_EXISTE.",Caderno Lei Maria da Penha - 601 ao 800.pdf,15
658,1501361,EDUCA PB,CEI (Pref Cabedelo)/Pref Cabedelo/2020,2020,A Lei nº 11.340/2006 - Maria da Penha determina que a violência doméstica e familiar contra a mulher constitui uma das formas de violação do…,NOVA,,U1,,BANCO_GERAL_MISSAO_FINAL,baixa,Classificacao heuristica (nao lida individualmente nesta fase): vocabulario tematico (score 2): U1. Recomenda-se leitura dedicada antes de usar como pratica de unidade.,Caderno Lei Maria da Penha - 601 ao 800.pdf,15
659,1191436,CEBRASPE (CESPE),Ana Min (MPE CE)/MPE CE/Serviço Social/2020,2020,A equipe de serviço social de uma unidade de saúde de alta complexidade foi procurada pela familiar de uma usuária do sistema e por duas pro…,NOVA,,,,BANCO_GERAL_MISSAO_FINAL,baixa,"Nenhum sinal de artigo ou vocabulario tematico detectado automaticamente; nao lida individualmente nesta fase.",Caderno Lei Maria da Penha - 601 ao 800.pdf,15
660,3844710,CONTEMAX,Ass Soc (Pref Alagoa Nova)/Pref Alagoa Nova/2020,2020,"“Em meio à pandemia do novo coronavírus, de acordo com o Monitor da Violência Doméstica e Familiar contra a Mulher no período de isolamento …",NOVA,,U1,,BANCO_GERAL_MISSAO_FINAL,baixa,Classificacao heuristica (nao lida individualmente nesta fase): vocabulario tematico (score 5): U1. Recomenda-se leitura dedicada antes de usar como pratica de unidade.,Caderno Lei Maria da Penha - 601 ao 800.pdf,15
661,1326308,VUNESP,ASoc (EBSERH HC-UFU)/HU Brasil HC-UFU/2020,2020,"A violência contra a mulher ocorre além das relações conjugais e familiares, sendo múltiplas as manifestações e situações que a caracterizam…",NOVA,,U1,"1;7",BANCO_GERAL_MISSAO_FINAL,baixa,"Classificacao heuristica (nao lida individualmente nesta fase): artigo citado no texto: 1,7. Recomenda-se leitura dedicada antes de usar como pratica de unidade.",Caderno Lei Maria da Penha - 601 ao 800.pdf,15
662,1292573,GUALIMP,Ori Soc (Pref Areal)/Pref Areal/2020,2020,"Uma das formas de violência doméstica e familiar contra a mulher é entendida como qualquer conduta que configure calúnia, difamação ou injúr…",NOVA,,U1,,BANCO_GERAL_MISSAO_FINAL,baixa,Classificacao heuristica (nao lida individualmente nesta fase): vocabulario tematico (score 1): U1. Recomenda-se leitura dedicada antes de usar como pratica de unidade.,Caderno Lei Maria da Penha - 601 ao 800.pdf,15
663,1107602,SELECON,GCM (Boa Vista)/Pref Boa Vista/2020,2020,"Dan é acusado de injúria contra Fran, sua esposa. Ao ser enquadrado nos crimes tipificados pela Lei Maria da Penha (Lei nº 11.340/2006), o a…",NOVA,,,,BANCO_GERAL_MISSAO_FINAL,baixa,"Nenhum sinal de artigo ou vocabulario tematico detectado automaticamente; nao lida individualmente nesta fase.",Caderno Lei Maria da Penha - 601 ao 800.pdf,15
664,1554384,CEBRASPE (CESPE),Del Pol (PC SE)/PC SE/2020,2020,"No que se refere ao atendimento policial a grupos vulneráveis, julgue o item a seguir. A violência doméstica e familiar pode ser caracteriza…",NOVA,,U1,,PRATICA_UNIDADE,alta,Revisao manual completa: Julga a definicao do caput do art. 5º (acao ou omissao).,Caderno Lei Maria da Penha - 601 ao 800.pdf,15
665,1479113,IBADE,GM (Cariacica)/Pref Cariacica/2020,2020,"Segundo a Lei nº ;11.340/06 (Lei “Maria da Penha”), são formas de violência doméstica e familiar contra a mulher, EXCETO a violência:",NOVA,,U1,,BANCO_GERAL_MISSAO_FINAL,baixa,Classificacao heuristica (nao lida individualmente nesta fase): vocabulario tematico (score 1): U1. Recomenda-se leitura dedicada antes de usar como pratica de unidade.,Caderno Lei Maria da Penha - 601 ao 800.pdf,15
666,1282163,OBJETIVA CONCURSOS,ASoc (P Bandeira)/Pref Pinto Bandeira/2019,2019,"Em conformidade com a Lei nº 11.340/2006 - Lei Maria da Penha, com relação ao que é considerado parte da violência sexual, analisar os itens…",NOVA,,U1,,BANCO_GERAL_MISSAO_FINAL,baixa,Classificacao heuristica (nao lida individualmente nesta fase): vocabulario tematico (score 1): U1. Recomenda-se leitura dedicada antes de usar como pratica de unidade.,Caderno Lei Maria da Penha - 601 ao 800.pdf,15
667,1284855,CONTEMAX,ASoc (Pref Aroeiras)/Pref Aroeiras/2019,2019,"A Lei Maria da Penha, nº 11.340/2006, cria mecanismos para coibir a violência doméstica e familiar contra a mulher. Para efeitos dessa Lei, …",NEAR_DUPLICATE_REVISAR,346,,,NAO_IMPORTAR,baixa,"Similaridade 0.36 com questao existente id 346 (camada C_SIMILARIDADE); revisar antes de decidir NOVA ou JA_EXISTE.",Caderno Lei Maria da Penha - 601 ao 800.pdf,15
668,1288406,OBJETIVA CONCURSOS,ACS (Pref SJ Ouro)/Pref SJ do Ouro/2019,2019,"Em conformidade com a Lei nº 11.340/2006 - Maria da Penha, assinalar a alternativa que preenche a lacuna abaixo CORRETAMENTE: É forma de vio…",NOVA,,U1,,BANCO_GERAL_MISSAO_FINAL,baixa,Classificacao heuristica (nao lida individualmente nesta fase): vocabulario tematico (score 1): U1. Recomenda-se leitura dedicada antes de usar como pratica de unidade.,Caderno Lei Maria da Penha - 601 ao 800.pdf,15
669,1289766,OBJETIVA CONCURSOS,CSoc (Pref SJ Ouro)/Pref SJ do Ouro/2019,2019,"Considerando-se a Lei nº 11.340/2006 - Lei Maria da Penha, analisar os itens abaixo: I. Configura-se violência doméstica e familiar contra a…",NOVA,,U1,,BANCO_GERAL_MISSAO_FINAL,baixa,Classificacao heuristica (nao lida individualmente nesta fase): vocabulario tematico (score 2): U1. Recomenda-se leitura dedicada antes de usar como pratica de unidade.,Caderno Lei Maria da Penha - 601 ao 800.pdf,15
670,2365494,FUNDEPES COPEVE-UFAL,GM (Pref Pilar)/Pref Pilar/2019,2019,"A Lei Federal nº 11.340/2006 (Estatuto da Mulher - Lei Maria da Penha) confere especial proteção à mulher, classificando em diferentes tipos…",NOVA,,U1,,BANCO_GERAL_MISSAO_FINAL,baixa,Classificacao heuristica (nao lida individualmente nesta fase): vocabulario tematico (score 3): U1. Recomenda-se leitura dedicada antes de usar como pratica de unidade.,Caderno Lei Maria da Penha - 601 ao 800.pdf,15
671,1598117,FURB,ASoc (Guabiruba/Pref Guabiruba/2019,2019,A promulgação da Lei Maria da Penha (Lei nº 11.340/2006) apresenta um avanço em relação ao tratamento dado às denúncias relativas à violênci…,NOVA,,U1,,BANCO_GERAL_MISSAO_FINAL,baixa,Classificacao heuristica (nao lida individualmente nesta fase): vocabulario tematico (score 1): U1. Recomenda-se leitura dedicada antes de usar como pratica de unidade.,Caderno Lei Maria da Penha - 601 ao 800.pdf,16
672,1597203,FURB,Ag (Pref Guabiruba)/Pref Guabiruba/Educação Social/2019,2019,A promulgação da Lei Maria da Penha (Lei nº 11.340/2006) apresenta um avanço em relação ao tratamento dado às denúncias relativas à violênci…,NOVA,,U1,,BANCO_GERAL_MISSAO_FINAL,baixa,Classificacao heuristica (nao lida individualmente nesta fase): vocabulario tematico (score 1): U1. Recomenda-se leitura dedicada antes de usar como pratica de unidade.,Caderno Lei Maria da Penha - 601 ao 800.pdf,16
673,1724591,Marinha,QT (Marinha)/Marinha/Serviço Social/2019,2019,Uma servidora civil procurou a assistente social da sua Organização militar relatando a seguinte situação: encontra-se em uma nova relação c…,NOVA,,U1,,BANCO_GERAL_MISSAO_FINAL,baixa,Classificacao heuristica (nao lida individualmente nesta fase): vocabulario tematico (score 1): U1. Recomenda-se leitura dedicada antes de usar como pratica de unidade.,Caderno Lei Maria da Penha - 601 ao 800.pdf,16
674,1334760,FAFIPA,GCM (Pref Araucária)/Pref Araucária/2019,2019,"Para os efeitos da Lei Maria da Penha, configura violência doméstica e familiar contra a mulher qualquer ação ou omissão baseada no gênero q…",NEAR_DUPLICATE_REVISAR,861,,,NAO_IMPORTAR,baixa,"Similaridade 0.41 com questao existente id 861 (camada C_SIMILARIDADE); revisar antes de decidir NOVA ou JA_EXISTE.",Caderno Lei Maria da Penha - 601 ao 800.pdf,16
675,1334761,FAFIPA,GCM (Pref Araucária)/Pref Araucária/2019,2019,"Segundo a Lei Maria da Penha, analise os itens a seguir e assinale a alternativa CORRETA: I. Violência física contra a mulher é entendida co…",NOVA,,U1,,BANCO_GERAL_MISSAO_FINAL,baixa,Classificacao heuristica (nao lida individualmente nesta fase): vocabulario tematico (score 2): U1. Recomenda-se leitura dedicada antes de usar como pratica de unidade.,Caderno Lei Maria da Penha - 601 ao 800.pdf,16
676,1357302,OBJETIVA CONCURSOS,PedS (Pref A Olinto)/Pref Antonio Olinto/2019,2019,"Segundo a Lei nº 11.340/2006, em relação a algumas das formas de violência doméstica e familiar contra a mulher, marcar C para as afirmativa…",NOVA,,U1,,BANCO_GERAL_MISSAO_FINAL,baixa,Classificacao heuristica (nao lida individualmente nesta fase): vocabulario tematico (score 4): U1. Recomenda-se leitura dedicada antes de usar como pratica de unidade.,Caderno Lei Maria da Penha - 601 ao 800.pdf,17
677,1045390,Unifil,Cuid (Pref Tupãssi)/Pref Tupãssi/2019,2019,"São formas de violência doméstica e familiar contra a mulher previstas na Lei nº 11.340/2006, exceto:",NOVA,,U1,,BANCO_GERAL_MISSAO_FINAL,baixa,Classificacao heuristica (nao lida individualmente nesta fase): vocabulario tematico (score 1): U1. Recomenda-se leitura dedicada antes de usar como pratica de unidade.,Caderno Lei Maria da Penha - 601 ao 800.pdf,17
678,1376386,ADM&TEC,ASoc (Pref T Vilela)/Pref Teotônio Vilela/2019,2019,"Leia as afirmativas a seguir: I. O Microsoft Word é um software especializado no envio de mensagens de correio eletrônico (e-mail), exclusiv…",NOVA,,U1,,BANCO_GERAL_MISSAO_FINAL,baixa,Classificacao heuristica (nao lida individualmente nesta fase): vocabulario tematico (score 1): U1. Recomenda-se leitura dedicada antes de usar como pratica de unidade.,Caderno Lei Maria da Penha - 601 ao 800.pdf,17
679,1376388,ADM&TEC,ASoc (Pref T Vilela)/Pref Teotônio Vilela/2019,2019,"Leia as afirmativas a seguir: I. A violência patrimonial contra a mulher é entendida como qualquer conduta que configure retenção, subtração…",NOVA,,U1,,BANCO_GERAL_MISSAO_FINAL,baixa,Classificacao heuristica (nao lida individualmente nesta fase): vocabulario tematico (score 2): U1. Recomenda-se leitura dedicada antes de usar como pratica de unidade.,Caderno Lei Maria da Penha - 601 ao 800.pdf,17
680,2283191,URI,Ass (Pref Santo Ângelo)/Pref Santo Ângelo/2019,2019,"Conforme a Lei nº 11.340/06, também conhecida como Lei Maria da Penha, configura violência doméstica e familiar contra a mulher qualquer açã…",NEAR_DUPLICATE_REVISAR,861,,,NAO_IMPORTAR,baixa,"Similaridade 0.473 com questao existente id 861 (camada C_SIMILARIDADE); revisar antes de decidir NOVA ou JA_EXISTE.",Caderno Lei Maria da Penha - 601 ao 800.pdf,17
681,1404259,FCM,CEFETMINAS - ASoc (Caranaíba)/Pref Caranaíba/2019,2019,"Considerando a Lei Maria da Penha, associe corretamente a forma de violência à sua definição. Formas de Violência 1- Física 2- Psicológica 3…",NOVA,,U1,,BANCO_GERAL_MISSAO_FINAL,baixa,Classificacao heuristica (nao lida individualmente nesta fase): vocabulario tematico (score 1): U1. Recomenda-se leitura dedicada antes de usar como pratica de unidade.,Caderno Lei Maria da Penha - 601 ao 800.pdf,18
682,1212588,QUADRIX,Ass Soc (Pref Jataí)/Pref Jataí/2019,2019,"A Lei Maria da Penha apresenta as formas de violência doméstica e familiar contra a mulher. Sendo assim, assinale a alternativa que apresent…",NOVA,,U1,,BANCO_GERAL_MISSAO_FINAL,baixa,Classificacao heuristica (nao lida individualmente nesta fase): vocabulario tematico (score 6): U1. Recomenda-se leitura dedicada antes de usar como pratica de unidade.,Caderno Lei Maria da Penha - 601 ao 800.pdf,18
683,1202743,QUADRIX,OF Train (CRP 8)/CRP 8 (PR)/2019,2019,"Acerca da Lei n.º 11.340/2006 (Lei Maria da Penha), julgue o item. A violência psicológica é uma forma de violência doméstica e familiar con…",NOVA,,U1,,BANCO_GERAL_MISSAO_FINAL,baixa,Classificacao heuristica (nao lida individualmente nesta fase): vocabulario tematico (score 1): U1. Recomenda-se leitura dedicada antes de usar como pratica de unidade.,Caderno Lei Maria da Penha - 601 ao 800.pdf,18
684,1479522,OBJETIVA CONCURSOS,ASoc (Carazinho)/Pref Carazinho/2019,2019,"Em conformidade com a Lei nº 11.340/2006 - Lei Maria da Penha, com relação às formas de violência doméstica e familiar contra a mulher, assi…",NOVA,,U1,,BANCO_GERAL_MISSAO_FINAL,baixa,Classificacao heuristica (nao lida individualmente nesta fase): vocabulario tematico (score 5): U1. Recomenda-se leitura dedicada antes de usar como pratica de unidade.,Caderno Lei Maria da Penha - 601 ao 800.pdf,18
685,1046929,Unifil,OrSoc (Pref Tupãssi)/Pref Tupãssi/2019,2019,De acordo com a Lei Maria da Penha (Lei nº 11.340/2006) considera-se violência doméstica e familiar contra a mulher,NOVA,,,,BANCO_GERAL_MISSAO_FINAL,baixa,"Nenhum sinal de artigo ou vocabulario tematico detectado automaticamente; nao lida individualmente nesta fase.",Caderno Lei Maria da Penha - 601 ao 800.pdf,15
686,1494137,VUNESP,ACSoc (Pref Osasco)/Pref Osasco/2019,2019,A Lei Maria da Penha (Lei Federal no 11.340/2006) define a violência doméstica e familiar contra a mulher como qualquer ação ou omissão base…,NOVA,,U1,7,BANCO_GERAL_MISSAO_FINAL,baixa,Classificacao heuristica (nao lida individualmente nesta fase): artigo citado no texto: 7. Recomenda-se leitura dedicada antes de usar como pratica de unidade.,Caderno Lei Maria da Penha - 601 ao 800.pdf,15
687,1176323,CEBRASPE (CESPE),JL (TJ BA)/TJ BA/2019,2019,"Joana vive em união estável com Augusto há três anos. O companheiro, há mais de dois anos, reteve seu cartão bancário com a justificativa in…",NOVA,,U1,,BANCO_GERAL_MISSAO_FINAL,baixa,Classificacao heuristica (nao lida individualmente nesta fase): vocabulario tematico (score 1): U1. Recomenda-se leitura dedicada antes de usar como pratica de unidade.,Caderno Lei Maria da Penha - 601 ao 800.pdf,15
688,1046931,Unifil,OrSoc (Pref Tupãssi)/Pref Tupãssi/2019,2019,"Com relação aos âmbitos e relações em que pode ocorrer a violência doméstica e familiar contra a mulher, assinale a alternativa incorreta.",NEAR_DUPLICATE_REVISAR,346,,,NAO_IMPORTAR,baixa,"Similaridade 0.402 com questao existente id 346 (camada C_SIMILARIDADE); revisar antes de decidir NOVA ou JA_EXISTE.",Caderno Lei Maria da Penha - 601 ao 800.pdf,15
689,1151693,Instituto Consulplan,Edu Soc (Pref Suzano)/Pref Suzano/2019,2019,"De acordo com a Lei Maria da Penha, a violência sexual, a violência psicológica, a violência moral, a violência física e a violência patrimo…",NOVA,,U1,,BANCO_GERAL_MISSAO_FINAL,baixa,Classificacao heuristica (nao lida individualmente nesta fase): vocabulario tematico (score 6): U1. Recomenda-se leitura dedicada antes de usar como pratica de unidade.,Caderno Lei Maria da Penha - 601 ao 800.pdf,15
690,1121194,VUNESP,Proc Jur (ESEF)/ESEF/2019,2019,"O marido de Cláudia pratica condutas que lhe causam diminuição da autoestima e que visam causar humilhação, manipulação e ridicularização. O…",NOVA,,U1,,BANCO_GERAL_MISSAO_FINAL,baixa,Classificacao heuristica (nao lida individualmente nesta fase): vocabulario tematico (score 1): U1. Recomenda-se leitura dedicada antes de usar como pratica de unidade.,Caderno Lei Maria da Penha - 601 ao 800.pdf,20
691,1529642,OBJETIVA CONCURSOS,Aux (Pref Chapecó)/Pref Chapecó/Enfermagem/2019,2019,"De acordo com a Lei nº 11.340/2006, sobre a violência doméstica e familiar contra a mulher, analisar a sentença abaixo: Para os efeitos dest…",NOVA,,U1,,BANCO_GERAL_MISSAO_FINAL,baixa,Classificacao heuristica (nao lida individualmente nesta fase): vocabulario tematico (score 1): U1. Recomenda-se leitura dedicada antes de usar como pratica de unidade.,Caderno Lei Maria da Penha - 601 ao 800.pdf,20
692,1746129,EJUD PI,Estag (TJ PI)/TJ PI/Serviço Social/2019,2019,"A Lei nº 11.340, de 7 de agosto de 2006, foi criada com o objetivo de coibir e prevenir toda e qualquer violência doméstica e familiar contr…",NOVA,,U1,,BANCO_GERAL_MISSAO_FINAL,baixa,Classificacao heuristica (nao lida individualmente nesta fase): vocabulario tematico (score 1): U1. Recomenda-se leitura dedicada antes de usar como pratica de unidade.,Caderno Lei Maria da Penha - 601 ao 800.pdf,20
693,1058847,FEPESE,Pol Pen (SAP SC)/SAP SC/2019,2019,"Considerando o disposto na Lei no 11.340, de 7 de agosto de 2006 (Lei Maria da Penha), são formas de violência doméstica e familiar contra a…",NOVA,,U1,,BANCO_GERAL_MISSAO_FINAL,baixa,Classificacao heuristica (nao lida individualmente nesta fase): vocabulario tematico (score 4): U1. Recomenda-se leitura dedicada antes de usar como pratica de unidade.,Caderno Lei Maria da Penha - 601 ao 800.pdf,20
694,1120050,CEV UECE,Ana Gt (Pref Sobral)/Pref Sobral/Serviço Social/2019,2019,"Com o propósito de dar precisão ao conceito de violência doméstica e familiar contra a mulher, a Lei Maria da Penha define unidade doméstica…",NOVA,,U1,,BANCO_GERAL_MISSAO_FINAL,baixa,Classificacao heuristica (nao lida individualmente nesta fase): vocabulario tematico (score 1): U1. Recomenda-se leitura dedicada antes de usar como pratica de unidade.,Caderno Lei Maria da Penha - 601 ao 800.pdf,15
695,900149,IBFC,GCM (Conde-PB)/Pref Conde (PB)/3ª Classe/2019,2019,"Acerca das formas de violência contra a mulher estabelecidas na Lei Maria da Penha (Lei n° 11.340/2006), assinale a alternativa incorreta.",NOVA,,U1,,BANCO_GERAL_MISSAO_FINAL,baixa,Classificacao heuristica (nao lida individualmente nesta fase): vocabulario tematico (score 5): U1. Recomenda-se leitura dedicada antes de usar como pratica de unidade.,Caderno Lei Maria da Penha - 601 ao 800.pdf,15
696,898016,FUNDATEC,Ana (UERGS)/UERGS/Tradutor e Intérprete de Libras/2019,2019,"Leia a seguinte notícia, publicada na Revista Exame em 05/12/2018: “O plenário da Câmara dos Deputados aprovou projeto de lei que obriga agr…",NOVA,,U1,,PRATICA_UNIDADE,alta,"Revisao manual completa: Associa tipos de violencia (fisica/moral/psicologica) as definicoes do art. 7º; a noticia sobre ressarcimento ao SUS e so contexto.",Caderno Lei Maria da Penha - 601 ao 800.pdf,15
697,908463,CEBRASPE (CESPE),Ana GRS (SLU DF)/SLU DF/Serviço Social/2019,2019,"À luz das disposições da Lei Maria da Penha (Lei n.º 11.340/2006), julgue os próximos itens. Para os efeitos da Lei Maria da Penha, violênci…",NOVA,,U1,,BANCO_GERAL_MISSAO_FINAL,baixa,Classificacao heuristica (nao lida individualmente nesta fase): vocabulario tematico (score 1): U1. Recomenda-se leitura dedicada antes de usar como pratica de unidade.,Caderno Lei Maria da Penha - 601 ao 800.pdf,15
698,1747723,CSC IFPA,Ass Soc (IF PA)/IF PA/2019,2019,"Segundo a Lei Maria da Penha, Lei Federal número 11.340 de 7 de agosto de 2006, são formas de violência doméstica e familiar contra a mulher…",NOVA,,U1,,BANCO_GERAL_MISSAO_FINAL,baixa,Classificacao heuristica (nao lida individualmente nesta fase): vocabulario tematico (score 6): U1. Recomenda-se leitura dedicada antes de usar como pratica de unidade.,Caderno Lei Maria da Penha - 601 ao 800.pdf,15
699,916362,OBJETIVA CONCURSOS,Age (Pref Tramandaí)/Pref Tramandaí/Comunitário de Saúde/2019,2019,"De acordo com a Lei nº 11.340/2006, são formas de violência doméstica e familiar contra a mulher, entre outras, a violência: I. Física. II. …",NOVA,,U1,,BANCO_GERAL_MISSAO_FINAL,baixa,Classificacao heuristica (nao lida individualmente nesta fase): vocabulario tematico (score 1): U1. Recomenda-se leitura dedicada antes de usar como pratica de unidade.,Caderno Lei Maria da Penha - 601 ao 800.pdf,22
700,880260,Instituto Excelência,ASCAPS (Barra Velha)/Pref Barra Velha/2019,2019,De acordo com a Lei Maria da Penha. Lei 11.340 de 07 de agosto de 2006. São formas de violência doméstica e familiar contra a mulher: Art. 7…,NEAR_DUPLICATE_REVISAR,134,,,NAO_IMPORTAR,baixa,"Similaridade 0.355 com questao existente id 134 (camada C_SIMILARIDADE); revisar antes de decidir NOVA ou JA_EXISTE.",Caderno Lei Maria da Penha - 601 ao 800.pdf,22
701,878134,VUNESP,JE TJAC/TJ AC/2019,2019,"Em relação à violência doméstica e ao quanto previsto na Lei nº 11.340/06 (Lei Maria da Penha), assinale a alternativa correta.",NOVA,,U1,,BANCO_GERAL_MISSAO_FINAL,baixa,Classificacao heuristica (nao lida individualmente nesta fase): vocabulario tematico (score 3): U1. Recomenda-se leitura dedicada antes de usar como pratica de unidade.,Caderno Lei Maria da Penha - 601 ao 800.pdf,22
702,864454,IADES,Tec Ges (SEASTER PA)/SEASTER PA/Assistente Social/2019,2019,"Para os efeitos da Lei Maria da Penha, configura violência doméstica e familiar contra a mulher qualquer ação ou omissão com base no gênero,…",NEAR_DUPLICATE_REVISAR,346,,,NAO_IMPORTAR,baixa,"Similaridade 0.376 com questao existente id 346 (camada C_SIMILARIDADE); revisar antes de decidir NOVA ou JA_EXISTE.",Caderno Lei Maria da Penha - 601 ao 800.pdf,22
703,926652,VUNESP,Proc (Pref. Poá)/Pref Poá/2019,2019,A Lei no 11.340/06 distingue as várias formas de violência que podem ser empreendidas contra as mulheres. Assinale a alternativa que traz o …,NOVA,,U1,,BANCO_GERAL_MISSAO_FINAL,baixa,Classificacao heuristica (nao lida individualmente nesta fase): vocabulario tematico (score 6): U1. Recomenda-se leitura dedicada antes de usar como pratica de unidade.,Caderno Lei Maria da Penha - 601 ao 800.pdf,22
704,930933,CONTEMAX,Ass Soc (Pref Conceição)/Pref Conceição/2019,2019,"“Dentre todos os tipos de violência contra a mulher, existentes no mundo, aquela praticada no ambiente familiar é uma das mais cruéis e perv…",NOVA,,U1,"01;5",BANCO_GERAL_MISSAO_FINAL,baixa,"Classificacao heuristica (nao lida individualmente nesta fase): artigo citado no texto: 01,5. Recomenda-se leitura dedicada antes de usar como pratica de unidade.",Caderno Lei Maria da Penha - 601 ao 800.pdf,23
705,864404,IADES,Enf (SEASTER PA)/SEASTER PA/2019,2019,"A Lei nº 11.340/2006, chamada Lei Maria da Penha, cria mecanismos para coibir e prevenir a violência doméstica e familiar contra a mulher, b…",NOVA,,U1,,BANCO_GERAL_MISSAO_FINAL,baixa,Classificacao heuristica (nao lida individualmente nesta fase): vocabulario tematico (score 1): U1. Recomenda-se leitura dedicada antes de usar como pratica de unidade.,Caderno Lei Maria da Penha - 601 ao 800.pdf,23
706,863770,FGV,TSE (DPE RJ)/DPE RJ/Psicologia/2019,2019,O Núcleo Especial de Defesa dos Direitos da Mulher (Nudem) é o órgão da Defensoria Pública do Estado do Rio de Janeiro especializado na prom…,NOVA,,U1,,PRATICA_UNIDADE,alta,"Revisao manual completa: Correta classifica a conduta como violencia psicologica e moral (art. 7º); Nudem/Defensoria e apenas narrativa.",Caderno Lei Maria da Penha - 601 ao 800.pdf,23
707,861698,VUNESP,Ori Soc (Itapevi)/Pref Itapevi/2019,2019,"Atualmente, vive-se em um mundo violento, envolvido em uma cultura de banalização da violência, focada, com grande incidência na figura femi…",NOVA,,U1,6,BANCO_GERAL_MISSAO_FINAL,baixa,Classificacao heuristica (nao lida individualmente nesta fase): artigo citado no texto: 6. Recomenda-se leitura dedicada antes de usar como pratica de unidade.,Caderno Lei Maria da Penha - 601 ao 800.pdf,23
708,1553250,FAUEL,ESoc (Jandaia Sul)/Pref Jandaia do Sul/2019,2019,"A Lei Maria da Penha configura cinco formas de violência doméstica e familiar contra a mulher, entre elas a violência patrimonial. Assinale …",NOVA,,U1,,BANCO_GERAL_MISSAO_FINAL,baixa,Classificacao heuristica (nao lida individualmente nesta fase): vocabulario tematico (score 2): U1. Recomenda-se leitura dedicada antes de usar como pratica de unidade.,Caderno Lei Maria da Penha - 601 ao 800.pdf,24
709,945439,FGV,PAI (Pref Salvador)/Pref Salvador/Psicólogo/2019,2019,"Carlos e Ana são casados há dois anos e não possuem filhos por opção de Ana, que não deseja ser mãe. Carlos, entretanto, considera que Ana m…",NOVA,,U1,,BANCO_GERAL_MISSAO_FINAL,baixa,Classificacao heuristica (nao lida individualmente nesta fase): vocabulario tematico (score 1): U1. Recomenda-se leitura dedicada antes de usar como pratica de unidade.,Caderno Lei Maria da Penha - 601 ao 800.pdf,24
710,1109990,FAUEL,Ori Soc (Mandaguari)/Pref Mandaguari/2019,2019,"Com base na Lei nº 11.340 de 2006 – Maria da Penha, qual alternativa NÃO configura uma violência doméstica e familiar contra a mulher:",NOVA,,U1,,BANCO_GERAL_MISSAO_FINAL,baixa,Classificacao heuristica (nao lida individualmente nesta fase): vocabulario tematico (score 3): U1. Recomenda-se leitura dedicada antes de usar como pratica de unidade.,Caderno Lei Maria da Penha - 601 ao 800.pdf,24
711,851853,VUNESP,Proc Leg (CM Tatuí)/CM Tatuí/2019,2019,"Sobre o que prevê a Lei no 11.340/2006, é correto afirmar que",NOVA,,U1,,PRATICA_UNIDADE,alta,Revisao manual completa: Correta trata da violacao dos direitos humanos (art. 6º).,Caderno Lei Maria da Penha - 601 ao 800.pdf,24
712,838571,IBRAE,EDAS (SEDES DF)/SEDES DF/Direito e Legislação/2019,2019,"Nos termos da Lei Maria da Penha (Lei nº 11.340/2006), julgue os itens e aponte a alternativa CORRETA. São formas de violência doméstica e f…",NOVA,,U1,,BANCO_GERAL_MISSAO_FINAL,baixa,Classificacao heuristica (nao lida individualmente nesta fase): vocabulario tematico (score 4): U1. Recomenda-se leitura dedicada antes de usar como pratica de unidade.,Caderno Lei Maria da Penha - 601 ao 800.pdf,24
713,961162,VUNESP,Adv (CM Piracicaba)/CM Piracicaba/2019,2019,Maria é casada com João há 10 anos. Sempre dependeu financeiramente do marido. Recentemente João passou a tratar a esposa de maneira diferen…,NOVA,,U1,,BANCO_GERAL_MISSAO_FINAL,baixa,Classificacao heuristica (nao lida individualmente nesta fase): vocabulario tematico (score 5): U1. Recomenda-se leitura dedicada antes de usar como pratica de unidade.,Caderno Lei Maria da Penha - 601 ao 800.pdf,25
714,2561747,FAUEL,ASoc (Guarapuava)/Pref Guarapuava/2019,2019,"No exercício profissional, o Assistente Social se depara cotidianamente com demandas relacionadas à violência, sendo esta uma das mais evide…",NOVA,,U1,,BANCO_GERAL_MISSAO_FINAL,baixa,Classificacao heuristica (nao lida individualmente nesta fase): vocabulario tematico (score 2): U1. Recomenda-se leitura dedicada antes de usar como pratica de unidade.,Caderno Lei Maria da Penha - 601 ao 800.pdf,25
715,1592281,PRÓ-MUNICÍPIO,ASoc (OSHCP HCP)/OSHCP/2019,2019,"A Lei Maria da Penha, sancionada em 7 de agosto de 2006, como Lei n.º 11.340 visa proteger a mulher da violência doméstica e familiar. Em su…",NEAR_DUPLICATE_REVISAR,346,,,NAO_IMPORTAR,baixa,"Similaridade 0.371 com questao existente id 346 (camada C_SIMILARIDADE); revisar antes de decidir NOVA ou JA_EXISTE.",Caderno Lei Maria da Penha - 601 ao 800.pdf,25
716,2083452,Fundação La Salle,ADM (PROCERGS)/PROCERGS/2019,2019,"Conforme a Lei Maria da Penha (Lei nº 11.340/2006), a violência patrimonial contra a mulher é entendida como sendo:",NOVA,,U1,,BANCO_GERAL_MISSAO_FINAL,baixa,Classificacao heuristica (nao lida individualmente nesta fase): vocabulario tematico (score 1): U1. Recomenda-se leitura dedicada antes de usar como pratica de unidade.,Caderno Lei Maria da Penha - 601 ao 800.pdf,25
717,983904,Com. Exam. (MPE SC),Prom Jus (MPE SC)/MPE SC/2019,2019,"A violência moral, entendida como qualquer conduta que configure calúnia, difamação ou injúria, é uma das formas de violência doméstica e fa…",NOVA,,U1,,BANCO_GERAL_MISSAO_FINAL,baixa,Classificacao heuristica (nao lida individualmente nesta fase): vocabulario tematico (score 2): U1. Recomenda-se leitura dedicada antes de usar como pratica de unidade.,Caderno Lei Maria da Penha - 601 ao 800.pdf,25
718,1102992,EDUCA PB,ASoc (Pref Várzea)/Pref Várzea (PB)/2019,2019,"Lei nº 11.340, de 7 de agosto de 2006 que cria mecanismos para coibir a violência doméstica e familiar contra a mulher, nos termos do § 8º d…",NOVA,,U1,7,BANCO_GERAL_MISSAO_FINAL,baixa,Classificacao heuristica (nao lida individualmente nesta fase): artigo citado no texto: 7. Recomenda-se leitura dedicada antes de usar como pratica de unidade.,Caderno Lei Maria da Penha - 601 ao 800.pdf,26
719,1650406,FURB,Edu (Pref Blumenau)/Pref Blumenau/Social/2019,2019,"A Lei Maria da Penha, Lei nº 11.340, de 7 de agosto de 2006, cria, entre outras atribuições, mecanismos para coibir a discriminação contra a…",NOVA,,U1,,BANCO_GERAL_MISSAO_FINAL,baixa,Classificacao heuristica (nao lida individualmente nesta fase): vocabulario tematico (score 4): U1. Recomenda-se leitura dedicada antes de usar como pratica de unidade.,Caderno Lei Maria da Penha - 601 ao 800.pdf,26
720,1003934,FUNDATEC,Tec ET (CEEE)/CEEE Distribuição/2019,2019,“Senado será iluminado de lilás para lembrar 13 anos da Lei Maria da Penha – A cúpula e o Anexo 1 do Senado serão iluminados com a cor lilás…,NOVA,,U1,,BANCO_GERAL_MISSAO_FINAL,baixa,Classificacao heuristica (nao lida individualmente nesta fase): vocabulario tematico (score 5): U1. Recomenda-se leitura dedicada antes de usar como pratica de unidade.,Caderno Lei Maria da Penha - 601 ao 800.pdf,26
721,1068583,FAUEL,ASoc (Pref H Serpa)/Pref Honório Serpa/2019,2019,"Entendendo o que consta na Lei nº 11.340 de 2006 – Maria da Penha, assinale a alternativa CORRETA:",NOVA,,U1,,BANCO_GERAL_MISSAO_FINAL,baixa,Classificacao heuristica (nao lida individualmente nesta fase): vocabulario tematico (score 2): U1. Recomenda-se leitura dedicada antes de usar como pratica de unidade.,Caderno Lei Maria da Penha - 601 ao 800.pdf,15
722,1014673,CONSULPLAN,NeR (TJ MG)/TJ MG/Remoção/2019,2019,"Quanto à Lei nº 11.340/2006 (Lei Maria da Penha), assinale a alternativa INCORRETA.",NOVA,,U1,,BANCO_GERAL_MISSAO_FINAL,baixa,Classificacao heuristica (nao lida individualmente nesta fase): vocabulario tematico (score 4): U1. Recomenda-se leitura dedicada antes de usar como pratica de unidade.,Caderno Lei Maria da Penha - 601 ao 800.pdf,15
723,1016975,VUNESP,GM (Pref Cerquilho)/Pref Cerquilho/2019,2019,"Cronos convive com Afrodite no mesmo lar, mas não são casados, e esta tem o costume de frequentar, regularmente, uma igreja. Porém, Cronos, …",NOVA,,U1,,BANCO_GERAL_MISSAO_FINAL,baixa,Classificacao heuristica (nao lida individualmente nesta fase): vocabulario tematico (score 2): U1. Recomenda-se leitura dedicada antes de usar como pratica de unidade.,Caderno Lei Maria da Penha - 601 ao 800.pdf,15
724,1061143,SELECON,Tec NS (Pref Cuiabá)/Pref Cuiabá/Serviço Social/2019,2019,"A Lei Maria da Penha, Lei nº 11.340/2006, cria mecanismos para coibir a violência doméstica e familiar contra a mulher. De acordo com essa L…",NOVA,,U1,,BANCO_GERAL_MISSAO_FINAL,baixa,Classificacao heuristica (nao lida individualmente nesta fase): vocabulario tematico (score 2): U1. Recomenda-se leitura dedicada antes de usar como pratica de unidade.,Caderno Lei Maria da Penha - 601 ao 800.pdf,15
725,1028270,VUNESP,GM (Pref Campinas)/Pref Campinas/2019,2019,"Conforme dispõe a Lei Maria da Penha, a conduta que configure calúnia, difamação ou injúria contra a mulher deve ser entendida como violênci…",NOVA,,,,BANCO_GERAL_MISSAO_FINAL,baixa,"Nenhum sinal de artigo ou vocabulario tematico detectado automaticamente; nao lida individualmente nesta fase.",Caderno Lei Maria da Penha - 601 ao 800.pdf,28
726,1598120,FURB,ASoc (Guabiruba/Pref Guabiruba/2019,2019,"A Lei Maria da Penha cria mecanismos para coibir e prevenir a violência doméstica e familiar contra a mulher, nos termos do § 8º do Art. 226…",NOVA,,U1,,PRATICA_UNIDADE,alta,"Revisao manual completa: Testa o publico-alvo da lei, independente de orientacao sexual (art. 5º, paragrafo unico).",Caderno Lei Maria da Penha - 601 ao 800.pdf,28
727,1270278,OBJETIVA CONCURSOS,Enf (S Martinho S)/Pref S Martinho da S/2019,2019,"Em conformidade com a Lei nº 11.340/2006 - Lei Maria da Penha, são formas de violência doméstica e familiar contra a mulher, entre outras: A…",NOVA,,U1,,BANCO_GERAL_MISSAO_FINAL,baixa,Classificacao heuristica (nao lida individualmente nesta fase): vocabulario tematico (score 3): U1. Recomenda-se leitura dedicada antes de usar como pratica de unidade.,Caderno Lei Maria da Penha - 601 ao 800.pdf,28
728,1271285,OBJETIVA CONCURSOS,Odon (Pref 2 Irmãos)/Pref Dois Irmãos/PSF/2019,2019,"Sobre a violência contra a mulher, analisar os itens abaixo: I. Qualquer conduta que ofenda a integridade ou saúde corporal da mulher é comp…",NOVA,,U1+U3,,PRATICA_UNIDADE,alta,"Revisao manual completa: Itens corretos combinam definicao de violencia fisica (art. 7º, I, U1) e providencia policial de encaminhar ao hospital/IML (art. 11, II, U3).",Caderno Lei Maria da Penha - 601 ao 800.pdf,28
729,1273091,OBJETIVA CONCURSOS,Ag (Taquaruçu Sul)/Pref Taquaruçu Sul/Social/2019,2019,"Em conformidade com a Lei nº 11.340/2006, são formas de violência doméstica e familiar contra a mulher, entre outras: I. Violência física. I…",NOVA,,U1,,BANCO_GERAL_MISSAO_FINAL,baixa,Classificacao heuristica (nao lida individualmente nesta fase): vocabulario tematico (score 5): U1. Recomenda-se leitura dedicada antes de usar como pratica de unidade.,Caderno Lei Maria da Penha - 601 ao 800.pdf,28
730,1279956,OBJETIVA CONCURSOS,Psic (S Cristóvão S)/Pref S Cristóvão Sul/2019,2019,"De acordo com a Lei nº 11.340/2006, analisar a sentença abaixo: A violência psicológica é entendida como qualquer conduta que cause à mulher…",NOVA,,U1+U5,,PRATICA_UNIDADE,alta,"Revisao manual completa: Pede a correcao de duas partes: definicao de violencia psicologica (art. 7º, U1) e equipe multidisciplinar dos juizados (art. 29, U5); ambas exigidas para responder.",Caderno Lei Maria da Penha - 601 ao 800.pdf,29
731,1284278,OBJETIVA CONCURSOS,TEnf (P Bandeira)/Pref Pinto Bandeira/2019,2019,"Em conformidade com a Lei nº 11.340/2006 - Lei Maria da Penha, marcar C para o que são formas de violência doméstica e familiar contra a mul…",NOVA,,U1,,BANCO_GERAL_MISSAO_FINAL,baixa,Classificacao heuristica (nao lida individualmente nesta fase): vocabulario tematico (score 1): U1. Recomenda-se leitura dedicada antes de usar como pratica de unidade.,Caderno Lei Maria da Penha - 601 ao 800.pdf,29
732,732886,IBADE,Sold (PM RN)/PM RN/QPPM (Praças)/2018,2018,Segundo a lei Maria da Penha (Lei nº 11.340/2006):,NOVA,,U1,,BANCO_GERAL_MISSAO_FINAL,baixa,Classificacao heuristica (nao lida individualmente nesta fase): vocabulario tematico (score 3): U1. Recomenda-se leitura dedicada antes de usar como pratica de unidade.,Caderno Lei Maria da Penha - 601 ao 800.pdf,29
733,593013,FUNDATEC,Insp Pol (PC RS)/PC RS/2018,2018,"A Lei Maria da Penha cria mecanismos para coibir a violência doméstica e familiar, conferindo proteção diferenciada ao gênero tido como vuln…",NOVA,,U1,,BANCO_GERAL_MISSAO_FINAL,baixa,Classificacao heuristica (nao lida individualmente nesta fase): vocabulario tematico (score 5): U1. Recomenda-se leitura dedicada antes de usar como pratica de unidade.,Caderno Lei Maria da Penha - 601 ao 800.pdf,29
734,605453,FCC,Ana JD (DPE AM)/DPE AM/Ciências Jurídicas/2018,2018,A Lei Maria da Penha considera violência doméstica e familiar contra a mulher qualquer ação ou omissão baseada no gênero que lhe cause morte…,NEAR_DUPLICATE_REVISAR,346,,,NAO_IMPORTAR,baixa,"Similaridade 0.352 com questao existente id 346 (camada C_SIMILARIDADE); revisar antes de decidir NOVA ou JA_EXISTE.",Caderno Lei Maria da Penha - 601 ao 800.pdf,30
735,715864,IADES,Sold (PM DF)/PM DF/Corneteiro/2018,2018,"A Lei no 11.340/2006, denominada Lei Maria da Penha, define violência doméstica e familiar contra a mulher como qualquer ação ou omissão, co…",NEAR_DUPLICATE_REVISAR,861,,,NAO_IMPORTAR,baixa,"Similaridade 0.434 com questao existente id 861 (camada C_SIMILARIDADE); revisar antes de decidir NOVA ou JA_EXISTE.",Caderno Lei Maria da Penha - 601 ao 800.pdf,30
736,609444,Instituto AOCP,Per (ITEP RN)/ITEP RN/Criminal/Psicologia/2018,2018,"Para os efeitos da Lei 11.340/2006, a violência doméstica e familiar contra a mulher está configurada",NOVA,,U1,,BANCO_GERAL_MISSAO_FINAL,baixa,Classificacao heuristica (nao lida individualmente nesta fase): vocabulario tematico (score 2): U1. Recomenda-se leitura dedicada antes de usar como pratica de unidade.,Caderno Lei Maria da Penha - 601 ao 800.pdf,30
737,715436,FCC,Edu Sc (Pref Macapá)/Pref Macapá/2018,2018,"A Lei “Maria da Penha” (Lei nº 11.340/2006) configura violência doméstica e familiar contra a mulher, qualquer ação ou omissão baseada no gê…",NEAR_DUPLICATE_REVISAR,861,,,NAO_IMPORTAR,baixa,"Similaridade 0.522 com questao existente id 861 (camada C_SIMILARIDADE); revisar antes de decidir NOVA ou JA_EXISTE.",Caderno Lei Maria da Penha - 601 ao 800.pdf,30
738,667776,VUNESP,Pro (CM Campo Limpo)/CM Campo Limpo Pta/2018,2018,"Acerca dos mecanismos para coibir a violência doméstica e familiar contra a mulher, trazidos nos exatos termos da Lei nº 11.340/06, é corret…",NOVA,,U1,,PRATICA_UNIDADE,alta,Revisao manual completa: Correta trata da violacao dos direitos humanos (art. 6º).,Caderno Lei Maria da Penha - 601 ao 800.pdf,30
739,714814,IADES,Sold (PM DF)/PM DF/Músico/2018,2018,Joana e Marcos mantiveram um relacionamento amoroso durante 12 anos. O término da relação ocorreu em razão do ciúme descontrolado de Marcos …,NOVA,,U1,,PRATICA_UNIDADE,alta,Revisao manual completa: Correta trata da violacao dos direitos humanos (art. 6º).,Caderno Lei Maria da Penha - 601 ao 800.pdf,31
740,692312,IBADE,Ana Prev (IPM JP)/IPM JP/Assistente Social/2018,2018,"Em consonância com a tipificação da violência definida na Lei Maria da Penha, e destruição de documentos pessoais da mulher caracteriza a vi…",NOVA,,,,BANCO_GERAL_MISSAO_FINAL,baixa,"Nenhum sinal de artigo ou vocabulario tematico detectado automaticamente; nao lida individualmente nesta fase.",Caderno Lei Maria da Penha - 601 ao 800.pdf,31
741,596468,CEBRASPE (CESPE),AJ (STM)/STM/Apoio Especializado/Serviço Social/2018,2018,"Maria Nilda, 59 anos de idade, natural do estado de São Paulo, com ensino fundamental incompleto, compareceu com seus quatro filhos a uma un…",NOVA,,U1,,PRATICA_UNIDADE,alta,"Revisao manual completa: Julga classificacao de violencia patrimonial vs. ""violencia simbolica"" (nao prevista), testando o rol do art. 7º.",Caderno Lei Maria da Penha - 601 ao 800.pdf,31
742,612958,AOCP,Cad (PM TO)/PM TO/2018,2018,"A Lei nº11.340/06 cria mecanismos para coibir e prevenir a violência doméstica e familiar contra a mulher, nos termos do § 8º, do art. 226 d…",NOVA,,U1,,BANCO_GERAL_MISSAO_FINAL,baixa,Classificacao heuristica (nao lida individualmente nesta fase): vocabulario tematico (score 5): U1. Recomenda-se leitura dedicada antes de usar como pratica de unidade.,Caderno Lei Maria da Penha - 601 ao 800.pdf,31
743,638115,FUNDATEC,Del Pol (PC RS)/PC RS/2018,2018,"De acordo com a Lei Maria da Penha e o entendimento sobre o tema pelos Tribunais Superiores, analise as assertivas que seguem e assinale V, …",NOVA,,,,BANCO_GERAL_MISSAO_FINAL,baixa,"Nenhum sinal de artigo ou vocabulario tematico detectado automaticamente; nao lida individualmente nesta fase.",Caderno Lei Maria da Penha - 601 ao 800.pdf,32
744,1410217,FAUEL,Ass S (Pref Maringá)/Pref Maringá/CRAS/2018,2018,"Com base na Lei Maria da Penha (nº 11.340 de 07 de Agosto de 2006), sobre a violência doméstica e familiar contra a mulher, assinale a alter…",NOVA,,U1,,BANCO_GERAL_MISSAO_FINAL,baixa,Classificacao heuristica (nao lida individualmente nesta fase): vocabulario tematico (score 5): U1. Recomenda-se leitura dedicada antes de usar como pratica de unidade.,Caderno Lei Maria da Penha - 601 ao 800.pdf,32
745,1412051,FAUEL,"Ass S (Pref Maringá)/Pref Maringá/""Sem Área""/2018",2018,"A Lei 11.340, de 07 de agosto de 2006, mais conhecida como Lei Maria da Penha, versa que “toda mulher, independentemente de classe, raça, et…",NOVA,,U1,2,BANCO_GERAL_MISSAO_FINAL,baixa,Classificacao heuristica (nao lida individualmente nesta fase): artigo citado no texto: 2. Recomenda-se leitura dedicada antes de usar como pratica de unidade.,Caderno Lei Maria da Penha - 601 ao 800.pdf,32
746,2474830,IBADE,AssS (Pref Cujubim)/Pref Cujubim/2018,2018,"De acordo com a Lei Maria da Penha, nº 11.340/2006, o que configura a violência doméstica e familiar contra a mulher é qualquer ação ou omis…",NOVA,,U1,,BANCO_GERAL_MISSAO_FINAL,baixa,Classificacao heuristica (nao lida individualmente nesta fase): vocabulario tematico (score 1): U1. Recomenda-se leitura dedicada antes de usar como pratica de unidade.,Caderno Lei Maria da Penha - 601 ao 800.pdf,15
747,641989,IBFC,Adv AS (Divinópolis)/Pref Divinópolis/2018,2018,"Em conformidade com o preceituado pela Lei 11.340 de 2006, mais conhecida como “Lei Maria da Penha”, entende-se como “violência moral”, qual…",NOVA,,U1,,BANCO_GERAL_MISSAO_FINAL,baixa,Classificacao heuristica (nao lida individualmente nesta fase): vocabulario tematico (score 1): U1. Recomenda-se leitura dedicada antes de usar como pratica de unidade.,Caderno Lei Maria da Penha - 601 ao 800.pdf,15
748,1453101,CEV URCA,AsSoc (Pref Mauriti)/Pref Mauriti/2018,2018,"De acordo com a Lei Maria da Penha (11.340/2006) a conduta que configure calúnia, difamação ou injúria, é classificada como:",NOVA,,U1,,BANCO_GERAL_MISSAO_FINAL,baixa,Classificacao heuristica (nao lida individualmente nesta fase): vocabulario tematico (score 5): U1. Recomenda-se leitura dedicada antes de usar como pratica de unidade.,Caderno Lei Maria da Penha - 601 ao 800.pdf,15
749,1459192,CEV URCA,Ag (Pref Milagres CE)/Pref Milagres CE/Administrativo/2018,2018,"A Lei Maria da Penha, sancionada em 7 de agosto de 2006, como Lei n.º 11.340 visa proteger a mulher da violência doméstica e familiar. Sobre…",NOVA,,U1,,PRATICA_UNIDADE,media,"Revisao manual completa: Alternativa incorreta testa a abrangencia dos 5 tipos de violencia (art. 7º), nao apenas fisica.",Caderno Lei Maria da Penha - 601 ao 800.pdf,15
750,1336891,IMPARH,PTNS (SDHDS)/Pref Fortaleza/Direito/2018,2018,"De acordo com a Lei nº 11.340/2006 (Lei Maria da Penha), a violência moral contra a mulher é entendida como:",NOVA,,U1,,BANCO_GERAL_MISSAO_FINAL,baixa,Classificacao heuristica (nao lida individualmente nesta fase): vocabulario tematico (score 1): U1. Recomenda-se leitura dedicada antes de usar como pratica de unidade.,Caderno Lei Maria da Penha - 601 ao 800.pdf,15
751,1336890,IMPARH,PTNS (SDHDS)/Pref Fortaleza/Direito/2018,2018,"Para os efeitos da Lei nº 11.340/2006 (Lei Maria da Penha), configura violência doméstica e familiar contra a mulher:",NOVA,,U1,,BANCO_GERAL_MISSAO_FINAL,baixa,Classificacao heuristica (nao lida individualmente nesta fase): vocabulario tematico (score 5): U1. Recomenda-se leitura dedicada antes de usar como pratica de unidade.,Caderno Lei Maria da Penha - 601 ao 800.pdf,15
752,609855,Instituto AOCP,Per (ITEP RN)/ITEP RN/Criminal/Psicologia/2018,2018,"A Lei Maria da Penha, Lei 11.340/2006, em seu artigo 7º, define as formas de violência doméstica e familiar contra a mulher. O impedimento d…",NOVA,,U1,7,BANCO_GERAL_MISSAO_FINAL,baixa,Classificacao heuristica (nao lida individualmente nesta fase): artigo citado no texto: 7. Recomenda-se leitura dedicada antes de usar como pratica de unidade.,Caderno Lei Maria da Penha - 601 ao 800.pdf,34
753,593247,CEBRASPE (CESPE),DP PE/DPE PE/2018,2018,"Com relação aos instrumentos previstos na Lei Maria da Penha, assinale a opção correta.",NOVA,,U1,,BANCO_GERAL_MISSAO_FINAL,baixa,Classificacao heuristica (nao lida individualmente nesta fase): vocabulario tematico (score 4): U1. Recomenda-se leitura dedicada antes de usar como pratica de unidade.,Caderno Lei Maria da Penha - 601 ao 800.pdf,34
754,700539,Instituto Verbena,Ass Soc (CM GYN)/CM GYN/2018,2018,"A Lei Maria da Penha (BRASIL, Lei n. 11.340, de 7 de agosto de 2006) tornou-se fundamental para o enfrentamento da violência contra a mulher…",NOVA,,U1,7,BANCO_GERAL_MISSAO_FINAL,baixa,Classificacao heuristica (nao lida individualmente nesta fase): artigo citado no texto: 7. Recomenda-se leitura dedicada antes de usar como pratica de unidade.,Caderno Lei Maria da Penha - 601 ao 800.pdf,34
755,973364,OBJETIVA CONCURSOS,Psic (SR do Sapucaí)/Pref SR do Sapucaí/2018,2018,"De acordo com a Lei nº 11.340/2006, as violências psicológicas e morais são distintas. Considerando a diferenciação entre esses dois tipos d…",NOVA,,,,BANCO_GERAL_MISSAO_FINAL,baixa,"Nenhum sinal de artigo ou vocabulario tematico detectado automaticamente; nao lida individualmente nesta fase.",Caderno Lei Maria da Penha - 601 ao 800.pdf,34
756,609788,Instituto AOCP,Per (ITEP RN)/ITEP RN/Criminal/Psicologia/2018,2018,"A lei Maria da Penha, Lei 11.340/06, em seu art. 7º, define, entre as formas de violência doméstica e familiar contra a mulher, a destruição…",NOVA,,U1,7,BANCO_GERAL_MISSAO_FINAL,baixa,Classificacao heuristica (nao lida individualmente nesta fase): artigo citado no texto: 7. Recomenda-se leitura dedicada antes de usar como pratica de unidade.,Caderno Lei Maria da Penha - 601 ao 800.pdf,34
757,1171104,IMPARH,PTNM (SDHDS)/Pref Fortaleza/Educador Social/2018,2018,"A pesquisa “Visível e invisível: a vitimização de mulheres no Brasil” realizada em fevereiro de 2017, apontou que 1 (uma) a cada 3 (três) br…",NOVA,,U1,,BANCO_GERAL_MISSAO_FINAL,baixa,Classificacao heuristica (nao lida individualmente nesta fase): vocabulario tematico (score 4): U1. Recomenda-se leitura dedicada antes de usar como pratica de unidade.,Caderno Lei Maria da Penha - 601 ao 800.pdf,35
758,824300,FGR,Ass Soc (Cab Grande)/Pref Cab Grande/2018,2018,"Segundo a Lei Maria da Penha, lei nº 11.340/2006, são formas de violência doméstica e familiar contra a mulher, dentre outras, é CORRETO afi…",NOVA,,U1,,BANCO_GERAL_MISSAO_FINAL,baixa,Classificacao heuristica (nao lida individualmente nesta fase): vocabulario tematico (score 5): U1. Recomenda-se leitura dedicada antes de usar como pratica de unidade.,Caderno Lei Maria da Penha - 601 ao 800.pdf,35
759,1159254,QUADRIX,Psic OF (CRP17)/CRP 17 (RN)/2018,2018,"Segundo a Lei n.º 11.340/2006 (Lei Maria da Penha), é considerada como forma de violência doméstica e familiar contra a mulher o(a)",NOVA,,U1,,BANCO_GERAL_MISSAO_FINAL,baixa,Classificacao heuristica (nao lida individualmente nesta fase): vocabulario tematico (score 2): U1. Recomenda-se leitura dedicada antes de usar como pratica de unidade.,Caderno Lei Maria da Penha - 601 ao 800.pdf,35
760,659284,NUCEPE UESPI,Per OC (PC PI)/PC PI/Médico Legista/Geral/2018,2018,"Acerca das formas de violência doméstica e familiar contra a mulher, previstas na Lei Maria da Penha, é CORRETO afirmar que:",NOVA,,U1,,BANCO_GERAL_MISSAO_FINAL,baixa,Classificacao heuristica (nao lida individualmente nesta fase): vocabulario tematico (score 6): U1. Recomenda-se leitura dedicada antes de usar como pratica de unidade.,Caderno Lei Maria da Penha - 601 ao 800.pdf,35
761,1041973,OBJETIVA CONCURSOS,ACS (SR do Sapucaí)/Pref SR do Sapucaí/2018,2018,"Segundo a Lei nº 11.340/2006, no que diz respeito às formas de violência doméstica, analisar os itens abaixo: I. A violência psicológica é e…",NOVA,,U1,,BANCO_GERAL_MISSAO_FINAL,baixa,Classificacao heuristica (nao lida individualmente nesta fase): vocabulario tematico (score 4): U1. Recomenda-se leitura dedicada antes de usar como pratica de unidade.,Caderno Lei Maria da Penha - 601 ao 800.pdf,35
762,590553,CEBRASPE (CESPE),Of Inv Pol (PC MA)/PC MA/Escrivão/2018,2018,"Configura violência doméstica e familiar contra a mulher qualquer ação ou omissão que, baseada no gênero, lhe cause sofrimento físico e que …",NOVA,,U1,,BANCO_GERAL_MISSAO_FINAL,baixa,Classificacao heuristica (nao lida individualmente nesta fase): vocabulario tematico (score 3): U1. Recomenda-se leitura dedicada antes de usar como pratica de unidade.,Caderno Lei Maria da Penha - 601 ao 800.pdf,36
763,693760,IBADE,Of (CBM PB)/CBM PB/Administrativo/2018,2018,"Quanto à Lei nº 11 .340/2006 - Lei de Violência Doméstica e Familiar contra a Mulher, marque a alternativa correta.",NOVA,,U1,,BANCO_GERAL_MISSAO_FINAL,baixa,Classificacao heuristica (nao lida individualmente nesta fase): vocabulario tematico (score 7): U1. Recomenda-se leitura dedicada antes de usar como pratica de unidade.,Caderno Lei Maria da Penha - 601 ao 800.pdf,36
764,1742664,EJUD PI,Estag (TJ PI)/TJ PI/Serviço Social/2018,2018,"De acordo com a Lei 11.340/06, art. 5°, configura violência doméstica e familiar contra a mulher qualquer ação ou omissão que, baseada no gê…",NOVA,,U1,5,BANCO_GERAL_MISSAO_FINAL,baixa,Classificacao heuristica (nao lida individualmente nesta fase): artigo citado no texto: 5. Recomenda-se leitura dedicada antes de usar como pratica de unidade.,Caderno Lei Maria da Penha - 601 ao 800.pdf,36
765,1742605,EJUD PI,Estag (TJ PI)/TJ PI/Serviço Social/2018,2018,A Lei Maria da Penha (Lei nº 11.340/2006) surgiu como resultado de um esforço coletivo dos movimentos de mulheres e poderes públicos no enfr…,NEAR_DUPLICATE_REVISAR,861,,,NAO_IMPORTAR,baixa,"Similaridade 0.44 com questao existente id 861 (camada C_SIMILARIDADE); revisar antes de decidir NOVA ou JA_EXISTE.",Caderno Lei Maria da Penha - 601 ao 800.pdf,36
766,672654,CEV UECE,APPS (Pref Sobral)/Pref Sobral/Assistência Social/2018,2018,"De acordo com a Lei nº 11.340, de 7 de agosto de 2006 – Lei Maria da Penha –, a conduta que configure calúnia, difamação ou injúria praticad…",NOVA,,,,BANCO_GERAL_MISSAO_FINAL,baixa,"Nenhum sinal de artigo ou vocabulario tematico detectado automaticamente; nao lida individualmente nesta fase.",Caderno Lei Maria da Penha - 601 ao 800.pdf,36
767,692857,IBADE,Cab (CBM PB)/CBM PB/Combatente/2018,2018,"Considerando o que dispões a Lei nº 11 .340/2006, Lei da Violência Doméstica e Familiar contra a Mulher, marque a alternativa correta.",NOVA,,U1,,BANCO_GERAL_MISSAO_FINAL,baixa,Classificacao heuristica (nao lida individualmente nesta fase): vocabulario tematico (score 5): U1. Recomenda-se leitura dedicada antes de usar como pratica de unidade.,Caderno Lei Maria da Penha - 601 ao 800.pdf,36
768,1838228,PRORH UFTM,Med (UFTM)/UFTM/Preceptoria/2018,2018,"Assinale a alternativa que cita uma das formas de violência doméstica e familiar contra a mulher, descrita no artigo 7o da Lei no 11.340, de…",NOVA,,U1,7,BANCO_GERAL_MISSAO_FINAL,baixa,Classificacao heuristica (nao lida individualmente nesta fase): artigo citado no texto: 7. Recomenda-se leitura dedicada antes de usar como pratica de unidade.,Caderno Lei Maria da Penha - 601 ao 800.pdf,15
769,692699,IBADE,Sarg (CBM PB)/CBM PB/2018,2018,"Considerando o que dispõe a Lei nº 11.340/2006 - Lei de Violência Doméstica e Familiar contra a Mulher, configura violência doméstica e fami…",NEAR_DUPLICATE_REVISAR,346,,,NAO_IMPORTAR,baixa,"Similaridade 0.427 com questao existente id 346 (camada C_SIMILARIDADE); revisar antes de decidir NOVA ou JA_EXISTE.",Caderno Lei Maria da Penha - 601 ao 800.pdf,15
770,898922,FUNDATEC,TSA (SULGÁS)/SULGÁS/2018,2018,"Com base no art. 7º da Lei Federal nº 11.340/2006, analise as assertivas que seguem, relativas às formas de violência doméstica e familiar c…",NOVA,,U1,7,BANCO_GERAL_MISSAO_FINAL,baixa,Classificacao heuristica (nao lida individualmente nesta fase): artigo citado no texto: 7. Recomenda-se leitura dedicada antes de usar como pratica de unidade.,Caderno Lei Maria da Penha - 601 ao 800.pdf,15
771,898118,FUNDATEC,GM (Pref Imbé)/Pref Imbé/2018,2018,"Quanto às formas de violência doméstica e familiar contra a mulher e seus respectivos entendimentos, relacione a Coluna 1 à Coluna 2. Coluna…",NOVA,,U1,,BANCO_GERAL_MISSAO_FINAL,baixa,Classificacao heuristica (nao lida individualmente nesta fase): vocabulario tematico (score 1): U1. Recomenda-se leitura dedicada antes de usar como pratica de unidade.,Caderno Lei Maria da Penha - 601 ao 800.pdf,15
772,899211,FUNDATEC,TNM (SULGÁS)/SULGÁS/2018,2018,"De acordo com o art. 5º da Lei Federal nº 11.340/2006, configura violência doméstica e familiar contra a mulher qualquer ação ou omissão, ba…",NEAR_DUPLICATE_REVISAR,861,,,NAO_IMPORTAR,baixa,"Similaridade 0.447 com questao existente id 861 (camada C_SIMILARIDADE); revisar antes de decidir NOVA ou JA_EXISTE.",Caderno Lei Maria da Penha - 601 ao 800.pdf,38
773,700121,Instituto Verbena,Ag (CM GYN)/CM GYN/Segurança do Plenário/2018,2018,"A Lei nº 11.340, de 7 de agosto de 2006, no artigo 7º, especifica as formas de violência doméstica e familiar contra a mulher, definindo, en…",NOVA,,U1,7,BANCO_GERAL_MISSAO_FINAL,baixa,Classificacao heuristica (nao lida individualmente nesta fase): artigo citado no texto: 7. Recomenda-se leitura dedicada antes de usar como pratica de unidade.,Caderno Lei Maria da Penha - 601 ao 800.pdf,38
774,793011,QUADRIX,Ag Fisc (CRESS PR)/CRESS 11 (PR)/2018,2018,"A trajetória histórica dos movimentos sociais e das lutas para a garantia de direitos de crianças, adolescentes, mulheres e idosos permitiu …",NOVA,,U1,,PRATICA_UNIDADE,alta,Revisao manual completa: Julga a definicao (incompleta) do caput do art. 5º.,Caderno Lei Maria da Penha - 601 ao 800.pdf,38
775,1742016,EJUD PI,Estag (TJ PI)/TJ PI/Direito/2018,2018,"Com referência à Lei Maria da Penha (Lei nº. 11.340/2006), marque a opção CORRETA.",NOVA,,U1,,BANCO_GERAL_MISSAO_FINAL,baixa,Classificacao heuristica (nao lida individualmente nesta fase): vocabulario tematico (score 2): U1. Recomenda-se leitura dedicada antes de usar como pratica de unidade.,Caderno Lei Maria da Penha - 601 ao 800.pdf,38
776,733797,FCC,Ana Min (MPE PE)/MPE PE/Pedagogia/2018,2018,A violência doméstica e familiar contra a mulher constitui uma das formas de violação dos direitos humanos. São formas de violência doméstic…,NOVA,,U1,,BANCO_GERAL_MISSAO_FINAL,baixa,Classificacao heuristica (nao lida individualmente nesta fase): vocabulario tematico (score 6): U1. Recomenda-se leitura dedicada antes de usar como pratica de unidade.,Caderno Lei Maria da Penha - 601 ao 800.pdf,39
777,733044,FCC,Ana Min (MPE PE)/MPE PE/Auditoria/2018,2018,"Jurema, de perfil autoritário, estabeleceu união estável com Amelly, caracterizada por uma relação de poder e submissão, nunca aceitando a i…",NOVA,,U1,,BANCO_GERAL_MISSAO_FINAL,baixa,Classificacao heuristica (nao lida individualmente nesta fase): vocabulario tematico (score 2): U1. Recomenda-se leitura dedicada antes de usar como pratica de unidade.,Caderno Lei Maria da Penha - 601 ao 800.pdf,39
778,2412513,AMEOSC,Ass So (Pref Bandeirante-SC)/Pref Bandeirante SC/2018,2018,Segundo a Lei nº 11.340/06 é correta a seguinte definição de violência contra a mulher:,NEAR_DUPLICATE_REVISAR,346,,,NAO_IMPORTAR,baixa,"Similaridade 0.494 com questao existente id 346 (camada C_SIMILARIDADE); revisar antes de decidir NOVA ou JA_EXISTE.",Caderno Lei Maria da Penha - 601 ao 800.pdf,39
779,690078,FAURGS,Tec TI (BANRISUL)/BANRISUL/Segurança da Tecnologia da Informação/2018,2018,"De acordo com as normas da Lei nº 11.340, de 7 de agosto de 2006, Lei Maria da Penha, violência moral é entendida como qualquer conduta que",NOVA,,U1,,BANCO_GERAL_MISSAO_FINAL,baixa,Classificacao heuristica (nao lida individualmente nesta fase): vocabulario tematico (score 1): U1. Recomenda-se leitura dedicada antes de usar como pratica de unidade.,Caderno Lei Maria da Penha - 601 ao 800.pdf,39
780,921867,FAFIPA,Psic (Pref Loanda)/Pref Loanda/NASF/2018,2018,"Com relação às formas de violência doméstica e familiar contra a mulher, segundo a Lei Maria da Penha, nº 11.340, relacione os itens a segui…",NOVA,,U1,,BANCO_GERAL_MISSAO_FINAL,baixa,Classificacao heuristica (nao lida individualmente nesta fase): vocabulario tematico (score 5): U1. Recomenda-se leitura dedicada antes de usar como pratica de unidade.,Caderno Lei Maria da Penha - 601 ao 800.pdf,39
781,1742568,EJUD PI,Estag (TJ PI)/TJ PI/Serviço Social/2018,2018,Segundo a Lei Maria da Penha são formas de violência contra mulher:,NOVA,,U1,,BANCO_GERAL_MISSAO_FINAL,baixa,Classificacao heuristica (nao lida individualmente nesta fase): vocabulario tematico (score 5): U1. Recomenda-se leitura dedicada antes de usar como pratica de unidade.,Caderno Lei Maria da Penha - 601 ao 800.pdf,40
782,927126,MS (SARMENTO),Ag Tec AS (SAP SP)/SAP SP/Psicólogo/2018,2018,"São tipos de violência referenciados na Lei Maria da Penha, exceto os da alternativa:",NOVA,,,,BANCO_GERAL_MISSAO_FINAL,baixa,"Nenhum sinal de artigo ou vocabulario tematico detectado automaticamente; nao lida individualmente nesta fase.",Caderno Lei Maria da Penha - 601 ao 800.pdf,40
783,515305,IBFC,Sold (PM BA)/PM BA/2017,2017,"Assinale a alternativa correta sobre o que a Lei Federal nº 11.340, de 07/08/2006, conhecida como “Lei Maria da Penha” prevê, respectivament…",NOVA,,U1,,BANCO_GERAL_MISSAO_FINAL,baixa,Classificacao heuristica (nao lida individualmente nesta fase): vocabulario tematico (score 4): U1. Recomenda-se leitura dedicada antes de usar como pratica de unidade.,Caderno Lei Maria da Penha - 601 ao 800.pdf,40
784,567933,IBADE,Aux Nec (PC AC)/PC AC/2017,2017,"Configura violência doméstica e familiar contra a mulher, atraindo, portanto, a competência do juízo especializado na matéria, qualquer ação…",NOVA,,U1,,BANCO_GERAL_MISSAO_FINAL,baixa,Classificacao heuristica (nao lida individualmente nesta fase): vocabulario tematico (score 4): U1. Recomenda-se leitura dedicada antes de usar como pratica de unidade.,Caderno Lei Maria da Penha - 601 ao 800.pdf,40
785,3001980,FAPEMS,Ag Pol Jud (PC MS)/PC MS/Investigador de Polícia Judiciária/2017,2017,As estatísticas históricas de infrações penais cometidas dentro dos lares familiares fez surgir a necessidade de atenção especial do Direito…,NOVA,,U1,,BANCO_GERAL_MISSAO_FINAL,baixa,Classificacao heuristica (nao lida individualmente nesta fase): vocabulario tematico (score 1): U1. Recomenda-se leitura dedicada antes de usar como pratica de unidade.,Caderno Lei Maria da Penha - 601 ao 800.pdf,40
786,3680871,IAUPE,"ATGU (UPE)/UPE/Assistente Social/""Sem Especialidade""/2017",2017,"A Lei Nº 11.340/06, “Lei Maria da Penha”, criou inúmeros mecanismos para coibir e prevenir a violência doméstica e familiar contra a mulher.…",NOVA,,U1,,PRATICA_UNIDADE,alta,Revisao manual completa: Correta trata da violacao dos direitos humanos (art. 6º).,Caderno Lei Maria da Penha - 601 ao 800.pdf,41
787,631048,IESES,Papilo (PCien SC)/PCien SC/2017,2017,"De acordo com a Lei 11.340/06 - Lei Maria da Penha - são formas de violência doméstica e familiar contra a mulher, dentre outras:",NOVA,,U1,,BANCO_GERAL_MISSAO_FINAL,baixa,Classificacao heuristica (nao lida individualmente nesta fase): vocabulario tematico (score 5): U1. Recomenda-se leitura dedicada antes de usar como pratica de unidade.,Caderno Lei Maria da Penha - 601 ao 800.pdf,41
788,656448,CRS (PM MG),Sold (PM MG)/PM MG/Combatente/2017,2017,"Marque a alternativa que contém a forma de violência doméstica e familiar contra a mulher, prevista na Lei n. 11.340, de 07 de agosto de 200…",NOVA,,U1,,BANCO_GERAL_MISSAO_FINAL,baixa,Classificacao heuristica (nao lida individualmente nesta fase): vocabulario tematico (score 2): U1. Recomenda-se leitura dedicada antes de usar como pratica de unidade.,Caderno Lei Maria da Penha - 601 ao 800.pdf,41
789,611952,NUCEPE UESPI,Pol Pen (SEJUS PI)/SEJUS PI/2017,2017,Em relação à legislação especial é forma de violência doméstica e familiar contra a mulher:,NOVA,,U1,,BANCO_GERAL_MISSAO_FINAL,baixa,Classificacao heuristica (nao lida individualmente nesta fase): vocabulario tematico (score 3): U1. Recomenda-se leitura dedicada antes de usar como pratica de unidade.,Caderno Lei Maria da Penha - 601 ao 800.pdf,41
790,595063,FAFIPA,Edu Fis (Marialva)/Pref Marialva/NASF/2017,2017,"A lei nº 11.340 cria mecanismos para coibir e prevenir a violência doméstica e familiar contra a mulher, nos termos do § 8o do art. 226 da C…",NEAR_DUPLICATE_REVISAR,346,,,NAO_IMPORTAR,baixa,"Similaridade 0.402 com questao existente id 346 (camada C_SIMILARIDADE); revisar antes de decidir NOVA ou JA_EXISTE.",Caderno Lei Maria da Penha - 601 ao 800.pdf,41
791,573818,IBADE,Ana Prev (IPERON)/IPERON/Assistente Social/2017,2017,"A Lei Maria da Penha, Lei n° 11 .340/2006, define no Artigo 5° violência doméstica e familiar contra a mulher""qualquer ação ou omissão basea…",NOVA,,U1,5,BANCO_GERAL_MISSAO_FINAL,baixa,Classificacao heuristica (nao lida individualmente nesta fase): artigo citado no texto: 5. Recomenda-se leitura dedicada antes de usar como pratica de unidade.,Caderno Lei Maria da Penha - 601 ao 800.pdf,42
792,1242331,CRS (PM MG),Of (PM MG)/PM MG/Enfermagem/2017,2017,"Com base na Lei 11.340/2006, a qual cria mecanismos para coibir a violência doméstica e familiar contra a mulher, marque a alternativa CORRE…",NOVA,,,,BANCO_GERAL_MISSAO_FINAL,baixa,"Nenhum sinal de artigo ou vocabulario tematico detectado automaticamente; nao lida individualmente nesta fase.",Caderno Lei Maria da Penha - 601 ao 800.pdf,42
793,1060218,Instituto ANIMA,Ed Soc (SMDS Itajaí)/Pref Itajaí/2017,2017,"Nos termos da Lei Maria da Penha, assinale a alternativa que identifique o tipo de violência contra a mulher, entendida como qualquer condut…",NOVA,,U1,,BANCO_GERAL_MISSAO_FINAL,baixa,Classificacao heuristica (nao lida individualmente nesta fase): vocabulario tematico (score 4): U1. Recomenda-se leitura dedicada antes de usar como pratica de unidade.,Caderno Lei Maria da Penha - 601 ao 800.pdf,42
794,670069,PUC PR,Tec NS (TJ MS)/TJ MS/Serviço Social/2017,2017,"“A Lei Maria da Penha (Lei 11.340), sancionada no dia 7 de agosto de 2006, completa 11 anos de vigência em 2017. Ferramenta essencial para o…",NOVA,,U1,,BANCO_GERAL_MISSAO_FINAL,baixa,Classificacao heuristica (nao lida individualmente nesta fase): vocabulario tematico (score 2): U1. Recomenda-se leitura dedicada antes de usar como pratica de unidade.,Caderno Lei Maria da Penha - 601 ao 800.pdf,42
795,450311,IBFC,Tec Reg (AGERBA)/AGERBA/2017,2017,"Assinale a alternativa correta sobre a espécie de violência que a Lei Federal nº 11.340, de 7 de agosto de 2006 (Lei Maria da Penha) indica,…",NOVA,,U1,,BANCO_GERAL_MISSAO_FINAL,baixa,Classificacao heuristica (nao lida individualmente nesta fase): vocabulario tematico (score 2): U1. Recomenda-se leitura dedicada antes de usar como pratica de unidade.,Caderno Lei Maria da Penha - 601 ao 800.pdf,43
796,1910402,CONSULPLAN,"CHO (PMPA)/PM PA/Administração/""Sem Especialidade""/2017",2017,"Para os efeitos da Lei de Violência Doméstica e Familiar contra a Mulher (Lei nº 11.340, de 7 de agosto de 2006), configura violência domést…",NEAR_DUPLICATE_REVISAR,346,,,NAO_IMPORTAR,baixa,"Similaridade 0.483 com questao existente id 346 (camada C_SIMILARIDADE); revisar antes de decidir NOVA ou JA_EXISTE.",Caderno Lei Maria da Penha - 601 ao 800.pdf,43
797,324465,CEBRASPE (CESPE),Ass Soc (DPU)/DPU/2016,2016,"Com referência às disposições da legislação específica relativa aos idosos e às mulheres, julgue o item que se segue. A violência doméstica …",NOVA,,,,BANCO_GERAL_MISSAO_FINAL,baixa,"Nenhum sinal de artigo ou vocabulario tematico detectado automaticamente; nao lida individualmente nesta fase.",Caderno Lei Maria da Penha - 601 ao 800.pdf,43
798,1550212,OBJETIVA CONCURSOS,AnLeg (CM Sta Maria)/CM Santa Maria/Advocacia/2016,2016,"Segundo preceitua a Lei nº 11.340/06, sobre o que configura violência doméstica e familiar contra a mulher, assinalar a alternativa CORRETA:",NEAR_DUPLICATE_REVISAR,346,,,NAO_IMPORTAR,baixa,"Similaridade 0.36 com questao existente id 346 (camada C_SIMILARIDADE); revisar antes de decidir NOVA ou JA_EXISTE.",Caderno Lei Maria da Penha - 601 ao 800.pdf,43
799,611837,NUCEPE UESPI,Pol Pen (SEJUS PI)/SEJUS PI/2016,2016,"No domingo TÍCIO reuniu-se com amigos, passando dia no quintal de sua residência, ingeriu durante esse tempo duas cervejas. Por volta das 22…",NOVA,,U1,,BANCO_GERAL_MISSAO_FINAL,baixa,Classificacao heuristica (nao lida individualmente nesta fase): vocabulario tematico (score 3): U1. Recomenda-se leitura dedicada antes de usar como pratica de unidade.,Caderno Lei Maria da Penha - 601 ao 800.pdf,43
800,1376661,CETREDE,Enf (Pref Trairi)/Pref Trairi/Hospital/2016,2016,A violência doméstica é um preocupante problema de saúde pública. O Brasil é um dos cinco países do mundo com mais casos de violência contra…,NOVA,,U1,,BANCO_GERAL_MISSAO_FINAL,baixa,Classificacao heuristica (nao lida individualmente nesta fase): vocabulario tematico (score 2): U1. Recomenda-se leitura dedicada antes de usar como pratica de unidade.,Caderno Lei Maria da Penha - 800 ao 1000.pdf,1
801,2145965,INSTITUTO BRASIL,Ass Soc (IF MS)/IF MS/2016,2016,"A Lei Nº 11.340 (""Maria da Penha"") apresenta várias formas de violência doméstica e familiar contra a mulher. Qualquer conduta que configure…",NOVA,,U1,,BANCO_GERAL_MISSAO_FINAL,baixa,Classificacao heuristica (nao lida individualmente nesta fase): vocabulario tematico (score 1): U1. Recomenda-se leitura dedicada antes de usar como pratica de unidade.,Caderno Lei Maria da Penha - 800 ao 1000.pdf,1
802,451012,FAURGS,APJ (TJ RS)/TJ RS/Apoio Especializado/Psicologia/2016,2016,"Conforme descrito no art. 5º da Lei Maria da Penha (Lei nº 11.340, de 7 de agosto de 2006), NÃO configura violência doméstica e familiar con…",NEAR_DUPLICATE_REVISAR,861,,,NAO_IMPORTAR,baixa,"Similaridade 0.388 com questao existente id 861 (camada C_SIMILARIDADE); revisar antes de decidir NOVA ou JA_EXISTE.",Caderno Lei Maria da Penha - 800 ao 1000.pdf,1
803,383459,FGV,NAC UNI OAB/OAB/2016,2016,"A Lei Maria da Penha objetiva proteger a mulher da violência doméstica e familiar que lhe cause morte, lesão, sofrimento físico, sexual ou p…",NOVA,,U1,,BANCO_GERAL_MISSAO_FINAL,baixa,Classificacao heuristica (nao lida individualmente nesta fase): vocabulario tematico (score 2): U1. Recomenda-se leitura dedicada antes de usar como pratica de unidade.,Caderno Lei Maria da Penha - 800 ao 1000.pdf,1
804,360340,CEBRASPE (CESPE),JE TJAM/TJ AM/2016,2016,"Com relação às disposições da Lei n.º 11.340/2006 — Lei Maria da Penha —, assinale a opção correta.",NOVA,,U1,,PRATICA_UNIDADE,alta,"Revisao manual completa: Correta trata de violencia sexual (art. 7º, III).",Caderno Lei Maria da Penha - 800 ao 1000.pdf,1
805,581287,COSEAC UFF,Ag (Pref Niterói)/Pref Niterói/Coordenação de Turno/2016,2016,"A Lei nº 1.1340/2006, também conhecida como Lei Maria da Penha, cria mecanismos para coibir a violência doméstica e familiar contra a mulher…",NOVA,,U1,,BANCO_GERAL_MISSAO_FINAL,baixa,Classificacao heuristica (nao lida individualmente nesta fase): vocabulario tematico (score 4): U1. Recomenda-se leitura dedicada antes de usar como pratica de unidade.,Caderno Lei Maria da Penha - 800 ao 1000.pdf,1
806,1035445,IDECAN,EdSoc (Damianópolis)/Pref Damianópolis/2016,2016,"Segundo a Lei nº 11.340, de 07/08/2006, Capítulo II – Das Formas de Violência Doméstica e Familiar contra a Mulher, Art. 7º, acerca das form…",NOVA,,U1,7,BANCO_GERAL_MISSAO_FINAL,baixa,Classificacao heuristica (nao lida individualmente nesta fase): artigo citado no texto: 7. Recomenda-se leitura dedicada antes de usar como pratica de unidade.,Caderno Lei Maria da Penha - 800 ao 1000.pdf,1
807,431992,VUNESP,Cd Soc (Sertãozinho)/Pref Sertãozinho SP/2016,2016,"De acordo com a Lei nº 11.340/06, no artigo 5º (I, II, III), a violência doméstica e familiar contra a mulher é qualquer ação ou omissão bas…",NOVA,,U1,5,BANCO_GERAL_MISSAO_FINAL,baixa,Classificacao heuristica (nao lida individualmente nesta fase): artigo citado no texto: 5. Recomenda-se leitura dedicada antes de usar como pratica de unidade.,Caderno Lei Maria da Penha - 800 ao 1000.pdf,1
808,890571,CPSI (UFPEL),Ass Soc (UFPEL)/UFPEL/2016,2016,"A Lei Nº 11.340 de 07 de agosto de 2006, conhecida como Lei Maria da Penha, em seu Capítulo II, Art. 7º lista as formas de violência domésti…",NOVA,,U1,7,BANCO_GERAL_MISSAO_FINAL,baixa,Classificacao heuristica (nao lida individualmente nesta fase): artigo citado no texto: 7. Recomenda-se leitura dedicada antes de usar como pratica de unidade.,Caderno Lei Maria da Penha - 800 ao 1000.pdf,1
809,421062,CEBRASPE (CESPE),Ag Pol (PC GO)/PC GO/2016,2016,"De acordo com as disposições da Lei n.º 11.340/2006 — Lei Maria da Penha —, assinale a opção correta.",NOVA,,U1,,BANCO_GERAL_MISSAO_FINAL,baixa,Classificacao heuristica (nao lida individualmente nesta fase): vocabulario tematico (score 2): U1. Recomenda-se leitura dedicada antes de usar como pratica de unidade.,Caderno Lei Maria da Penha - 800 ao 1000.pdf,2
810,1170994,IMPARH,Psic (SMS)/Pref Fortaleza/2016,2016,"De acordo com a Lei nº 11.340, de 7 de agosto de 2006, a Lei Maria da Penha, assinale a alternativa que corresponde a forma de violência dom…",NOVA,,U1,,BANCO_GERAL_MISSAO_FINAL,baixa,Classificacao heuristica (nao lida individualmente nesta fase): vocabulario tematico (score 4): U1. Recomenda-se leitura dedicada antes de usar como pratica de unidade.,Caderno Lei Maria da Penha - 800 ao 1000.pdf,2
811,828567,FGR,Ag Soc (Conc MD)/Pref Conceição do MD/2016,2016,"De acordo com a Lei Maria da Penha, lei nº 11.340/2006, que protege as mulheres da violência doméstica e familiar, relacione as duas colunas…",NOVA,,U1,,BANCO_GERAL_MISSAO_FINAL,baixa,Classificacao heuristica (nao lida individualmente nesta fase): vocabulario tematico (score 5): U1. Recomenda-se leitura dedicada antes de usar como pratica de unidade.,Caderno Lei Maria da Penha - 800 ao 1000.pdf,2
812,1074239,Legalle,ASoc (Pref Portão)/Pref Portão/2016,2016,"Segundo a Lei Maria da Penha, a violência doméstica e familiar contra a mulher constitui uma das formas de violação de:",NOVA,,U1,,BANCO_GERAL_MISSAO_FINAL,baixa,Classificacao heuristica (nao lida individualmente nesta fase): vocabulario tematico (score 1): U1. Recomenda-se leitura dedicada antes de usar como pratica de unidade.,Caderno Lei Maria da Penha - 800 ao 1000.pdf,15
813,1193737,CEV UECE,CSoc (Pref Tianguá)/Pref Tianguá/2016,2016,"A Lei Federal nº 11.340, de 7 de agosto de 2006, conhecida como Lei Maria da Penha, em seu artigo 6º, elenca as distintas formas em que se p…",NOVA,,U1,6,BANCO_GERAL_MISSAO_FINAL,baixa,Classificacao heuristica (nao lida individualmente nesta fase): artigo citado no texto: 6. Recomenda-se leitura dedicada antes de usar como pratica de unidade.,Caderno Lei Maria da Penha - 800 ao 1000.pdf,15
814,2155906,CETREDE,Enf (Pref Caucaia)/Pref Caucaia/2016,2016,"Estima-se que, a cada ano, mais de um milhão de pessoas são mortas por causas violentas no mundo. A Lei nº 10.778, de 24 de novembro de 2003…",NOVA,,,,BANCO_GERAL_MISSAO_FINAL,baixa,"Nenhum sinal de artigo ou vocabulario tematico detectado automaticamente; nao lida individualmente nesta fase.",Caderno Lei Maria da Penha - 800 ao 1000.pdf,15
815,329092,BIO-RIO,Psico (Mangaratiba)/Pref Mangaratiba/2016,2016,"Em relação à Lei nº 11.340/2006, Lei Maria da Penha, avalie se são verdadeiras (V) ou falsas (F) as afirmativas a seguir: Tipifica três form…",NOVA,,U1,,BANCO_GERAL_MISSAO_FINAL,baixa,Classificacao heuristica (nao lida individualmente nesta fase): vocabulario tematico (score 6): U1. Recomenda-se leitura dedicada antes de usar como pratica de unidade.,Caderno Lei Maria da Penha - 800 ao 1000.pdf,15
816,654742,CRS (PM MG),Sold (PM MG)/PM MG/Combatente/2015,2015,Considere os enunciados abaixo acerca da violência doméstica e familiar contra a mulher. I. Considera-se violência doméstica e familiar cont…,NOVA,,U1,,BANCO_GERAL_MISSAO_FINAL,baixa,Classificacao heuristica (nao lida individualmente nesta fase): vocabulario tematico (score 2): U1. Recomenda-se leitura dedicada antes de usar como pratica de unidade.,Caderno Lei Maria da Penha - 800 ao 1000.pdf,15
817,284952,FGV,ADP (DPE RO)/DPE RO/Analista em Psicologia/2015,2015,Carla e Mariana vivem relacionamento conjugal há sete anos. Recentemente Carla vem sendo agredida física e moralmente pela companheira em fu…,NOVA,,U1,,BANCO_GERAL_MISSAO_FINAL,baixa,Classificacao heuristica (nao lida individualmente nesta fase): vocabulario tematico (score 1): U1. Recomenda-se leitura dedicada antes de usar como pratica de unidade.,Caderno Lei Maria da Penha - 800 ao 1000.pdf,15
818,299201,VUNESP,JE TJMS/TJ MS/2015,2015,"DULCE mantém relacionamento afetivo com ANA por cerca de dez anos, sendo diariamente ofendida, por meio de palavras e gestos. Deprimida, DUL…",NOVA,,U1,,PRATICA_UNIDADE,media,"Revisao manual completa: Correta reconhece violencia patrimonial e psicologica (art. 7º) mesmo em uniao homoafetiva (art. 5º, paragrafo unico).",Caderno Lei Maria da Penha - 800 ao 1000.pdf,15
819,301540,SMA-RJ (antiga FJG),Ana Leg (CM RJ)/CM RJ/Assistência Social/2015,2015,"São várias as formas de violência doméstica e familiar praticadas contra a mulher. Dentre elas, a conduta configurada como calúnia, difamaçã…",NOVA,,U1,,BANCO_GERAL_MISSAO_FINAL,baixa,Classificacao heuristica (nao lida individualmente nesta fase): vocabulario tematico (score 1): U1. Recomenda-se leitura dedicada antes de usar como pratica de unidade.,Caderno Lei Maria da Penha - 800 ao 1000.pdf,15
820,317011,IBFC,Ana RC (JUCEB)/JUCEB/2015,2015,"Considere as disposições da Lei Federal n° 11.340, de 7 de agosto de 2006 (Lei Maria da Penha) e assinale a alternativa correta sobre as for…",NOVA,,U1,,BANCO_GERAL_MISSAO_FINAL,baixa,Classificacao heuristica (nao lida individualmente nesta fase): vocabulario tematico (score 2): U1. Recomenda-se leitura dedicada antes de usar como pratica de unidade.,Caderno Lei Maria da Penha - 800 ao 1000.pdf,15
821,317451,IBFC,Tec RC (JUCEB)/JUCEB/2015,2015,"Assinale a alternativa correta sobre o que a Lei Federal n° 11.340, de 7 de agosto de 2006 (Lei Maria da Penha)estabelece como qualquer cond…",NOVA,,U1,,BANCO_GERAL_MISSAO_FINAL,baixa,Classificacao heuristica (nao lida individualmente nesta fase): vocabulario tematico (score 5): U1. Recomenda-se leitura dedicada antes de usar como pratica de unidade.,Caderno Lei Maria da Penha - 800 ao 1000.pdf,15
822,322925,FGV,AJ (TJ BA)/TJ BA/Apoio Especializado/Psicólogo/2015,2015,A Lei nº 11.340/2006 (Lei Maria da Penha) configura como violência doméstica e familiar contra a mulher:,NEAR_DUPLICATE_REVISAR,861,,,NAO_IMPORTAR,baixa,"Similaridade 0.408 com questao existente id 861 (camada C_SIMILARIDADE); revisar antes de decidir NOVA ou JA_EXISTE.",Caderno Lei Maria da Penha - 800 ao 1000.pdf,5
823,322998,FGV,AJ (TJ BA)/TJ BA/Apoio Especializado/Assistente Social/2015,2015,"Durante o plantão social em uma instituição, a equipe do Serviço Social atendeu uma senhora de 70 anos, esposa de um policial militar reform…",NOVA,,U1,,PRATICA_UNIDADE,alta,"Revisao manual completa: Correta classifica a situacao como violencia psicologica (art. 7º, V).",Caderno Lei Maria da Penha - 800 ao 1000.pdf,5
824,328682,FCC,AgDP (DPE SP)/DPE SP/Assistente Social/2015,2015,"De acordo com a Lei nº 11.340, de 7 de agosto de 2006 − Lei Maria da Penha, configura-se como violência doméstica e familiar qualquer ação b…",NEAR_DUPLICATE_REVISAR,861,,,NAO_IMPORTAR,baixa,"Similaridade 0.391 com questao existente id 861 (camada C_SIMILARIDADE); revisar antes de decidir NOVA ou JA_EXISTE.",Caderno Lei Maria da Penha - 800 ao 1000.pdf,5
825,490443,IBFC,AGPM (PM MG)/PM MG/Serviço Social/2015,2015,A Lei nº 11.340 de 07 de agosto de 2006 busca coibir a violência doméstica e familiar contra a mulher no Brasil. No artigo 5º. dessa legisla…,NOVA,,U1,5,BANCO_GERAL_MISSAO_FINAL,baixa,Classificacao heuristica (nao lida individualmente nesta fase): artigo citado no texto: 5. Recomenda-se leitura dedicada antes de usar como pratica de unidade.,Caderno Lei Maria da Penha - 800 ao 1000.pdf,5
826,490447,IBFC,AGPM (PM MG)/PM MG/Serviço Social/2015,2015,"A Lei nº 11.340/06, também conhecida pela terminologia “Lei Maria da Penha”, em seu 7º artigo, delimita as formas de violência doméstica e f…",NOVA,,U1,7,BANCO_GERAL_MISSAO_FINAL,baixa,Classificacao heuristica (nao lida individualmente nesta fase): artigo citado no texto: 7. Recomenda-se leitura dedicada antes de usar como pratica de unidade.,Caderno Lei Maria da Penha - 800 ao 1000.pdf,5
827,519856,Instituto AOCP,Ass Soc (Pref Angra)/Pref Angra/2015,2015,"Sobre as formas de violência contra a mulher presentes na Lei Maria da Penha, assinale a alternativa correta.",NOVA,,U1,,BANCO_GERAL_MISSAO_FINAL,baixa,Classificacao heuristica (nao lida individualmente nesta fase): vocabulario tematico (score 6): U1. Recomenda-se leitura dedicada antes de usar como pratica de unidade.,Caderno Lei Maria da Penha - 800 ao 1000.pdf,15
828,522597,FAURGS,Ass Soc (HCPA)/HCPA/2015,2015,"Leia com atenção o relato abaixo. A Sra. Joana, 55 anos, branca, descendente de alemães, aposentada, luterana e residente em Igrejinha, rein…",NOVA,,U1,,BANCO_GERAL_MISSAO_FINAL,baixa,Classificacao heuristica (nao lida individualmente nesta fase): vocabulario tematico (score 2): U1. Recomenda-se leitura dedicada antes de usar como pratica de unidade.,Caderno Lei Maria da Penha - 800 ao 1000.pdf,15
829,752666,COPESE UFPI,GM (Pref Teresina)/Pref Teresina/2015,2015,"No que tange à violência contra a mulher, considerando o estatuído na Lei Maria da Penha, é CORRETO afirmar, EXCETO:",NOVA,,U1,,BANCO_GERAL_MISSAO_FINAL,baixa,Classificacao heuristica (nao lida individualmente nesta fase): vocabulario tematico (score 3): U1. Recomenda-se leitura dedicada antes de usar como pratica de unidade.,Caderno Lei Maria da Penha - 800 ao 1000.pdf,15
830,958208,INCAB (ex-FUNCAB),ASoc (Pref Araruama)/Pref Araruama/2015,2015,"A Lei Maria da Penha, nº Lei 11.340, ""configura violência doméstica e familiar contra a mulher qualquer ação ou omissão com base no gênero q…",NEAR_DUPLICATE_REVISAR,861,,,NAO_IMPORTAR,baixa,"Similaridade 0.375 com questao existente id 861 (camada C_SIMILARIDADE); revisar antes de decidir NOVA ou JA_EXISTE.",Caderno Lei Maria da Penha - 800 ao 1000.pdf,15
831,1012036,Instituto CONSULPAM,Ag Fisc (CRESS PB)/CRESS 13 (PB)/Assistente Social/2015,2015,"A Lei nº 11.340/2006 prevê as formas de violência doméstica e familiar contra a mulher, entre outras como:",NOVA,,U1,,BANCO_GERAL_MISSAO_FINAL,baixa,Classificacao heuristica (nao lida individualmente nesta fase): vocabulario tematico (score 5): U1. Recomenda-se leitura dedicada antes de usar como pratica de unidade.,Caderno Lei Maria da Penha - 800 ao 1000.pdf,7
832,1207493,FUNDEPES COPEVE-UFAL,GM (Pref Inhapi)/Pref Inhapi/2015,2015,"Dadas as afirmativas acerca da violência doméstica contra a mulher, regulada pela Lei Maria da Penha (Lei Federal nº 11.340/2006), I. Config…",NEAR_DUPLICATE_REVISAR,346,,,NAO_IMPORTAR,baixa,"Similaridade 0.419 com questao existente id 346 (camada C_SIMILARIDADE); revisar antes de decidir NOVA ou JA_EXISTE.",Caderno Lei Maria da Penha - 800 ao 1000.pdf,7
833,1216016,CAIPIMES,GCM (Pref Botucatu)/Pref Botucatu/2015,2015,A Lei Maria da Penha dispõe sobre as formas de violência doméstica e familiar contra a mulher. Estabeleça a correspondência entre as colunas…,NOVA,,U1,7,BANCO_GERAL_MISSAO_FINAL,baixa,Classificacao heuristica (nao lida individualmente nesta fase): artigo citado no texto: 7. Recomenda-se leitura dedicada antes de usar como pratica de unidade.,Caderno Lei Maria da Penha - 800 ao 1000.pdf,7
834,1310138,DECEx,CFO/QC (EsFCEx)/EsFCEx/Assistência Social/2015,2015,"A Lei Maria da Penha, que dispõe sobre mecanismos para coibir a violência doméstica e familiar contra a mulher, estabelece como violência fa…",NEAR_DUPLICATE_REVISAR,346,,,NAO_IMPORTAR,baixa,"Similaridade 0.416 com questao existente id 346 (camada C_SIMILARIDADE); revisar antes de decidir NOVA ou JA_EXISTE.",Caderno Lei Maria da Penha - 800 ao 1000.pdf,7
835,2004977,AMEOSC,Ass Soc (CRESIM)/CRESIM/2015,2015,"Conhecida como Lei Maria da Penha, Lei n° 11.340/2006, dispõe sobre agressão à mulher, porém há outras formas de violência em que se trata n…",NOVA,,U1,,BANCO_GERAL_MISSAO_FINAL,baixa,Classificacao heuristica (nao lida individualmente nesta fase): vocabulario tematico (score 1): U1. Recomenda-se leitura dedicada antes de usar como pratica de unidade.,Caderno Lei Maria da Penha - 800 ao 1000.pdf,15
836,2642067,IDECAN,Sarg (CBM PB)/CBM PB/Combatente/2015,2015,"Segundo a Lei nº 11.340/2006 – Lei Maria da Penha, configura violência doméstica e familiar contra a mulher qualquer ação ou omissão baseada…",NOVA,,U1,,BANCO_GERAL_MISSAO_FINAL,baixa,Classificacao heuristica (nao lida individualmente nesta fase): vocabulario tematico (score 5): U1. Recomenda-se leitura dedicada antes de usar como pratica de unidade.,Caderno Lei Maria da Penha - 800 ao 1000.pdf,15
837,2642131,IDECAN,Cab (CBM PB)/CBM PB/Combatente/2015,2015,"A Lei nº 11.340/2006 – Lei Maria da Penha – define como formas de violência doméstica e familiar contra a mulher, entre outras, as violência…",NOVA,,U1,,BANCO_GERAL_MISSAO_FINAL,baixa,Classificacao heuristica (nao lida individualmente nesta fase): vocabulario tematico (score 2): U1. Recomenda-se leitura dedicada antes de usar como pratica de unidade.,Caderno Lei Maria da Penha - 800 ao 1000.pdf,15
838,3089747,FAFIPA,PSP (Londrina)/Pref Londrina/Serviço de Psicologia/2015,2015,"Segundo a Lei Federal nº 11340, de 7 de Agosto de 2006, Lei Maria da Penha: são formas de violência doméstica e familiar contra a mulher, en…",NOVA,,U1,,BANCO_GERAL_MISSAO_FINAL,baixa,Classificacao heuristica (nao lida individualmente nesta fase): vocabulario tematico (score 2): U1. Recomenda-se leitura dedicada antes de usar como pratica de unidade.,Caderno Lei Maria da Penha - 800 ao 1000.pdf,15
839,3089749,FAFIPA,PSP (Londrina)/Pref Londrina/Serviço de Psicologia/2015,2015,"Segundo a Lei Federal nº 11340, de 7 de Agosto de 2006, Lei Maria da Penha: são formas de violência doméstica e familiar contra a mulher, en…",NOVA,,U1,,BANCO_GERAL_MISSAO_FINAL,baixa,Classificacao heuristica (nao lida individualmente nesta fase): vocabulario tematico (score 2): U1. Recomenda-se leitura dedicada antes de usar como pratica de unidade.,Caderno Lei Maria da Penha - 800 ao 1000.pdf,9
840,3089752,FAFIPA,PSP (Londrina)/Pref Londrina/Serviço de Psicologia/2015,2015,"Segundo a Lei Federal nº 11340, de 7 de Agosto de 2006, Lei Maria da Penha: são formas de violência doméstica e familiar contra a mulher, en…",NOVA,,U1,,BANCO_GERAL_MISSAO_FINAL,baixa,Classificacao heuristica (nao lida individualmente nesta fase): vocabulario tematico (score 2): U1. Recomenda-se leitura dedicada antes de usar como pratica de unidade.,Caderno Lei Maria da Penha - 800 ao 1000.pdf,9
841,3089753,FAFIPA,PSP (Londrina)/Pref Londrina/Serviço de Psicologia/2015,2015,"Segundo a Lei Federal nº 11340, de 7 de Agosto de 2006, Lei Maria da Penha: são formas de violência doméstica e familiar contra a mulher, en…",NOVA,,U1,,BANCO_GERAL_MISSAO_FINAL,baixa,Classificacao heuristica (nao lida individualmente nesta fase): vocabulario tematico (score 2): U1. Recomenda-se leitura dedicada antes de usar como pratica de unidade.,Caderno Lei Maria da Penha - 800 ao 1000.pdf,9
842,3089754,FAFIPA,PSP (Londrina)/Pref Londrina/Serviço de Psicologia/2015,2015,"Segundo a Lei Federal nº 11340, de 7 de Agosto de 2006, Lei Maria da Penha: são formas de violência doméstica e familiar contra a mulher, en…",NOVA,,U1,,BANCO_GERAL_MISSAO_FINAL,baixa,Classificacao heuristica (nao lida individualmente nesta fase): vocabulario tematico (score 2): U1. Recomenda-se leitura dedicada antes de usar como pratica de unidade.,Caderno Lei Maria da Penha - 800 ao 1000.pdf,9
843,3089935,FAFIPA,TSP (Pref Londrina)/Pref Londrina/Assistência de Enfermagem/2015,2015,"A lei nº 11.340, de 07 de agosto de 2006, conhecida como “Lei Maria da Penha”, define que são formas de violência doméstica e familiar contr…",NOVA,,U1,,BANCO_GERAL_MISSAO_FINAL,baixa,Classificacao heuristica (nao lida individualmente nesta fase): vocabulario tematico (score 2): U1. Recomenda-se leitura dedicada antes de usar como pratica de unidade.,Caderno Lei Maria da Penha - 800 ao 1000.pdf,9
844,3089938,FAFIPA,TSP (Pref Londrina)/Pref Londrina/Assistência de Enfermagem/2015,2015,"A lei nº 11.340, de 07 de agosto de 2006, conhecida como “Lei Maria da Penha”, define que são formas de violência doméstica e familiar contr…",NOVA,,U1,,BANCO_GERAL_MISSAO_FINAL,baixa,Classificacao heuristica (nao lida individualmente nesta fase): vocabulario tematico (score 2): U1. Recomenda-se leitura dedicada antes de usar como pratica de unidade.,Caderno Lei Maria da Penha - 800 ao 1000.pdf,9
845,3089951,FAFIPA,TSP (Pref Londrina)/Pref Londrina/Assistência de Enfermagem/2015,2015,"A lei nº 11.340, de 07 de agosto de 2006, conhecida como “Lei Maria da Penha”, define que são formas de violência doméstica e familiar contr…",NOVA,,U1,,BANCO_GERAL_MISSAO_FINAL,baixa,Classificacao heuristica (nao lida individualmente nesta fase): vocabulario tematico (score 2): U1. Recomenda-se leitura dedicada antes de usar como pratica de unidade.,Caderno Lei Maria da Penha - 800 ao 1000.pdf,10
846,3089967,FAFIPA,TSP (Pref Londrina)/Pref Londrina/Assistência de Enfermagem/2015,2015,"A lei nº 11.340, de 07 de agosto de 2006, conhecida como “Lei Maria da Penha”, define que são formas de violência doméstica e familiar contr…",NOVA,,U1,,BANCO_GERAL_MISSAO_FINAL,baixa,Classificacao heuristica (nao lida individualmente nesta fase): vocabulario tematico (score 2): U1. Recomenda-se leitura dedicada antes de usar como pratica de unidade.,Caderno Lei Maria da Penha - 800 ao 1000.pdf,10
847,3089970,FAFIPA,TSP (Pref Londrina)/Pref Londrina/Assistência de Enfermagem/2015,2015,"A lei nº 11.340, de 07 de agosto de 2006, conhecida como “Lei Maria da Penha”, define que são formas de violência doméstica e familiar contr…",NOVA,,U1,,BANCO_GERAL_MISSAO_FINAL,baixa,Classificacao heuristica (nao lida individualmente nesta fase): vocabulario tematico (score 2): U1. Recomenda-se leitura dedicada antes de usar como pratica de unidade.,Caderno Lei Maria da Penha - 800 ao 1000.pdf,10
848,553711,CEC,GCM (Ponta Grossa)/Pref Ponta Grossa/2014,2014,"Acerca do que dispõe a Lei n.º 11.340/2006, conhecida como Lei Maria da Penha, assinale a alternativa INCORRETA:",NEAR_DUPLICATE_REVISAR,346,,,NAO_IMPORTAR,baixa,"Similaridade 0.378 com questao existente id 346 (camada C_SIMILARIDADE); revisar antes de decidir NOVA ou JA_EXISTE.",Caderno Lei Maria da Penha - 800 ao 1000.pdf,10
849,2048497,COGEPS UNIOESTE,Ass Soc (Pref Umuarama)/Pref Umuarama/2014,2014,"Assinale a alternativa INCORRETA. De acordo com Art. 7o da Lei N. 11.340/2006, Lei Maria da Penha, dentre outras, são formas de violência do…",NOVA,,U1,7,BANCO_GERAL_MISSAO_FINAL,baixa,Classificacao heuristica (nao lida individualmente nesta fase): artigo citado no texto: 7. Recomenda-se leitura dedicada antes de usar como pratica de unidade.,Caderno Lei Maria da Penha - 800 ao 1000.pdf,10
850,1716894,Marinha,QT (Marinha)/Marinha/Serviço Social/2014,2014,"Com base na Lei nº 11.340/2006 (Lei Maria da Penha), art. 7º, são formas de violência doméstica e familiar praticadas contra a mulher:",NOVA,,U1,7,BANCO_GERAL_MISSAO_FINAL,baixa,Classificacao heuristica (nao lida individualmente nesta fase): artigo citado no texto: 7. Recomenda-se leitura dedicada antes de usar como pratica de unidade.,Caderno Lei Maria da Penha - 800 ao 1000.pdf,10
851,282167,FGV,AJ (TJ GO)/TJ GO/Especializada/Psicólogo/2014,2014,"Há oito anos, em 07 de agosto de 2006, era aprovada a Lei nº 11.340, conhecida nacionalmente como Lei Maria da Penha. O instrumento legal fo…",NOVA,,U1,,PRATICA_UNIDADE,alta,Revisao manual completa: Todos os itens verdadeiros sao formas de violencia do art. 7º ou do ambito de aplicacao do art. 5º.,Caderno Lei Maria da Penha - 800 ao 1000.pdf,11
852,972388,FUNRIO,Ass Soc (IF BA)/IF BA/2014,2014,"Segundo a Lei no 11.340 de 07/08/2006 (Lei Maria da Penha), em seu Art. 5º, configura violência doméstica e familiar contra a mulher qualque…",NEAR_DUPLICATE_REVISAR,861,,,NAO_IMPORTAR,baixa,"Similaridade 0.391 com questao existente id 861 (camada C_SIMILARIDADE); revisar antes de decidir NOVA ou JA_EXISTE.",Caderno Lei Maria da Penha - 800 ao 1000.pdf,11
853,3882721,Instituto Verbena,Psic (Goianésia)/Pref Goianésia/2014,2014,"A Lei n. 11.340, também conhecida como Lei Maria da Penha, que cria mecanismos para coibir a violência doméstica e familiar contra a mulher,…",NOVA,,U1,,BANCO_GERAL_MISSAO_FINAL,baixa,Classificacao heuristica (nao lida individualmente nesta fase): vocabulario tematico (score 3): U1. Recomenda-se leitura dedicada antes de usar como pratica de unidade.,Caderno Lei Maria da Penha - 800 ao 1000.pdf,11
854,341627,IMPARH,PTNS (SETRA)/Pref Fortaleza/Terapia Ocupacional/2014,2014,"Quanto ao conceito e às formas de violência contra a mulher previstos na Lei Federal nº 11.340/2006 de 7 de agosto de 2006, é correto afirma…",NOVA,,U1,,BANCO_GERAL_MISSAO_FINAL,baixa,Classificacao heuristica (nao lida individualmente nesta fase): vocabulario tematico (score 7): U1. Recomenda-se leitura dedicada antes de usar como pratica de unidade.,Caderno Lei Maria da Penha - 800 ao 1000.pdf,11
855,972389,FUNRIO,Ass Soc (IF BA)/IF BA/2014,2014,Podemos considerar que é uma das formas de violência doméstica e familiar contra a mulher,NOVA,,U1,,BANCO_GERAL_MISSAO_FINAL,baixa,Classificacao heuristica (nao lida individualmente nesta fase): vocabulario tematico (score 6): U1. Recomenda-se leitura dedicada antes de usar como pratica de unidade.,Caderno Lei Maria da Penha - 800 ao 1000.pdf,11
856,857904,FUNDEP,Ass AF (CAU MG)/CAU MG/2014,2014,"São previstas na Lei Maria da Penha (Lei nº 11.340/2006), que cria mecanismos para coibir a violência contra a mulher, as formas de violênci…",NOVA,,U1,,BANCO_GERAL_MISSAO_FINAL,baixa,Classificacao heuristica (nao lida individualmente nesta fase): vocabulario tematico (score 2): U1. Recomenda-se leitura dedicada antes de usar como pratica de unidade.,Caderno Lei Maria da Penha - 800 ao 1000.pdf,12
857,279250,INCAB (ex-FUNCAB),Psico (SEMCAS)/Pref Rio Branco (AC)/2014,2014,"No artigo 7º da Lei nº 11.340/2006, conhecida como Lei Maria da Penha, são descritos cinco tipos de violência doméstica e familiar contra a …",NOVA,,U1,7,BANCO_GERAL_MISSAO_FINAL,baixa,Classificacao heuristica (nao lida individualmente nesta fase): artigo citado no texto: 7. Recomenda-se leitura dedicada antes de usar como pratica de unidade.,Caderno Lei Maria da Penha - 800 ao 1000.pdf,12
858,792974,FGR,GCM (Pref Brumadinho)/Pref Brumadinho/2014,2014,"Maria da Penha Maia Fernandes sofreu duas tentativas de homicídio por parte de seu então marido no ano de 1983, no entanto, ele só foi preso…",NOVA,,U1,,BANCO_GERAL_MISSAO_FINAL,baixa,Classificacao heuristica (nao lida individualmente nesta fase): vocabulario tematico (score 5): U1. Recomenda-se leitura dedicada antes de usar como pratica de unidade.,Caderno Lei Maria da Penha - 800 ao 1000.pdf,12
859,265894,FGV,AJ (TJ RJ)/TJ RJ/Assistencial/Psicólogo/2014,2014,A Lei nº 11.340/2006 (Lei Maria da Penha) configura o fenômeno da violência doméstica e familiar contra a mulher como qualquer ação ou omiss…,NEAR_DUPLICATE_REVISAR,861,,,NAO_IMPORTAR,baixa,"Similaridade 0.453 com questao existente id 861 (camada C_SIMILARIDADE); revisar antes de decidir NOVA ou JA_EXISTE.",Caderno Lei Maria da Penha - 800 ao 1000.pdf,12
860,1917268,CEPS UFPA,Ass Soc (UNIFESSPA)/UNIFESSPA/2014,2014,"Para coibir a violência doméstica e familiar contra a mulher foi instituída a Lei nº 11.340/2006, conhecida como Lei Maria da Penha. Em seu …",NOVA,,U1,7,BANCO_GERAL_MISSAO_FINAL,baixa,Classificacao heuristica (nao lida individualmente nesta fase): artigo citado no texto: 7. Recomenda-se leitura dedicada antes de usar como pratica de unidade.,Caderno Lei Maria da Penha - 800 ao 1000.pdf,12
861,165367,CEBRASPE (CESPE),Ass Soc (SUFRAMA)/SUFRAMA/2014,2014,"Conforme disposto nas análises e legislações específicas, julgue o item, relativo aos seguintes segmentos: homens, mulheres e portadores de …",NOVA,,U1,,BANCO_GERAL_MISSAO_FINAL,baixa,Classificacao heuristica (nao lida individualmente nesta fase): vocabulario tematico (score 1): U1. Recomenda-se leitura dedicada antes de usar como pratica de unidade.,Caderno Lei Maria da Penha - 800 ao 1000.pdf,13
862,480350,ACAFE,Del Pol (PC SC)/PC SC/2014,2014,"Analise as afirmações a seguir e assinale a alternativa correta, observando-se configurar violência doméstica e familiar contra a mulher qua…",NEAR_DUPLICATE_REVISAR,346,,,NAO_IMPORTAR,baixa,"Similaridade 0.511 com questao existente id 346 (camada C_SIMILARIDADE); revisar antes de decidir NOVA ou JA_EXISTE.",Caderno Lei Maria da Penha - 800 ao 1000.pdf,13
863,179821,CEBRASPE (CESPE),PT (PM CE)/PM CE/2014,2014,Com relação aos direitos da criança e do adolescente (Lei n.º 8.069/1990 — Estatuto da Criança e do Adolescente) e ao direito da mulher à pr…,NOVA,,U1,,PRATICA_UNIDADE,alta,"Revisao manual completa: Testa a definicao de violencia moral (art. 7º, V).",Caderno Lei Maria da Penha - 800 ao 1000.pdf,13
864,215155,VUNESP,DTP (PC SP)/PC SP/2014,2014,"À luz da Lei n.º 11.340/2006 – Lei Maria da Penha, é correto afirmar que",NOVA,,U1,,PRATICA_UNIDADE,alta,Revisao manual completa: Correta trata da violacao dos direitos humanos (art. 6º).,Caderno Lei Maria da Penha - 800 ao 1000.pdf,13
865,492358,Com. Exam. (MPE PR),Prom Jus (MPE PR)/MPE PR/2014,2014,"A Lei nº 11.340/06 criou mecanismos para coibir a violência doméstica e familiar contra a mulher, regulamentando o §8º, do art. 226, da CF, …",NOVA,,U1,"5;61",BANCO_GERAL_MISSAO_FINAL,baixa,"Classificacao heuristica (nao lida individualmente nesta fase): artigo citado no texto: 5,61. Recomenda-se leitura dedicada antes de usar como pratica de unidade.",Caderno Lei Maria da Penha - 800 ao 1000.pdf,13
866,279277,INCAB (ex-FUNCAB),Ass Soc (SEMCAS)/Pref Rio Branco (AC)/2014,2014,"Com relação à Lei Maria da Penha, são consideradas formas de violência doméstica e familiar contra a mulher, entre outras, a violência moral…",NOVA,,U1,,BANCO_GERAL_MISSAO_FINAL,baixa,Classificacao heuristica (nao lida individualmente nesta fase): vocabulario tematico (score 2): U1. Recomenda-se leitura dedicada antes de usar como pratica de unidade.,Caderno Lei Maria da Penha - 800 ao 1000.pdf,14
867,203731,FUNDATEC,ATRE (SEFAZ RS)/SEFAZ RS/2014,2014,"Considerando o regramento previsto na Lei nº 11.340/2006 (Lei Maria da Penha), que cria mecanismos para coibir a violência doméstica contra …",NOVA,,U1,,BANCO_GERAL_MISSAO_FINAL,baixa,Classificacao heuristica (nao lida individualmente nesta fase): vocabulario tematico (score 4): U1. Recomenda-se leitura dedicada antes de usar como pratica de unidade.,Caderno Lei Maria da Penha - 800 ao 1000.pdf,14
868,846397,COMPEC IFPB,Ass Alu (IF PB)/IF PB/2013,2013,"Na contemporaneidade, o problema da violência, inclusive na escola, é uma preocupação que aflige povos, culturas e nações, deflagrando-se co…",NOVA,,,,BANCO_GERAL_MISSAO_FINAL,baixa,"Nenhum sinal de artigo ou vocabulario tematico detectado automaticamente; nao lida individualmente nesta fase.",Caderno Lei Maria da Penha - 800 ao 1000.pdf,14
869,467861,FUNDATEC,TSO (IRGA)/IRGA/2013,2013,"Considerando o regramento previsto na Lei Maria da Penha, analise as afirmações que seguem: I. Para os efeitos desta Lei, configura violênci…",NOVA,,U1,,BANCO_GERAL_MISSAO_FINAL,baixa,Classificacao heuristica (nao lida individualmente nesta fase): vocabulario tematico (score 3): U1. Recomenda-se leitura dedicada antes de usar como pratica de unidade.,Caderno Lei Maria da Penha - 800 ao 1000.pdf,14
870,495253,ESPP,Ass Soc (MPE PR)/MPE PR/2013,2013,"A lei 11.340106, denominada de lei Maria da Penha, foi promulgada com o objetivo de prevenir e coibir todas as formas de violência doméstica…",PROBLEMATICA,,,,NAO_IMPORTAR,,"Provavel erro de extracao do PDF: todas as 5 alternativas tem o mesmo padrao de virgula extraida como ponto final (""...social. cultural. idade...""), indicando corrupcao sistematica do texto desta questao. Revisar manualmente contra o PDF original antes de importar.",Caderno Lei Maria da Penha - 800 ao 1000.pdf,15
871,140829,VUNESP,Inv Pol (PC SP)/PC SP/2013,2013,"Fulano, casado com Ciclana, num momento de discussão no lar, destruiu parte dos instrumentos de trabalho de sua esposa. Considerando a condu…",NOVA,,U4,,PRATICA_UNIDADE,alta,Revisao manual completa: Correta trata da prisao preventiva do agressor (art. 20).,Caderno Lei Maria da Penha - 800 ao 1000.pdf,15
872,496087,ESPP,Psico (MPE PR)/MPE PR/2013,2013,"O Artigo 50 da Lei nº 11 .340, de 7 de agosto de 2006, refere que "" Para os efeitos desta Lei, configura violência doméstica e familiar cont…",NOVA,,U1,50,BANCO_GERAL_MISSAO_FINAL,baixa,Classificacao heuristica (nao lida individualmente nesta fase): vocabulario tematico (score 1): U1. Recomenda-se leitura dedicada antes de usar como pratica de unidade.,Caderno Lei Maria da Penha - 800 ao 1000.pdf,15
873,1830103,CCS UFGD,ASoc (UFGD)/UFGD/2013,2013,"A violência doméstica ou familiar contra a mulher foi tipificada pela Lei 11.340/2006 nominada Maria da Penha, em seu Artigo 5º como: qualqu…",NOVA,,U1,5,BANCO_GERAL_MISSAO_FINAL,baixa,Classificacao heuristica (nao lida individualmente nesta fase): artigo citado no texto: 5. Recomenda-se leitura dedicada antes de usar como pratica de unidade.,Caderno Lei Maria da Penha - 800 ao 1000.pdf,15
874,655963,CRS (PM MG),Sold (PM MG)/PM MG/Combatente/2013,2013,"Assinale a afirmativa CORRETA. De acordo com a Lei n° 11.340, de 07/08/2006, que cria mecanismos para coibir a violência Doméstica e familia…",NOVA,,U1,,BANCO_GERAL_MISSAO_FINAL,baixa,Classificacao heuristica (nao lida individualmente nesta fase): vocabulario tematico (score 2): U1. Recomenda-se leitura dedicada antes de usar como pratica de unidade.,Caderno Lei Maria da Penha - 800 ao 1000.pdf,16
875,390507,ZAMBINI,GM (Itatiba)/Pref Itatiba/2013,2013,"Assinale a alternativa CORRETA. Nos termos do artigo 7º, da Lei 11.340/06, são formas de violência doméstica e familiar contra a mulher, ent…",NOVA,,U1,7,BANCO_GERAL_MISSAO_FINAL,baixa,Classificacao heuristica (nao lida individualmente nesta fase): artigo citado no texto: 7. Recomenda-se leitura dedicada antes de usar como pratica de unidade.,Caderno Lei Maria da Penha - 800 ao 1000.pdf,16
876,190643,FCC,AJ TRT15/TRT 15/Apoio Especializado/Serviço Social/2013,2013,"Ao orientar uma servidora com indícios de violência doméstica, uma Assistente Social identificou, de acordo com a Lei Maria da Penha (Lei nº…",NOVA,,U1,,BANCO_GERAL_MISSAO_FINAL,baixa,Classificacao heuristica (nao lida individualmente nesta fase): vocabulario tematico (score 4): U1. Recomenda-se leitura dedicada antes de usar como pratica de unidade.,Caderno Lei Maria da Penha - 800 ao 1000.pdf,16
877,1968170,FADESP,Ass Soc (UFOPA)/UFOPA/2013,2013,"A Lei 11.340/2006, conhecida como Maria da Penha, cria mecanismos para coibir e prevenir a violência doméstica e familiar contra a mulher. E…",NOVA,,U1,,BANCO_GERAL_MISSAO_FINAL,baixa,Classificacao heuristica (nao lida individualmente nesta fase): vocabulario tematico (score 2): U1. Recomenda-se leitura dedicada antes de usar como pratica de unidade.,Caderno Lei Maria da Penha - 800 ao 1000.pdf,16
878,157050,CEBRASPE (CESPE),Ag Pol (PC DF)/PC DF/2013,2013,"Julgue o item que se segue, acerca da legislação especial criminal. Nos termos da Lei n.º 11.340/2006 — Lei Maria da Penha —, a empregada do…",NOVA,,,,BANCO_GERAL_MISSAO_FINAL,baixa,"Nenhum sinal de artigo ou vocabulario tematico detectado automaticamente; nao lida individualmente nesta fase.",Caderno Lei Maria da Penha - 800 ao 1000.pdf,17
879,3243557,INCAB (ex-FUNCAB),ASoc (Pref Cacoal)/Pref Cacoal/PAIF/2013,2013,"Conforme o capítulo II, das formas de violência doméstica e familiar contra a mulher, na Lei nº 11.340, de 2006 (Lei Maria da Penha), no art…",NOVA,,U1,7,BANCO_GERAL_MISSAO_FINAL,baixa,Classificacao heuristica (nao lida individualmente nesta fase): artigo citado no texto: 7. Recomenda-se leitura dedicada antes de usar como pratica de unidade.,Caderno Lei Maria da Penha - 800 ao 1000.pdf,17
880,3243658,INCAB (ex-FUNCAB),ASoc (Pref Cacoal)/Pref Cacoal/PRÓ-JOVEM/2013,2013,"De acordo com a Lei nº 11.340 (Lei Maria da Penha) no seu capítulo I, artigo 5º, é considerada violência doméstica e familiar contra a mulhe…",NOVA,,U1,5,BANCO_GERAL_MISSAO_FINAL,baixa,Classificacao heuristica (nao lida individualmente nesta fase): artigo citado no texto: 5. Recomenda-se leitura dedicada antes de usar como pratica de unidade.,Caderno Lei Maria da Penha - 800 ao 1000.pdf,17
881,156749,CEBRASPE (CESPE),Esc Pol (PC DF)/PC DF/2013,2013,No que se refere aos crimes hediondos (Lei n.º 8.072/1990) e à violência doméstica e familiar sobre a mulher (Lei n.º 11.340/2006 – Lei Mari…,NOVA,,U1,,BANCO_GERAL_MISSAO_FINAL,baixa,Classificacao heuristica (nao lida individualmente nesta fase): vocabulario tematico (score 1): U1. Recomenda-se leitura dedicada antes de usar como pratica de unidade.,Caderno Lei Maria da Penha - 800 ao 1000.pdf,17
882,818742,COPERVE UFSC,Ass Soc (UFSC)/UFSC/2013,2013,"Assinale a alternativa CORRETA. Ana Maria, 30 anos, tem uma relação estável com Antônia há nove anos. O relacionamento foi marcado por perío…",NOVA,,U1,,BANCO_GERAL_MISSAO_FINAL,baixa,Classificacao heuristica (nao lida individualmente nesta fase): vocabulario tematico (score 1): U1. Recomenda-se leitura dedicada antes de usar como pratica de unidade.,Caderno Lei Maria da Penha - 800 ao 1000.pdf,17
883,1246434,CRS (PM MG),ASPM (PM MG)/PM MG/2013,2013,A Lei nº 11.340/2006 cria mecanismos para coibir e prevenir a violência doméstica e familiar contra a mulher. Ao tratar das formas de violên…,NOVA,,U1,,BANCO_GERAL_MISSAO_FINAL,baixa,Classificacao heuristica (nao lida individualmente nesta fase): vocabulario tematico (score 4): U1. Recomenda-se leitura dedicada antes de usar como pratica de unidade.,Caderno Lei Maria da Penha - 800 ao 1000.pdf,18
884,166861,CEBRASPE (CESPE),DP RR/DPE RR/2013,2013,"Com base no disposto na Lei Maria da Penha — Lei n.º 11.340/2006 —, assinale a opção correta.",NOVA,,U1,,PRATICA_UNIDADE,alta,"Revisao manual completa: Correta trata do ambito familiar do art. 5º, I.",Caderno Lei Maria da Penha - 800 ao 1000.pdf,18
885,3500525,FADURPE,Ass Soc (Pref Arapiraca)/Pref Arapiraca/2013,2013,A legislação de proteção à mulher em situação de violência doméstica estabelece: 1) a violência doméstica é qualquer ação ou omissão baseada…,NOVA,,U1,,BANCO_GERAL_MISSAO_FINAL,baixa,Classificacao heuristica (nao lida individualmente nesta fase): vocabulario tematico (score 3): U1. Recomenda-se leitura dedicada antes de usar como pratica de unidade.,Caderno Lei Maria da Penha - 800 ao 1000.pdf,18
886,118034,CEBRASPE (CESPE),PRF/PRF/2013,2013,Com fundamento na lei que cria mecanismos para coibir a violência doméstica e familiar contra a mulher — Lei Maria da Penha — e na Lei dos C…,NOVA,,,,BANCO_GERAL_MISSAO_FINAL,baixa,"Nenhum sinal de artigo ou vocabulario tematico detectado automaticamente; nao lida individualmente nesta fase.",Caderno Lei Maria da Penha - 800 ao 1000.pdf,18
887,113841,CEBRASPE (CESPE),Deleg (PC BA)/PC BA/2013,2013,"Considerando o que dispõe a legislação atual acerca de discriminação, julgue o item que se segue. A violência psicológica, uma das espécies …",NOVA,,U1,,BANCO_GERAL_MISSAO_FINAL,baixa,Classificacao heuristica (nao lida individualmente nesta fase): vocabulario tematico (score 1): U1. Recomenda-se leitura dedicada antes de usar como pratica de unidade.,Caderno Lei Maria da Penha - 800 ao 1000.pdf,18
888,495261,ESPP,Ass Soc (MPE PR)/MPE PR/2013,2013,"Com referência a lei nº 11340, lei Maria da Penha verifique quais das afirmações abaixo estão corretas: I. A lei é aplicada no âmbito da uni…",NEAR_DUPLICATE_REVISAR,861,,,NAO_IMPORTAR,baixa,"Similaridade 0.373 com questao existente id 861 (camada C_SIMILARIDADE); revisar antes de decidir NOVA ou JA_EXISTE.",Caderno Lei Maria da Penha - 800 ao 1000.pdf,19
889,106097,CEBRASPE (CESPE),"AJ (TJDFT)/TJDFT/Judiciária/""Sem Especialidade""/2013",2013,"No que se refere a competência, sujeitos processuais, provas, medidas cautelares e recursos, julgue o item a seguir. O castigo corporal exce…",NOVA,,U4,,PRATICA_UNIDADE,media,"Revisao manual completa: Testa o limite de competencia dos Juizados de Violencia Domestica (art. 14) em caso envolvendo crianca, nao mulher.",Caderno Lei Maria da Penha - 800 ao 1000.pdf,19
890,113946,CEBRASPE (CESPE),Escr (PC BA)/PC BA/2013,2013,"Julgue o próximo item, que versa sobre discriminação étnica e violência doméstica e familiar contra a mulher. Um indivíduo que calunia a pró…",NOVA,,,,BANCO_GERAL_MISSAO_FINAL,baixa,"Nenhum sinal de artigo ou vocabulario tematico detectado automaticamente; nao lida individualmente nesta fase.",Caderno Lei Maria da Penha - 800 ao 1000.pdf,19
891,1247792,FCC,ASPM (PM MG)/PM MG/2012,2012,"Na violência cometida contra as mulheres, o mais frequente é aquela que acontece no interior dos próprios lares e, diante disso, uma das cau…",NOVA,,,,BANCO_GERAL_MISSAO_FINAL,baixa,"Nenhum sinal de artigo ou vocabulario tematico detectado automaticamente; nao lida individualmente nesta fase.",Caderno Lei Maria da Penha - 800 ao 1000.pdf,19
892,1247791,FCC,ASPM (PM MG)/PM MG/2012,2012,"De acordo com a Lei nº 1.340/2006, configura-se violência doméstica e familiar contra a mulher qualquer ação ou omissão baseada no gênero qu…",NOVA,,U1,,BANCO_GERAL_MISSAO_FINAL,baixa,Classificacao heuristica (nao lida individualmente nesta fase): vocabulario tematico (score 1): U1. Recomenda-se leitura dedicada antes de usar como pratica de unidade.,Caderno Lei Maria da Penha - 800 ao 1000.pdf,19
893,579143,FCC,ANE (SEE MG)/SEE MG/Inspetor Escolar/2012,2012,"São formas de violência doméstica e familiar contra a mulher, entre outras, a violência física, psicológica, sexual, patrimonial e moral. En…",NOVA,,U1,,BANCO_GERAL_MISSAO_FINAL,baixa,Classificacao heuristica (nao lida individualmente nesta fase): vocabulario tematico (score 3): U1. Recomenda-se leitura dedicada antes de usar como pratica de unidade.,Caderno Lei Maria da Penha - 800 ao 1000.pdf,20
894,695273,CEBRASPE (CESPE),Esc Pol (PC AL)/PC AL/2012,2012,"Julgue o item a seguir, com base a Lei Maria da Penha, que dispõe sobre violência doméstica e familiar contra a mulher. A Lei Maria da Penha…",NOVA,,U1,,BANCO_GERAL_MISSAO_FINAL,baixa,Classificacao heuristica (nao lida individualmente nesta fase): vocabulario tematico (score 1): U1. Recomenda-se leitura dedicada antes de usar como pratica de unidade.,Caderno Lei Maria da Penha - 800 ao 1000.pdf,20
895,935683,KLC,ASoc (Alto Piquiri)/Pref Alto Piquiri/2012,2012,"Segundo a Lei 11.340/2006 – Lei Maria da Penha, assinale a alternativa que corresponda as formas de violência doméstica e familiar contra a …",NOVA,,U1,,BANCO_GERAL_MISSAO_FINAL,baixa,Classificacao heuristica (nao lida individualmente nesta fase): vocabulario tematico (score 4): U1. Recomenda-se leitura dedicada antes de usar como pratica de unidade.,Caderno Lei Maria da Penha - 800 ao 1000.pdf,20
896,695269,CEBRASPE (CESPE),Esc Pol (PC AL)/PC AL/2012,2012,"Julgue o item a seguir, com base a Lei Maria da Penha, que dispõe sobre violência doméstica e familiar contra a mulher. Conforme a referida …",NOVA,,U1,,BANCO_GERAL_MISSAO_FINAL,baixa,Classificacao heuristica (nao lida individualmente nesta fase): vocabulario tematico (score 1): U1. Recomenda-se leitura dedicada antes de usar como pratica de unidade.,Caderno Lei Maria da Penha - 800 ao 1000.pdf,20
897,262768,FEC,Insp Pol (PC RJ)/PC RJ/2012,2012,Para fins de aplicação das medidas protetivas da Lei Maria da Penha:,NOVA,,U1,,BANCO_GERAL_MISSAO_FINAL,baixa,Classificacao heuristica (nao lida individualmente nesta fase): vocabulario tematico (score 1): U1. Recomenda-se leitura dedicada antes de usar como pratica de unidade.,Caderno Lei Maria da Penha - 800 ao 1000.pdf,20
898,885147,FUNDEPES COPEVE-UFAL,Ass Soc (MPE AL)/MPE AL/2012,2012,"Segundo a Lei 11.340/2006, no art. 2º, “toda mulher, independentemente de classe, raça, etnia, orientação sexual, renda, cultura, nível educ…",NOVA,,U1,2,BANCO_GERAL_MISSAO_FINAL,baixa,Classificacao heuristica (nao lida individualmente nesta fase): artigo citado no texto: 2. Recomenda-se leitura dedicada antes de usar como pratica de unidade.,Caderno Lei Maria da Penha - 800 ao 1000.pdf,20
899,2762921,CEBRASPE (CESPE),AJ (TJ RO)/TJ RO/Oficial de Justiça/2012,2012,"A respeito da lei que versa sobre a violência doméstica e familiar contra a mulher e dos crimes contra a pessoa, assinale a opção correta.",NOVA,,U1,,BANCO_GERAL_MISSAO_FINAL,baixa,Classificacao heuristica (nao lida individualmente nesta fase): vocabulario tematico (score 2): U1. Recomenda-se leitura dedicada antes de usar como pratica de unidade.,Caderno Lei Maria da Penha - 800 ao 1000.pdf,21
900,552858,CEBRASPE (CESPE),AJ (TJ AC)/TJ AC/Judiciária/Direito/2012,2012,"Acerca das leis penais extravagantes, julgue o item subsecutivo, de acordo com o magistério doutrinário e jurisprudencial dominantes. Para a…",NOVA,,U1,,BANCO_GERAL_MISSAO_FINAL,baixa,Classificacao heuristica (nao lida individualmente nesta fase): vocabulario tematico (score 1): U1. Recomenda-se leitura dedicada antes de usar como pratica de unidade.,Caderno Lei Maria da Penha - 800 ao 1000.pdf,21
901,543775,COPESE-UFT,AGE (DPE TO)/DPE TO/Ciências Jurídicas/2012,2012,"Nos termos da Lei 11.340/06 (Lei Maria da Penha.), leia os itens e assinale a alternativa CORRETA: I. Violência doméstica e familiar contra …",NOVA,,U1,,BANCO_GERAL_MISSAO_FINAL,baixa,Classificacao heuristica (nao lida individualmente nesta fase): vocabulario tematico (score 3): U1. Recomenda-se leitura dedicada antes de usar como pratica de unidade.,Caderno Lei Maria da Penha - 800 ao 1000.pdf,21
902,2228779,FAPERP,AJ (TJ PB)/TJ PB/Assistência Social/2012,2012,"De acordo com a Lei Federal 11.340/2006, configura violência doméstica e familiar contra a mulher.",NOVA,,U1,,BANCO_GERAL_MISSAO_FINAL,baixa,Classificacao heuristica (nao lida individualmente nesta fase): vocabulario tematico (score 1): U1. Recomenda-se leitura dedicada antes de usar como pratica de unidade.,Caderno Lei Maria da Penha - 800 ao 1000.pdf,21
903,579133,FCC,ANE (SEE MG)/SEE MG/Inspetor Escolar/2012,2012,A violência sexual contra crianças e adolescentes é um fenômeno que na década nos anos 1990 deixa de ter característica de segredo familiar …,NOVA,,U1,,BANCO_GERAL_MISSAO_FINAL,baixa,Classificacao heuristica (nao lida individualmente nesta fase): vocabulario tematico (score 2): U1. Recomenda-se leitura dedicada antes de usar como pratica de unidade.,Caderno Lei Maria da Penha - 800 ao 1000.pdf,15
904,1015282,Instituto Verbena,GM (Aparecida GO)/Pref Aparecida GO/2012,2012,A Lei n. 11.340/2006 estabelece que a violência doméstica e familiar contra a mulher é configurada como qualquer ação ou omissão baseada no …,NEAR_DUPLICATE_REVISAR,346,,,NAO_IMPORTAR,baixa,"Similaridade 0.388 com questao existente id 346 (camada C_SIMILARIDADE); revisar antes de decidir NOVA ou JA_EXISTE.",Caderno Lei Maria da Penha - 800 ao 1000.pdf,15
905,330684,BIO-RIO,Ass Soc (Mesquita)/Pref Mesquita/2012,2012,Leia com atenção as afirmativas que se seguem sobre a violência doméstica e contra a mulher: I- Constituem formas de violência doméstica e f…,NOVA,,U1,,BANCO_GERAL_MISSAO_FINAL,baixa,Classificacao heuristica (nao lida individualmente nesta fase): vocabulario tematico (score 3): U1. Recomenda-se leitura dedicada antes de usar como pratica de unidade.,Caderno Lei Maria da Penha - 800 ao 1000.pdf,15
906,472146,MS (SARMENTO),Del Pol (PC PA)/PC PA/2012,2012,"Toda mulher, independentemente de classe, raça, etnia, orientação sexual, renda, cultura, nível educacional, idade e religião, goza dos dire…",NOVA,,U1,,BANCO_GERAL_MISSAO_FINAL,baixa,Classificacao heuristica (nao lida individualmente nesta fase): vocabulario tematico (score 4): U1. Recomenda-se leitura dedicada antes de usar como pratica de unidade.,Caderno Lei Maria da Penha - 800 ao 1000.pdf,15
907,2332402,FAPERP,AJ (TJ PB)/TJ PB/Psicologia/2012,2012,"Segundo a Lei Maria da Penha, a violência familiar se configurar abrangendo:",NOVA,,U1,,BANCO_GERAL_MISSAO_FINAL,baixa,Classificacao heuristica (nao lida individualmente nesta fase): vocabulario tematico (score 2): U1. Recomenda-se leitura dedicada antes de usar como pratica de unidade.,Caderno Lei Maria da Penha - 800 ao 1000.pdf,23
908,2376414,FUNDEP,Ana MP (MPE MG)/MPE MG/Direito/2012,2012,"De acordo com a Lei Maria da Penha, Lei n. 11.340/2006, assinale a alternativa INCORRETA.",NOVA,,,,BANCO_GERAL_MISSAO_FINAL,media,"Revisao manual completa: Alternativa incorreta versa sobre a vedacao da Lei 9.099 (art. 41, U5); as demais alternativas verdadeiras tratam de medida protetiva (U4), atribuicao do MP (U5) e violencia sexual (U1).",Caderno Lei Maria da Penha - 800 ao 1000.pdf,23
909,1569268,FCC,Ana Min (MPE AP)/MPE AP/Psicologia/2012,2012,"A Lei nº 11.340, batizada como Lei Maria da Penha criou mecanismos para coibir a violência doméstica e familiar contra a mulher. Dentre outr…",NOVA,,U1,,BANCO_GERAL_MISSAO_FINAL,baixa,Classificacao heuristica (nao lida individualmente nesta fase): vocabulario tematico (score 2): U1. Recomenda-se leitura dedicada antes de usar como pratica de unidade.,Caderno Lei Maria da Penha - 800 ao 1000.pdf,23
910,835467,FADESP,Ana Jur (MPE PA)/MPE PA/2012,2012,"Para os efeitos da Lei nº. 11.340, de 07/08/2006, configura violência doméstica e familiar contra a mulher qualquer ação ou omissão baseada …",NEAR_DUPLICATE_REVISAR,346,,,NAO_IMPORTAR,baixa,"Similaridade 0.435 com questao existente id 346 (camada C_SIMILARIDADE); revisar antes de decidir NOVA ou JA_EXISTE.",Caderno Lei Maria da Penha - 800 ao 1000.pdf,23
911,316649,IBFC,GCM (João Pessoa)/Pref João Pessoa/2012,2012,"Acerca da Lei nº 11.340/06 (Violência Doméstica), assinale a alternativa INCORRETA.",NEAR_DUPLICATE_REVISAR,346,,,NAO_IMPORTAR,baixa,"Similaridade 0.448 com questao existente id 346 (camada C_SIMILARIDADE); revisar antes de decidir NOVA ou JA_EXISTE.",Caderno Lei Maria da Penha - 800 ao 1000.pdf,23
912,1299469,CEBRASPE (CESPE),Ana Min (MPE PI)/MPE PI/Saúde/Serviço Social/2012,2012,"A dimensão jurídico- política da profissão caracteriza-se por um aparato estritamente profissional e outro, de caráter mais abrangente. Esse…",NOVA,,U1,,PRATICA_UNIDADE,media,"Revisao manual completa: Julga se dano patrimonial pode caracterizar violencia domestica, testando o rol do art. 7º.",Caderno Lei Maria da Penha - 800 ao 1000.pdf,23
913,1254876,CAIPIMES,Psic (Pref St André)/Pref Santo André/2012,2012,"A Lei Federal n° 11.340/2006, também conhecida como “Lei Maria da Penha” traz em seu bojo o artigo 5 °, o qual dita que: “Para os efeitos de…",NOVA,,U1,5,BANCO_GERAL_MISSAO_FINAL,baixa,Classificacao heuristica (nao lida individualmente nesta fase): artigo citado no texto: 5. Recomenda-se leitura dedicada antes de usar como pratica de unidade.,Caderno Lei Maria da Penha - 800 ao 1000.pdf,24
914,2035405,FEPESE,Ass Soc (FCEE)/FCEE/2012,2012,"Conforme o artigo 5o da Lei Maria da Penha, configura violência doméstica e familiar contra a mulher qualquer ação ou omissão baseada no gên…",NEAR_DUPLICATE_REVISAR,861,,,NAO_IMPORTAR,baixa,"Similaridade 0.392 com questao existente id 861 (camada C_SIMILARIDADE); revisar antes de decidir NOVA ou JA_EXISTE.",Caderno Lei Maria da Penha - 800 ao 1000.pdf,24
915,1254877,CAIPIMES,Psic (Pref St André)/Pref Santo André/2012,2012,"A Lei “Maria da Penha” abarca em seu texto as diferentes formas de violência doméstica e familiar contra a mulher, dentre as quais se encont…",NOVA,,U1,,BANCO_GERAL_MISSAO_FINAL,baixa,Classificacao heuristica (nao lida individualmente nesta fase): vocabulario tematico (score 6): U1. Recomenda-se leitura dedicada antes de usar como pratica de unidade.,Caderno Lei Maria da Penha - 800 ao 1000.pdf,24
916,147619,CEBRASPE (CESPE),DP ES/DPE ES/2012,2012,"Com relação às disposições do ECA, da lei que trata da violência doméstica e familiar e da lei referente à lavagem de dinheiro, julgue o ite…",NOVA,,,,BANCO_GERAL_MISSAO_FINAL,baixa,"Nenhum sinal de artigo ou vocabulario tematico detectado automaticamente; nao lida individualmente nesta fase.",Caderno Lei Maria da Penha - 800 ao 1000.pdf,24
917,579386,FCC,ATB (SEE MG)/SEE MG/2012,2012,"De acordo com a Lei nº 1.340/2006, configura-se violência doméstica e familiar contra a mulher qualquer ação ou omissão baseada no gênero qu…",DUPLICATA_PDF,,,,NAO_IMPORTAR,,Enunciado (e alternativas) identico ao ja extraido do caderno 892 (TEC 1247791),Caderno Lei Maria da Penha - 800 ao 1000.pdf,25
918,432450,FCC,Sold (PM BA)/PM BA/2012,2012,"De acordo com a Lei nº 11 340, de 07/08/2006 (Lei Maria da Penha), no que concerne à violência doméstica e fa­miliar contra a mulher, a vigi…",NOVA,,U1,,BANCO_GERAL_MISSAO_FINAL,baixa,Classificacao heuristica (nao lida individualmente nesta fase): vocabulario tematico (score 2): U1. Recomenda-se leitura dedicada antes de usar como pratica de unidade.,Caderno Lei Maria da Penha - 800 ao 1000.pdf,25
919,1247793,FCC,ASPM (PM MG)/PM MG/2012,2012,"Uma mulher, vítima de violência doméstica que resultou em lesões irreversíveis a sua saúde, como paraplegia e outras sequelas, se transformo…",NOVA,,,,BANCO_GERAL_MISSAO_FINAL,baixa,"Nenhum sinal de artigo ou vocabulario tematico detectado automaticamente; nao lida individualmente nesta fase.",Caderno Lei Maria da Penha - 800 ao 1000.pdf,25
920,1254845,CAIPIMES,Psic (Pref St André)/Pref Santo André/2012,2012,"Para os efeitos da Lei Maria da Penha, configura-se violência doméstica e familiar contra a mulher qualquer ação ou omissão baseada no gêner…",NEAR_DUPLICATE_REVISAR,861,,,NAO_IMPORTAR,baixa,"Similaridade 0.459 com questao existente id 861 (camada C_SIMILARIDADE); revisar antes de decidir NOVA ou JA_EXISTE.",Caderno Lei Maria da Penha - 800 ao 1000.pdf,25
921,139609,OFFICIUM,JE TJRS/TJ RS/2012,2012,"Relativamente aos delitos de violência doméstica previstos na Lei nº 11.340/2006 (Lei Maria da Penha), considere as assertivas abaixo. I – A…",NOVA,,U1,,PRATICA_UNIDADE,alta,"Revisao manual completa: Assertivas corretas tratam do ambito familiar/domestico (art. 5º) e do publico protegido (mulher, nao crianca).",Caderno Lei Maria da Penha - 800 ao 1000.pdf,25
922,802381,FGR,GM (Pref Congonhas)/Pref Congonhas/2012,2012,"Com base na Lei 11.340/06, chamada de Lei Maria da Penha, marque a alternativa CORRETA:",NOVA,,U1,,BANCO_GERAL_MISSAO_FINAL,baixa,Classificacao heuristica (nao lida individualmente nesta fase): vocabulario tematico (score 6): U1. Recomenda-se leitura dedicada antes de usar como pratica de unidade.,Caderno Lei Maria da Penha - 800 ao 1000.pdf,26
923,1750994,Marinha,QT (Marinha)/Marinha/Serviço Social/2011,2011,"A Lei nº 11.340, de 07 de agosto de 2006, cria mecanismos para coibir a violência doméstica e familiar contra a mulher, estabelecendo em seu…",NOVA,,U1,,BANCO_GERAL_MISSAO_FINAL,baixa,Classificacao heuristica (nao lida individualmente nesta fase): vocabulario tematico (score 1): U1. Recomenda-se leitura dedicada antes de usar como pratica de unidade.,Caderno Lei Maria da Penha - 800 ao 1000.pdf,26
924,1020587,MS (SARMENTO),GM (Pref Pelotas)/Pref Pelotas/2011,2011,"Nos termos da Lei Federal nº 11.340/06 (Lei Maria da Penha), analise as proposições abaixo e assinale a alternativa CORRETA: I – Além da vio…",NOVA,,U1,,BANCO_GERAL_MISSAO_FINAL,baixa,Classificacao heuristica (nao lida individualmente nesta fase): vocabulario tematico (score 5): U1. Recomenda-se leitura dedicada antes de usar como pratica de unidade.,Caderno Lei Maria da Penha - 800 ao 1000.pdf,26
925,3255691,PRÓ-MUNICÍPIO,Soci (Pref Maracanaú)/Pref Maracanaú/2011,2011,"Para fins de aplicação da Lei Maria da Penha, não é forma de violência doméstica e familiar contra a mulher:",NOVA,,U1,,BANCO_GERAL_MISSAO_FINAL,baixa,Classificacao heuristica (nao lida individualmente nesta fase): vocabulario tematico (score 4): U1. Recomenda-se leitura dedicada antes de usar como pratica de unidade.,Caderno Lei Maria da Penha - 800 ao 1000.pdf,26
926,802944,FGR,GM (Pref Uberaba)/Pref Uberaba/2011,2011,A farmacêutica Maria da Penha Maia Fernandes foi homenageada com o vínculo de seu nome à lei 11.340. Ela foi agredida pelo marido durante se…,NOVA,,,,BANCO_GERAL_MISSAO_FINAL,media,"Revisao manual completa: Alternativa incorreta versa sobre competencia/escolha de foro (art. 15, U4); as demais verdadeiras tratam de violacao dos DH (U1) e providencia policial (U3).",Caderno Lei Maria da Penha - 800 ao 1000.pdf,26
927,2951436,COPS UEL,AgUniProf (UEL)/UEL/Cirurgião Dentista/2010,2010,"Leia o texto a seguir: A Lei nº 11.340/06 é chamada de Lei Maria da Penha em homenagem a Maria da Penha Maia Fernandes que, em maio e junho …",NOVA,,U1,,BANCO_GERAL_MISSAO_FINAL,baixa,Classificacao heuristica (nao lida individualmente nesta fase): vocabulario tematico (score 1): U1. Recomenda-se leitura dedicada antes de usar como pratica de unidade.,Caderno Lei Maria da Penha - 800 ao 1000.pdf,27
928,455025,CEBRASPE (CESPE),Of (PM DF)/PM DF/Especialista/Manutenção em Comunicações/2010,2010,"Com relação à Lei Maria da Penha, julgue o seguinte item. A violência doméstica e familiar contra a mulher constitui uma das formas de viola…",NOVA,,U1,,BANCO_GERAL_MISSAO_FINAL,baixa,Classificacao heuristica (nao lida individualmente nesta fase): vocabulario tematico (score 6): U1. Recomenda-se leitura dedicada antes de usar como pratica de unidade.,Caderno Lei Maria da Penha - 800 ao 1000.pdf,27
929,247646,FUNIVERSA,Ana MP (MPE GO)/MPE GO/Analista em Serviço Social/2010,2010,"A Lei Maria da Penha, criada em 2006, protege as mulheres da violência doméstica e representa um avanço na legislação brasileira. Entre as i…",NOVA,,U1,,BANCO_GERAL_MISSAO_FINAL,baixa,Classificacao heuristica (nao lida individualmente nesta fase): vocabulario tematico (score 4): U1. Recomenda-se leitura dedicada antes de usar como pratica de unidade.,Caderno Lei Maria da Penha - 800 ao 1000.pdf,27
930,2810408,FCC,Ag Pen (SEAP BA)/SEAP BA/2010,2010,"Dentre as formas de violência doméstica e familiar contra a mulher, expressamente previstas na Lei no 11.340/06, NÃO figura a violência",NOVA,,U1,,BANCO_GERAL_MISSAO_FINAL,baixa,Classificacao heuristica (nao lida individualmente nesta fase): vocabulario tematico (score 2): U1. Recomenda-se leitura dedicada antes de usar como pratica de unidade.,Caderno Lei Maria da Penha - 800 ao 1000.pdf,27
931,483451,ACAFE,Esc Pol (PC SC)/PC SC/2010,2010,"Assinale a alternativa correta que completa o enunciado a seguir: Para os efeitos da Lei n. 11.340, de 7 de agosto de 2006, configura violên…",NEAR_DUPLICATE_REVISAR,346,,,NAO_IMPORTAR,baixa,"Similaridade 0.438 com questao existente id 346 (camada C_SIMILARIDADE); revisar antes de decidir NOVA ou JA_EXISTE.",Caderno Lei Maria da Penha - 800 ao 1000.pdf,27
932,455024,CEBRASPE (CESPE),Of (PM DF)/PM DF/Administração/2010,2010,"Com relação à Lei Maria da Penha, julgue o seguinte item. Apenas o cônjuge ou companheiro podem ser considerados autores de violência domést…",NOVA,,,,BANCO_GERAL_MISSAO_FINAL,baixa,"Nenhum sinal de artigo ou vocabulario tematico detectado automaticamente; nao lida individualmente nesta fase.",Caderno Lei Maria da Penha - 800 ao 1000.pdf,28
933,490369,CRS (PM MG),Of (PM MG)/PM MG/Cadete/2010,2010,"Marque a alternativa CORRETA. A Lei 11.340, Lei Maria da Penha, que cria mecanismos para coibir a violência doméstica e familiar contra a mu…",NOVA,,U1,,BANCO_GERAL_MISSAO_FINAL,baixa,Classificacao heuristica (nao lida individualmente nesta fase): vocabulario tematico (score 3): U1. Recomenda-se leitura dedicada antes de usar como pratica de unidade.,Caderno Lei Maria da Penha - 800 ao 1000.pdf,28
934,1513998,FCC,Ass Jur (TJ PI)/TJ PI/Gabinete de Juiz de Entrância Final/2010,2010,"Considere: Ação ou omissão contra a mulher baseada no gênero que lhe cause morte, lesão corporal, sofrimento físico, sexual ou psicológico e…",NEAR_DUPLICATE_REVISAR,861,,,NAO_IMPORTAR,baixa,"Similaridade 0.5 com questao existente id 861 (camada C_SIMILARIDADE); revisar antes de decidir NOVA ou JA_EXISTE.",Caderno Lei Maria da Penha - 800 ao 1000.pdf,28
935,2723775,IDECAN,Educ (Pref Ipatinga)/Pref Ipatinga/Social/2010,2010,"A Lei nº 11.340, “Lei Maria da Penha”, cria mecanismos para coibir e prevenir a violência doméstica e familiar contra a mulher. A partir do …",NOVA,,U1,,BANCO_GERAL_MISSAO_FINAL,baixa,Classificacao heuristica (nao lida individualmente nesta fase): vocabulario tematico (score 3): U1. Recomenda-se leitura dedicada antes de usar como pratica de unidade.,Caderno Lei Maria da Penha - 800 ao 1000.pdf,28
936,814013,NUCEPE UESPI,Ana Min (MPE PI)/MPE PI/Saúde/Assistente Social/2009,2009,"A Lei nº 11.340/2006, ao criar mecanismos para coibir a violência doméstica e familiar contra a mulher, estabelece que violência doméstica c…",NOVA,,U1,,BANCO_GERAL_MISSAO_FINAL,baixa,Classificacao heuristica (nao lida individualmente nesta fase): vocabulario tematico (score 1): U1. Recomenda-se leitura dedicada antes de usar como pratica de unidade.,Caderno Lei Maria da Penha - 800 ao 1000.pdf,28
937,1714665,CCC IFCE,Ass Soc (IF CE)/IF CE/2009,2009,"O Art. 5º, das disposições gerais, Lei Maria da Penha, afirma que configura violência doméstica e familiar contra a mulher qualquer ação ou …",NOVA,,U1,5,BANCO_GERAL_MISSAO_FINAL,baixa,Classificacao heuristica (nao lida individualmente nesta fase): artigo citado no texto: 5. Recomenda-se leitura dedicada antes de usar como pratica de unidade.,Caderno Lei Maria da Penha - 800 ao 1000.pdf,29
938,1517396,FCC,AJ (TJ SE)/TJ SE/Psicologia/2009,2009,A Lei no 11.340/06 que cria mecanismos para coibir a violência doméstica e familiar contra a mulher prevê que,NOVA,,,,BANCO_GERAL_MISSAO_FINAL,baixa,"Nenhum sinal de artigo ou vocabulario tematico detectado automaticamente; nao lida individualmente nesta fase.",Caderno Lei Maria da Penha - 800 ao 1000.pdf,29
939,1850573,ITCO,Ass Soc (UFTM)/UFTM/2009,2009,"De acordo com a Lei 11.340, considera-se violência doméstica e familiar contra a mulher qualquer ação ou omissão praticada nos ambientes cit…",NEAR_DUPLICATE_REVISAR,346,,,NAO_IMPORTAR,baixa,"Similaridade 0.442 com questao existente id 346 (camada C_SIMILARIDADE); revisar antes de decidir NOVA ou JA_EXISTE.",Caderno Lei Maria da Penha - 800 ao 1000.pdf,29
940,433100,FUNDUNISUL,AJ (TJ PR)/TJ PR/Psicologia/2009,2009,"Assinale a alternativa incorreta, segundo o disposto na Lei 11.340/06.",NOVA,,U1,,BANCO_GERAL_MISSAO_FINAL,baixa,Classificacao heuristica (nao lida individualmente nesta fase): vocabulario tematico (score 5): U1. Recomenda-se leitura dedicada antes de usar como pratica de unidade.,Caderno Lei Maria da Penha - 800 ao 1000.pdf,29
941,435118,UNEMAT,Del Pol (PJC MT)/PJC MT/2009,2009,"Sobre a Lei Maria da Penha, é incorreto afirmar.",NOVA,,,,BANCO_GERAL_MISSAO_FINAL,media,"Revisao manual completa: Mistura escopo de aplicacao (namoro/homoafetivo, U1), competencia por local do crime e recurso ao TJ (U4).",Caderno Lei Maria da Penha - 800 ao 1000.pdf,30
942,1714489,CCC IFCE,Ass (IF CE)/IF CE/Alunos/2009,2009,"De acordo com a Lei 11.340/2006 (Lei Maria da Penha, art 7º), são formas de violência contra a mulher, entre outras, a violência",NOVA,,U1,7,BANCO_GERAL_MISSAO_FINAL,baixa,Classificacao heuristica (nao lida individualmente nesta fase): artigo citado no texto: 7. Recomenda-se leitura dedicada antes de usar como pratica de unidade.,Caderno Lei Maria da Penha - 800 ao 1000.pdf,30
943,24973,FGV,Adv (SEN)/SEN/2008,2008,"Relativamente à Lei Maria da Penha (11.340/2006), assinale a afirmativa incorreta.",NOVA,,,,BANCO_GERAL_MISSAO_FINAL,media,"Revisao manual completa: Alternativa incorreta versa sobre o rol do art. 5º/7º (U1); as demais alternativas verdadeiras tratam de medidas protetivas, vedacao de cesta basica e retratacao (arts. 17/20/22/16, U4).",Caderno Lei Maria da Penha - 800 ao 1000.pdf,30
944,686025,FCC,Prom Jus (MPE PE)/MPE PE/2008,2008,"A Lei Maria da Penha, Lei no 11.340/2006,",NOVA,,U1,,BANCO_GERAL_MISSAO_FINAL,baixa,Classificacao heuristica (nao lida individualmente nesta fase): vocabulario tematico (score 2): U1. Recomenda-se leitura dedicada antes de usar como pratica de unidade.,Caderno Lei Maria da Penha - 800 ao 1000.pdf,30
945,288217,CEBRASPE (CESPE),"AJ STJ/STJ/Judiciária/""Sem Especialidade""/2008",2008,"A respeito da prisão preventiva e com base no entendimento atual do STJ acerca dessa matéria, julgue o próximo item. A possibilidade real de…",NOVA,,U4,,PRATICA_UNIDADE,media,Revisao manual completa: Trata de fundamentacao da prisao preventiva do agressor (art. 20) a luz de jurisprudencia do STJ.,Caderno Lei Maria da Penha - 800 ao 1000.pdf,30
946,2184657,VUNESP,Prom Jus (MPE SP)/MPE SP/2008,2008,"Nos termos da Lei n.º 11.340/06 (Lei contra a violência doméstica e familiar contra a mulher), assinale a alternativa incorreta.",NOVA,,,,BANCO_GERAL_MISSAO_FINAL,baixa,"Nenhum sinal de artigo ou vocabulario tematico detectado automaticamente; nao lida individualmente nesta fase.",Caderno Lei Maria da Penha - 800 ao 1000.pdf,30
947,490131,CRS (PM MG),Of (PM MG)/PM MG/Cadete/2007,2007,"A Lei nº 11.340, de 07 de Agosto de 2006, cria mecanismos para coibir a violência doméstica e familiar contra a mulher, nos termos do § 8º d…",NOVA,,U1,,PRATICA_UNIDADE,alta,"Revisao manual completa: Correta trata de violencia moral (art. 7º, V); as demais alternativas (falsas) tocam procedimentos apenas como distratores isolados.",Caderno Lei Maria da Penha - 800 ao 1000.pdf,31
948,1060353,INSTITUTO OPET,Asst (CM Curitiba)/CM Curitiba/Social/2007,2007,"Com relação à Lei Maria da Penha em seu art. 7o. , encontramos a definição do que são formas de violência doméstica e familiar contra a mulh…",NOVA,,U1,7,BANCO_GERAL_MISSAO_FINAL,baixa,Classificacao heuristica (nao lida individualmente nesta fase): artigo citado no texto: 7. Recomenda-se leitura dedicada antes de usar como pratica de unidade.,Caderno Lei Maria da Penha - 800 ao 1000.pdf,31
949,3848096,CPCON UEPB,ASoc (Pref Malta)/Pref Malta/2026,2026,"A assistência à mulher em situação de violência doméstica e familiar, conforme previsto na Lei nº 11.340/2006 (Lei Maria da Penha), constitu…",NOVA,,U2,,PRATICA_UNIDADE,media,"Revisao manual completa: Correta trata de dispositivos de seguranca para monitoramento de vitimas com custo do agressor, no mesmo territorio do art. 9º ja usado na curadoria anterior (questao 344).",Caderno Lei Maria da Penha - 800 ao 1000.pdf,31
950,3803406,FGV,Del Pol (PC PI)/PC PI/2026,2026,"A Lei Maria da Penha criou mecanismos para coibir e prevenir a violência doméstica e familiar contra a mulher, nos termos da Constituição Fe…",NOVA,,U2,,PRATICA_UNIDADE,alta,Revisao manual completa: Todas as alternativas sao diretrizes do art. 8º (a incorreta distorce o inciso IX sobre curriculo escolar).,Caderno Lei Maria da Penha - 800 ao 1000.pdf,31
951,3818504,FUNDATEC,GM (Pref Araquari)/Pref Araquari/2026,2026,São condutas que deverão ser adotadas pela autoridade policial de imediato em todos os casos de violência doméstica e familiar contra a mulh…,JA_EXISTE,671,,,NAO_IMPORTAR,alta,"Camada A_TEC_ID; ja existe no banco como questao id 671.",Caderno Lei Maria da Penha - 800 ao 1000.pdf,32
952,3818507,FUNDATEC,GM (Pref Araquari)/Pref Araquari/2026,2026,"Considerando as disposições Lei nº 11.340/2006 (Lei Maria da Penha), assinale a alternativa correta.",JA_EXISTE,672,,,NAO_IMPORTAR,alta,"Camada A_TEC_ID; ja existe no banco como questao id 672.",Caderno Lei Maria da Penha - 800 ao 1000.pdf,32
953,3818518,FUNDATEC,GM (Pref Araquari)/Pref Araquari/2026,2026,"Considerando as disposições da Lei Maria da Penha, assinale a alternativa correta.",JA_EXISTE,673,,,NAO_IMPORTAR,alta,"Camada A_TEC_ID; ja existe no banco como questao id 673.",Caderno Lei Maria da Penha - 800 ao 1000.pdf,32
954,3801270,FUNDATEC,Enf (Pref Agudo)/Pref Agudo/2026,2026,"Ao tomar conhecimento da prática de violência doméstica e familiar contra a mulher, a autoridade policial deverá adotar providências imediat…",NOVA,,U3,,PRATICA_UNIDADE,alta,Revisao manual completa: Correta trata de providencia imediata da autoridade policial: informar direitos e servicos (art. 11).,Caderno Lei Maria da Penha - 800 ao 1000.pdf,32
955,3791633,Instituto AOCP,Pol Pen (DEPEN MG)/DEPEN MG/2026,2026,"Em municipio que nao e sede de comarca, Bruna aciona a policia as 2h30min, relatando que seu companheiro, embriagado, a ameaçou de morte e q…",NOVA,,U3,,PRATICA_UNIDADE,alta,Revisao manual completa: Correta trata do afastamento do agressor pelo policial quando nao ha delegado disponivel (art. 12-C).,Caderno Lei Maria da Penha - 800 ao 1000.pdf,32
956,3771993,Unifil,Psi (Pref Amélia)/Pref Amélia/II/2026,2026,A Lei Maria da Penha prevê que o agressor pode ser afastado do lar quando,NOVA,,U4,,PRATICA_UNIDADE,baixa,"Revisao manual completa: Enunciado generico sobre afastamento do agressor por risco atual/iminente nao especifica se e a hipotese judicial (art. 22) ou policial (art. 12-C); mantido em U4 por ser a formulacao mais proxima da medida protetiva judicial padrao.",Caderno Lei Maria da Penha - 800 ao 1000.pdf,33
957,4042000,CEBRASPE (CESPE),Alun Of (PM DF)/PM DF/2026,2026,"De acordo com a Lei Maria da Penha, assinale a opção correta.",NOVA,,U3,,PRATICA_UNIDADE,alta,"Revisao manual completa: Correta trata de colher provas como providencia imediata da autoridade policial (art. 11, I).",Caderno Lei Maria da Penha - 800 ao 1000.pdf,33
958,3949276,IBFC,Prof (SEC BA)/SEC BA/Orientador de Estágio em Saúde/Enfermagem/2026,2026,A Lei Maria da Penha traz em seu rol diversos mecanismos de assistência e proteção às mulheres vítimas de violência doméstica ou familiar. D…,NEAR_DUPLICATE_REVISAR,134,,,NAO_IMPORTAR,baixa,"Similaridade 0.379 com questao existente id 134 (camada C_SIMILARIDADE); revisar antes de decidir NOVA ou JA_EXISTE.",Caderno Lei Maria da Penha - 800 ao 1000.pdf,33
959,3986713,FCC,Ana (MPE AL)/MPE AL/Assistência Social/2026,2026,"No atendimento à mulher em situação de violência doméstica e familiar, a autoridade policial deverá, entre outras providências:",NEAR_DUPLICATE_REVISAR,779,,,NAO_IMPORTAR,baixa,"Similaridade 0.486 com questao existente id 779 (camada C_SIMILARIDADE); revisar antes de decidir NOVA ou JA_EXISTE.",Caderno Lei Maria da Penha - 800 ao 1000.pdf,33
960,3917671,Instituto Verbena,ASoc (UFSCAR)/UFSCAR/2026,2026,A Lei Maria da Penha (Lei nº 11.340/2006) estabelece que a assistência à mulher em situação de violência doméstica e familiar deve ser prest…,NOVA,,U2,,PRATICA_UNIDADE,alta,"Revisao manual completa: Correta trata do acesso a beneficios do desenvolvimento cientifico e tecnologico (art. 9º, §1º).",Caderno Lei Maria da Penha - 800 ao 1000.pdf,33
961,3803957,FGV,Of Inv Pol (PC PI)/PC PI/2026,2026,"Maria, residente e domiciliada no diminuto Município Alfa, vem sendo vítima de frequentes agressões perpetradas pelo seu companheiro Caio. R…",NOVA,,U3,,PRATICA_UNIDADE,alta,"Revisao manual completa: Correta reproduz a cascata de autoridades do art. 12-C (judicial > delegado > policial, conforme sede de comarca).",Caderno Lei Maria da Penha - 800 ao 1000.pdf,34
962,3475690,CEBRASPE (CESPE),Tec SS (CAESB)/CAESB/Técnico de Edificações/2025,2025,"Segundo a Lei Maria da Penha (Lei n.º 11.340/2006), em caso de risco atual ou iminente à vida ou à integridade física ou psicológica da mulh…",NOVA,,U3,,PRATICA_UNIDADE,alta,Revisao manual completa: Correta trata do afastamento pelo delegado quando o municipio nao e sede de comarca (art. 12-C).,Caderno Lei Maria da Penha - 800 ao 1000.pdf,34
963,3542689,IBADE,ASoc EEC (Pref Rolim de Moura)/Pref Rolim de Moura/2025,2025,"De acordo com o Art. 11 da Lei Maria da Penha, quais providências devem ser adotadas pela autoridade policial no atendimento à mulher em sit…",NEAR_DUPLICATE_REVISAR,671,,,NAO_IMPORTAR,baixa,"Similaridade 0.494 com questao existente id 671 (camada C_SIMILARIDADE); revisar antes de decidir NOVA ou JA_EXISTE.",Caderno Lei Maria da Penha - 800 ao 1000.pdf,34
964,3342557,Instituto Consulplan,Ass Soc (Pref Carangola)/Pref Carangola/2025,2025,"A Lei Maria da Penha, Lei Federal nº 11.340/2006, cria mecanismos para coibir a violência doméstica e familiar contra a mulher. Tendo em vis…",NOVA,,U3,,PRATICA_UNIDADE,alta,"Revisao manual completa: Correta trata da providencia imediata da autoridade policial (art. 11, caput).",Caderno Lei Maria da Penha - 800 ao 1000.pdf,34
965,3462034,AVANÇASP,Psic (FUSAM)/FUSAM/Sem Área/2025,2025,"De acordo com a legislação vigente, aquele que, por ação ou omissão, causar lesão, violência física, sexual ou psicológica, e dano moral ou …",NOVA,,U2,,PRATICA_UNIDADE,media,"Revisao manual completa: Correta trata do ressarcimento ao SUS pelos custos do atendimento a vitima, territorio de assistencia do art. 9º.",Caderno Lei Maria da Penha - 800 ao 1000.pdf,34
966,3606498,CEBRASPE (CESPE),AJ (TJ PA)/TJ PA/Serviço Social/2025,2025,"Com fundamento na Lei n.º 11.340/2006 (Lei Maria da Penha), julgue o item subsequente. É assegurada à mulher em situação de violência domést…",NOVA,,,,BANCO_GERAL_MISSAO_FINAL,baixa,"Nenhum sinal de artigo ou vocabulario tematico detectado automaticamente; nao lida individualmente nesta fase.",Caderno Lei Maria da Penha - 800 ao 1000.pdf,35
967,3891844,Instituto AVALIA,Elet (Pref Porto Alegre)/Pref Porto Alegre/2025,2025,"De acordo com a Lei Maria da Penha (Lei nº 11.340/2006), após o registro da ocorrência de violência doméstica e familiar contra a mulher, a …",NOVA,,U3,,PRATICA_UNIDADE,alta,"Revisao manual completa: Correta trata de ouvir a ofendida e lavrar o boletim de ocorrencia (art. 11, I).",Caderno Lei Maria da Penha - 800 ao 1000.pdf,35
968,3606496,CEBRASPE (CESPE),AJ (TJ PA)/TJ PA/Serviço Social/2025,2025,"Com fundamento na Lei n.º 11.340/2006 (Lei Maria da Penha), julgue o item subsequente. A identificação de perigos iminentes para as vítimas …",NOVA,,,,BANCO_GERAL_MISSAO_FINAL,baixa,"Nenhum sinal de artigo ou vocabulario tematico detectado automaticamente; nao lida individualmente nesta fase.",Caderno Lei Maria da Penha - 800 ao 1000.pdf,35
969,3452342,FUNDATEC,ACS (Pref Sarandi (RS))/Pref Sarandi (RS)/2025,2025,"Analise as seguintes asserções e a relação proposta entre elas, tendo por referência a Lei no 11.340/2006, Lei Maria da Penha: I. A política…",NOVA,,U2,,PRATICA_UNIDADE,alta,"Revisao manual completa: Assercao II verdadeira trata da capacitacao permanente das policias/guarda (art. 8º, VII); assercao I e uma distorcao do mesmo artigo.",Caderno Lei Maria da Penha - 800 ao 1000.pdf,35
970,3605442,Legatus,GCM (Pref Piripiri)/Pref Piripiri/2025,2025,"A Lei Federal nº 11.340, de 7 de agosto de 2006, conhecida como Lei Maria da Penha, estabelece disposições sobre a assistência à mulher em s…",NOVA,,U3+U4,,PRATICA_UNIDADE,alta,"Revisao manual completa: Itens corretos combinam afastamento pelo policial (art. 12-C, U3) e alteracao do CPP para prisao preventiva + independencia das medidas protetivas (arts. 20/19, U4).",Caderno Lei Maria da Penha - 800 ao 1000.pdf,35
971,3719812,CEV URCA,ASoc (Pref L Mangabeira)/Pref L Mangabeira/2025,2025,"(PMLM/URCA 2025) A lei Nº 11.340, de 7 de agosto de 2006 - cria mecanismos para coibir a violência doméstica e familiar contra a mulher, nos…",NOVA,,U3,"10-A;10",PRATICA_UNIDADE,alta,Revisao manual completa: Explicitamente sobre o art. 10-A: diretrizes de inquiricao da ofendida.,Caderno Lei Maria da Penha - 800 ao 1000.pdf,36
972,3675819,FUNDATEC,ASoc (Estância V)/Pref Estância Velha/2025,2025,"A violência contra a mulher vem sendo amplamente estudada pela sociedade brasileira, tendo motivado a formulação e implementação de política…",NOVA,,U2,,PRATICA_UNIDADE,alta,"Revisao manual completa: Alternativa correta (a excluir) nao consta no rol de diretrizes do art. 8º; as demais sao incisos reais do mesmo artigo.",Caderno Lei Maria da Penha - 800 ao 1000.pdf,36
973,3559254,COGEPS UNIOESTE,GCM (Pref SM do Iguaçu)/Pref SM do Iguaçu/2025,2025,"Com base na literalidade da Lei Federal nº 11.340 de 2006, uma das diretrizes da política pública que visa coibir a violência doméstica e …",PROBLEMATICA,,,,NAO_IMPORTAR,,"Gabarito diverge de outra ocorrencia identica no mesmo lote de PDFs (ver par correspondente); nao importar sem confirmar gabarito correto.",Caderno Lei Maria da Penha - 800 ao 1000.pdf,36
974,3718860,CEV URCA,ASoc (Pref L Mangabeira)/Pref L Mangabeira/2025,2025,"(PMLM/URCA 2025) A lei nº 11.340, de 7 de agosto de 2006 - cria mecanismos para coibir a violência doméstica e familiar contra a mulher no t…",NOVA,,U2,"8-A;8",PRATICA_UNIDADE,alta,"Revisao manual completa: Explicitamente sobre art. 8º/9º; a incorreta mistura conteudo do art. 9º, §1º na lista de diretrizes do art. 8º.",Caderno Lei Maria da Penha - 800 ao 1000.pdf,36
975,3237914,CEBRASPE (CESPE),AAAPC (PC DF)/PC DF/Agente Administrativo/2025,2025,"Julgue o item a seguir, considerando as disposições da Lei Maria da Penha (Lei n.º 11.340/2006). Em todos os casos de violência doméstica e …",NOVA,,U3,,PRATICA_UNIDADE,alta,Revisao manual completa: Julga (falsamente) que ouvir o agressor e providencia imediata obrigatoria do art. 11.,Caderno Lei Maria da Penha - 800 ao 1000.pdf,15
976,3339061,FAFIPA,GCM (Pref Araucária)/Pref Araucária/2025,2025,"A respeito da Lei nº 11.340/2006, mais conhecida como Lei Maria da Penha, assinale a alternativa INCORRETA.",NOVA,,,,BANCO_GERAL_MISSAO_FINAL,media,"Revisao manual completa: Alternativa incorreta versa sobre prazo da autoridade policial (art. 11, U3); as demais verdadeiras tratam de prisao preventiva (U4), interpretacao da lei e violacao dos DH (U1) e cadastro assistencial (U2).",Caderno Lei Maria da Penha - 800 ao 1000.pdf,15
977,3750104,FUNDATEC,Of Adm (Pref Soledade (RS))/Pref Soledade (RS)/2025,2025,"A Lei Maria da Penha estabelece que o atendimento à mulher vítima de violência deve ocorrer de forma humanizada, o que significa que o(a)",NOVA,,,,BANCO_GERAL_MISSAO_FINAL,baixa,"Nenhum sinal de artigo ou vocabulario tematico detectado automaticamente; nao lida individualmente nesta fase.",Caderno Lei Maria da Penha - 800 ao 1000.pdf,15
978,3749611,UNESC,Ped Edu (Pref Três Barras)/Pref Três Barras/Assistência Social/2025,2025,A Lei nº 11.340/2006 (Lei Maria da Penha) define a violência doméstica e familiar contra a mulher como qualquer ação ou omissão baseada no g…,NOVA,,U1,,BANCO_GERAL_MISSAO_FINAL,baixa,Classificacao heuristica (nao lida individualmente nesta fase): vocabulario tematico (score 4): U1. Recomenda-se leitura dedicada antes de usar como pratica de unidade.,Caderno Lei Maria da Penha - 800 ao 1000.pdf,15
979,3446373,FUNDATEC,Sold (BM RS)/BM RS/2025,2025,"Considerando o disposto na Lei nº 11.340/2006 (conhecida como Lei Maria da Penha), assinale a alternativa INCORRETA.",JA_EXISTE,51,,,NAO_IMPORTAR,alta,"Camada B_ENUNCIADO_EXATO; ja existe no banco como questao id 51.",Caderno Lei Maria da Penha - 800 ao 1000.pdf,38
980,3345653,CEBRASPE (CESPE),AJ TRT10/TRT 10/Apoio Especializado/Serviço Social/2025,2025,"Com base na Lei Maria da Penha (Lei n.º 11.340/2006), julgue o item seguinte. Após o registro da ocorrência de um caso de violência doméstic…",NOVA,,U3,,PRATICA_UNIDADE,alta,"Revisao manual completa: Julga (falsamente) a discricionariedade da autoridade policial sobre ouvir o agressor, testando o art. 11.",Caderno Lei Maria da Penha - 800 ao 1000.pdf,38
981,3749202,EDUCA PB,GCM (Pref Santa Cecília)/Pref Sta Cecília PB/2025,2025,"A respeito do art. 12 da Lei nº 11.340 de 2006 (Lei Maria da Penha), nos casos de violência doméstica e familiar contra a mulher, feito o re…",NOVA,,U3,12,PRATICA_UNIDADE,alta,Revisao manual completa: Explicitamente sobre o art. 12: prazo de 48 horas para remeter expediente ao juiz.,Caderno Lei Maria da Penha - 800 ao 1000.pdf,38
982,3500155,CEBRASPE (CESPE),Psic (PF)/PF/Clínico/2025,2025,"Com base no disposto na Lei n.º 11.340/2006 (Lei Maria da Penha), julgue o item a seguir. Para fins de assistência à mulher em situação de v…",NOVA,,U2,,PRATICA_UNIDADE,alta,"Revisao manual completa: Julga (falsamente) a redacao da diretriz de integracao operacional do art. 8º, I.",Caderno Lei Maria da Penha - 800 ao 1000.pdf,38
983,3674860,Marinha,QT (Marinha)/Marinha/Serviço Social/2025,2025,"Com base na Lei nº 11.340/2008, que cria mecanismos para coibir a violência doméstica e familiar contra a mulher, é correto afirmar que:",NOVA,,U3,,PRATICA_UNIDADE,alta,Revisao manual completa: Correta reproduz a cascata de autoridades do art. 12-C.,Caderno Lei Maria da Penha - 800 ao 1000.pdf,38
984,3417035,VUNESP,Adv CREAS (Pref Itapevi)/Pref Itapevi/2025,2025,"Joana é médica e possui vínculo trabalhista formalizado com o Hospital Infantil Julieta. Na última sexta-feira, enquanto trabalhava no plant…",NOVA,,U2+U3,,PRATICA_UNIDADE,media,"Revisao manual completa: Correta trata de ressarcimento ao SUS (art. 9º, U2); distratores testam art. 10-A/11/12-C (U3) com peso substancial.",Caderno Lei Maria da Penha - 800 ao 1000.pdf,39
985,3597170,IBAM,GCM (S Vicente)/Pref São Vicente/2025,2025,"A Lei Maria da Penha estabelece diretrizes para uma política pública de enfrentamento à violência doméstica e familiar contra a mulher, com …",NOVA,,U2,,PRATICA_UNIDADE,alta,"Revisao manual completa: Todos os itens giram em torno das diretrizes do art. 8º (integracao, mediacao vedada, articulacao obrigatoria, capacitacao).",Caderno Lei Maria da Penha - 800 ao 1000.pdf,39
986,3764647,CEV UECE,GCM (Pref Tauá)/Pref Tauá/2025,2025,Verificada a existência de risco atual ou iminente à vida ou à integridade física ou psicológica da mulher em situação de violência doméstic…,NOVA,,,,BANCO_GERAL_MISSAO_FINAL,baixa,"Nenhum sinal de artigo ou vocabulario tematico detectado automaticamente; nao lida individualmente nesta fase.",Caderno Lei Maria da Penha - 800 ao 1000.pdf,39
987,3416961,VUNESP,Adv CREAS (Pref Itapevi)/Pref Itapevi/2025,2025,Assinale a alternativa que está de acordo com a Lei Maria da Penha:,NOVA,,U2,,PRATICA_UNIDADE,alta,"Revisao manual completa: Correta trata da manutencao do vinculo trabalhista por ate seis meses (art. 9º, §2º).",Caderno Lei Maria da Penha - 800 ao 1000.pdf,39
988,3623830,FUNDATEC,Ag Adm Sau (Pref Lajeado)/Pref Lajeado (RS)/2025,2025,"Com base na Lei Maria da Penha, analise as assertivas abaixo, assinalando V, se verdadeiras, ou F, se falsas. ( ) A mulher em situação de vi…",NEAR_DUPLICATE_REVISAR,40,,,NAO_IMPORTAR,baixa,"Similaridade 0.361 com questao existente id 40 (camada C_SIMILARIDADE); revisar antes de decidir NOVA ou JA_EXISTE.",Caderno Lei Maria da Penha - 800 ao 1000.pdf,40
989,3407939,CEBRASPE (CESPE),Ana (EMBRAPA)/EMBRAPA/Gestão de Pessoas/Saúde Ocupacional/2025,2025,"Com base nas disposições da lei que disciplina o Sistema Nacional de Políticas Públicas sobre Drogas e da Lei Maria da Penha, julgue o item …",NOVA,,U3,,PRATICA_UNIDADE,alta,"Revisao manual completa: Julga (falsamente) que o afastamento do agressor e competencia exclusiva da autoridade judicial, ignorando a hipotese policial do art. 12-C.",Caderno Lei Maria da Penha - 800 ao 1000.pdf,40
990,3852897,FUNDATEC,OGM (Pref Imbé)/Pref Imbé/2025,2025,"Eduarda, vítima de violência doméstica, sofreu lesões que a levaram a buscar atendimento médico emergencial no SUS. Após o tratamento, surgi…",NOVA,,,,BANCO_GERAL_MISSAO_FINAL,baixa,"Nenhum sinal de artigo ou vocabulario tematico detectado automaticamente; nao lida individualmente nesta fase.",Caderno Lei Maria da Penha - 800 ao 1000.pdf,40
991,3449577,Instituto AOCP,Ana MP (MPE RS)/MPE RS/Serviço Social/2025,2025,"Ana Paula, servidora pública de órgão estadual, procurou o Ministério Público para denunciar situação de violência doméstica cometida pelo c…",NOVA,,U2,,PRATICA_UNIDADE,alta,"Revisao manual completa: Correta trata de remocao prioritaria de servidora publica (art. 9º, §2º, I).",Caderno Lei Maria da Penha - 800 ao 1000.pdf,40
992,3399155,FGV,Ana MPU/MPU/Serviço Social/2025,2025,"Ruth foi obrigada a mudar de cidade devido aos vários episódios de violência física e psicológica praticados por seu marido. Na nova cidade,…",NOVA,,U2,,PRATICA_UNIDADE,alta,Revisao manual completa: Correta trata de matricula prioritaria em educacao basica (art. 9º).,Caderno Lei Maria da Penha - 800 ao 1000.pdf,41
993,3559251,COGEPS UNIOESTE,GCM (Pref SM do Iguaçu)/Pref SM do Iguaçu/2025,2025,"Com base na literalidade da Lei Federal nº 11.340 de 2006, uma das diretrizes da política pública que visa coibir a violência doméstica e …",PROBLEMATICA,,,,NAO_IMPORTAR,,"Par de questoes com enunciado e alternativas identicos ao caderno 973 (TEC 3559254), mas gabarito oficial diverge (973=A vs 993=C). Nao importar sem confirmar gabarito correto na fonte oficial do concurso.",Caderno Lei Maria da Penha - 800 ao 1000.pdf,41
994,3390467,Fênix Instituto,Ass Soc Edu (Pref Agrolândia)/Pref Agrolândia/2025,2025,"Segundo a Lei Maria da Penha, a política pública que visa coibir a violência doméstica e familiar contra a mulher far-se-á por meio de um co…",NOVA,,U2,,PRATICA_UNIDADE,alta,"Revisao manual completa: Alternativa incorreta distorce uma diretriz do art. 8º (""restrito"" em vez de ""irrestrito"" respeito).",Caderno Lei Maria da Penha - 800 ao 1000.pdf,41
995,3364927,OBJETIVA CONCURSOS,Ag (Pref Gramado)/Pref Gramado/Comunitário de Saúde/2025,2025,"Em conformidade com a Lei nº 11.340/2006 − Lei Maria da Penha, a assistência à mulher em situação de violência doméstica e familiar compreen…",NOVA,,U2,,PRATICA_UNIDADE,alta,"Revisao manual completa: Alternativa incorreta (""profilaxia da trombose"") nao consta do rol do art. 9º, §1º.",Caderno Lei Maria da Penha - 800 ao 1000.pdf,41
996,3746930,EDUCA PB,Ass (Pref Santa Cecília)/Pref Sta Cecília PB/Sala/2025,2025,"De acordo com o art. 9º, § 2º da Lei nº 11.340/2006 – Lei Maria da Penha, O juiz assegurará à mulher em situação de violência doméstica e fa…",PROBLEMATICA,,,,NAO_IMPORTAR,,"Erro de extracao do PDF: um fragmento da alternativa (d) (""divorcio, de anulacao de"") vazou para o final da alternativa (a), e a alternativa (d) ficou incompleta (""...de casamento..."" sem o trecho que deveria vir antes). Precisa ser corrigida manualmente contra o PDF original antes de importar.",Caderno Lei Maria da Penha - 800 ao 1000.pdf,41
997,3746791,FGV,Ana Leg (ALEAM)/ALEAM/Psicólogo/2025,2025,"As professoras Célia e Rosana, que lecionam português e história em turmas do 6° e 7° anos do ensino fundamental II da Escola Alegria Cotidi…",NOVA,,U1,,BANCO_GERAL_MISSAO_FINAL,baixa,Classificacao heuristica (nao lida individualmente nesta fase): vocabulario tematico (score 1): U1. Recomenda-se leitura dedicada antes de usar como pratica de unidade.,Caderno Lei Maria da Penha - 800 ao 1000.pdf,42
998,3746495,FGV,Ana Leg (ALEAM)/ALEAM/Psicólogo/2025,2025,"Berenice, 40 anos, servidora pública estadual, tem sofrido ameaças e perseguição pelo ex-marido, que não aceita a separação. Avalie se a Lei…",NOVA,,,,BANCO_GERAL_MISSAO_FINAL,baixa,"Nenhum sinal de artigo ou vocabulario tematico detectado automaticamente; nao lida individualmente nesta fase.",Caderno Lei Maria da Penha - 800 ao 1000.pdf,42
999,3484028,CPCON UEPB,ASoc (Pref Nazarezinho)/Pref Nazarezinho/2025,2025,"Antônia é uma mulher que sofria há três anos violência doméstica e familiar por parte de seu companheiro, pai de seus três filhos pequenos, …",NOVA,,U2,,PRATICA_UNIDADE,alta,Revisao manual completa: Correta trata de matricula prioritaria com apresentacao de documentos comprobatorios (art. 9º).,Caderno Lei Maria da Penha - 800 ao 1000.pdf,42