caderno_numero,tec_id,banca,concurso,ano,gabarito,enunciado_resumo,status_comparacao,questao_existente_id,unidade,artigos,uso_pedagogico,confianca,motivo,arquivo_origem,pagina
1,3819252,FAU UNICENTRO,ASoc (Pref Marmeleiro)/Pref Marmeleiro,2026,E,"A Lei nº 11.340/2006, Lei Maria da Penha cria mecanismos para coibir a violência doméstica e familiar contra a mulher. Sobre o tema, marque a alternat…",PENDENTE_COMPARACAO_SUPABASE,,U1,1º a 4º da Lei nº 11.340/2006,BANCO_GERAL_MISSAO_FINAL,baixa,"Classificacao heuristica a partir do cabecalho de classificacao do TEC (arts. 1º a 4º da Lei nº 11.340/2006), integralmente dentro do intervalo de U1 (arts. 1o-7o). Nao lida individualmente nesta fase. Recomenda-se leitura dedicada antes de usar como pratica de unidade.",Caderno Lei Maria da Penha - 1 ao 200.pdf,1
2,3767196,FUNDATEC,ACS (Pref Coqueiral)/Pref Coqueiral/PSF I,2026,C,"Diariamente, são noticiadas situações de violência envolvendo mulheres. Nesse cenário, os profissionais de saúde, principalmente os que atuam na atenç…",PENDENTE_COMPARACAO_SUPABASE,,U1,1º a 4º da Lei nº 11.340/2006,BANCO_GERAL_MISSAO_FINAL,baixa,"Classificacao heuristica a partir do cabecalho de classificacao do TEC (arts. 1º a 4º da Lei nº 11.340/2006), integralmente dentro do intervalo de U1 (arts. 1o-7o). Nao lida individualmente nesta fase. Recomenda-se leitura dedicada antes de usar como pratica de unidade.",Caderno Lei Maria da Penha - 1 ao 200.pdf,1
3,3848260,CPCON UEPB,Ori Soc (Pref Malta)/Pref Malta,2026,E,"Uma mulher de 43 anos, vítima de violência doméstica há 15 anos, procurou a delegacia para fazer um boletim de ocorrência após sofrer agressões física…",PENDENTE_COMPARACAO_SUPABASE,,U1,1º a 4º da Lei nº 11.340/2006,BANCO_GERAL_MISSAO_FINAL,baixa,"Classificacao heuristica a partir do cabecalho de classificacao do TEC (arts. 1º a 4º da Lei nº 11.340/2006), integralmente dentro do intervalo de U1 (arts. 1o-7o). Nao lida individualmente nesta fase. Recomenda-se leitura dedicada antes de usar como pratica de unidade.",Caderno Lei Maria da Penha - 1 ao 200.pdf,1
4,3342884,Instituto Consulplan,Aux (Pref Carangola)/Pref Carangola/Serviços Públicos,2025,A,"Sobre a Lei Maria da Penha, Lei nº 11.340/2006, que completou 18 anos em agosto de 2024, assinale a afirmativa INCORRETA.",PENDENTE_COMPARACAO_SUPABASE,,U1,1º a 4º da Lei nº 11.340/2006,BANCO_GERAL_MISSAO_FINAL,baixa,"Classificacao heuristica a partir do cabecalho de classificacao do TEC (arts. 1º a 4º da Lei nº 11.340/2006), integralmente dentro do intervalo de U1 (arts. 1o-7o). Nao lida individualmente nesta fase. Recomenda-se leitura dedicada antes de usar como pratica de unidade.",Caderno Lei Maria da Penha - 1 ao 200.pdf,1
5,3621966,FUNDATEC,Aux SG (Pref N Alvorada (RS))/Pref N Alvorada (RS),2025,A,"Pamela, estudante de Direito, estava preparando uma apresentação sobre a Lei Maria da Penha. Após estudar a legislação e seus fundamentos, ela conclui…",PENDENTE_COMPARACAO_SUPABASE,,U1,1º a 4º da Lei nº 11.340/2006,BANCO_GERAL_MISSAO_FINAL,baixa,"Classificacao heuristica a partir do cabecalho de classificacao do TEC (arts. 1º a 4º da Lei nº 11.340/2006), integralmente dentro do intervalo de U1 (arts. 1o-7o). Nao lida individualmente nesta fase. Recomenda-se leitura dedicada antes de usar como pratica de unidade.",Caderno Lei Maria da Penha - 1 ao 200.pdf,1
6,3564236,IGEDUC,ASoc (Pref Japaratinga)/Pref Japaratinga,2025,A,"Conforme o art. 2º da Lei nº 11.340/2006, assinale a alternativa CORRETA sobre os direitos garantidos às mulheres:",PENDENTE_COMPARACAO_SUPABASE,,U1,1º a 4º da Lei nº 11.340/2006,BANCO_GERAL_MISSAO_FINAL,baixa,"Classificacao heuristica a partir do cabecalho de classificacao do TEC (arts. 1º a 4º da Lei nº 11.340/2006), integralmente dentro do intervalo de U1 (arts. 1o-7o). Nao lida individualmente nesta fase. Recomenda-se leitura dedicada antes de usar como pratica de unidade.",Caderno Lei Maria da Penha - 1 ao 200.pdf,2
7,3688964,FUNDATEC,Prof (Pref Montenegro)/Pref Montenegro/Área I,2025,B,"Considerando as disposições da Lei nº 11.340/2006 (Lei Maria da Penha) analise as assertivas abaixo e assinale V, se verdadeiras, ou F, se falsas. ( )…",PENDENTE_COMPARACAO_SUPABASE,,U1,1º a 4º da Lei nº 11.340/2006,BANCO_GERAL_MISSAO_FINAL,baixa,"Classificacao heuristica a partir do cabecalho de classificacao do TEC (arts. 1º a 4º da Lei nº 11.340/2006), integralmente dentro do intervalo de U1 (arts. 1o-7o). Nao lida individualmente nesta fase. Recomenda-se leitura dedicada antes de usar como pratica de unidade.",Caderno Lei Maria da Penha - 1 ao 200.pdf,2
8,3486848,FUNDATEC,Sold Bomb (CBM RS)/CBM RS,2025,C,"Para responder a questão, considere a Lei nº 11.340/2006 (conhecida como Lei Maria da Penha). Considerando o previsto na referida Lei, analise as segu…",PENDENTE_COMPARACAO_SUPABASE,,U1,1º a 4º da Lei nº 11.340/2006,BANCO_GERAL_MISSAO_FINAL,baixa,"Classificacao heuristica a partir do cabecalho de classificacao do TEC (arts. 1º a 4º da Lei nº 11.340/2006), integralmente dentro do intervalo de U1 (arts. 1o-7o). Nao lida individualmente nesta fase. Recomenda-se leitura dedicada antes de usar como pratica de unidade.",Caderno Lei Maria da Penha - 1 ao 200.pdf,2
9,3693352,FUNATEC,Vig (Pref J Vieiras)/Pref J Vieiras,2025,B,A Lei Maria da Penha (Lei nº 11.340/2006) é um importante instrumento de combate à violência contra:,PENDENTE_COMPARACAO_SUPABASE,,U1,1º a 4º da Lei nº 11.340/2006,BANCO_GERAL_MISSAO_FINAL,baixa,"Classificacao heuristica a partir do cabecalho de classificacao do TEC (arts. 1º a 4º da Lei nº 11.340/2006), integralmente dentro do intervalo de U1 (arts. 1o-7o). Nao lida individualmente nesta fase. Recomenda-se leitura dedicada antes de usar como pratica de unidade.",Caderno Lei Maria da Penha - 1 ao 200.pdf,2
10,3486851,FUNDATEC,Sold Bomb (CBM RS)/CBM RS,2025,E,"Para responder a questão, considere a Lei nº 11.340/2006 (conhecida como Lei Maria da Penha). Considerando o disposto na referida Lei, a integralidade…",PENDENTE_COMPARACAO_SUPABASE,,U1,1º a 4º da Lei nº 11.340/2006,BANCO_GERAL_MISSAO_FINAL,baixa,"Classificacao heuristica a partir do cabecalho de classificacao do TEC (arts. 1º a 4º da Lei nº 11.340/2006), integralmente dentro do intervalo de U1 (arts. 1o-7o). Nao lida individualmente nesta fase. Recomenda-se leitura dedicada antes de usar como pratica de unidade.",Caderno Lei Maria da Penha - 1 ao 200.pdf,2
11,3443924,FGV,DP PE/DPE PE,2025,D,"A Lei nº 11.340/2006, que cria mecanismos para coibir e prevenir a violência doméstica e familiar contra a mulher, também chamada de “Lei Maria da Pen…",PENDENTE_COMPARACAO_SUPABASE,,U1,1º a 4º da Lei nº 11.340/2006,BANCO_GERAL_MISSAO_FINAL,baixa,"Classificacao heuristica a partir do cabecalho de classificacao do TEC (arts. 1º a 4º da Lei nº 11.340/2006), integralmente dentro do intervalo de U1 (arts. 1o-7o). Nao lida individualmente nesta fase. Recomenda-se leitura dedicada antes de usar como pratica de unidade.",Caderno Lei Maria da Penha - 1 ao 200.pdf,3
12,3587594,AMEOSC,Ass So (Pref Guaraciaba (SC))/Pref Guaraciaba (SC),2025,C,"A Lei nº 11.340/2006, conhecida como Lei Maria da Penha, representa um marco legal no combate à violência doméstica e familiar contra a mulher no Bras…",PENDENTE_COMPARACAO_SUPABASE,,U1,1º a 4º da Lei nº 11.340/2006,BANCO_GERAL_MISSAO_FINAL,baixa,"Classificacao heuristica a partir do cabecalho de classificacao do TEC (arts. 1º a 4º da Lei nº 11.340/2006), integralmente dentro do intervalo de U1 (arts. 1o-7o). Nao lida individualmente nesta fase. Recomenda-se leitura dedicada antes de usar como pratica de unidade.",Caderno Lei Maria da Penha - 1 ao 200.pdf,3
13,3750684,FUNDATEC,At Ger (Pref Soledade (RS))/Pref Soledade (RS),2025,D,"A Lei nº 11.340/2006, Lei Maria da Penha, tem como objetivo:",PENDENTE_COMPARACAO_SUPABASE,,U1,1º a 4º da Lei nº 11.340/2006,BANCO_GERAL_MISSAO_FINAL,baixa,"Classificacao heuristica a partir do cabecalho de classificacao do TEC (arts. 1º a 4º da Lei nº 11.340/2006), integralmente dentro do intervalo de U1 (arts. 1o-7o). Nao lida individualmente nesta fase. Recomenda-se leitura dedicada antes de usar como pratica de unidade.",Caderno Lei Maria da Penha - 1 ao 200.pdf,3
14,3671174,FAFIPA,Adv (Pref Terra Boa)/Pref Terra Boa,2025,C,"A Lei nº 11.340/2006, conhecida como Lei Maria da Penha, foi criada para prevenir, punir e erradicar a violência doméstica e familiar contra a mulher.…",PENDENTE_COMPARACAO_SUPABASE,,U1,1º a 4º da Lei nº 11.340/2006,BANCO_GERAL_MISSAO_FINAL,baixa,"Classificacao heuristica a partir do cabecalho de classificacao do TEC (arts. 1º a 4º da Lei nº 11.340/2006), integralmente dentro do intervalo de U1 (arts. 1o-7o). Nao lida individualmente nesta fase. Recomenda-se leitura dedicada antes de usar como pratica de unidade.",Caderno Lei Maria da Penha - 1 ao 200.pdf,3
15,2541091,AMAUC,ESoc (Pref Seara)/Pref Seara,2025,C,"A Lei Maria da Penha assegura que toda mulher, independentemente de classe, raça, etnia, orientação sexual, renda, cultura, nível educacional, idade o…",PENDENTE_COMPARACAO_SUPABASE,,U1,1º a 4º da Lei nº 11.340/2006,BANCO_GERAL_MISSAO_FINAL,baixa,"Classificacao heuristica a partir do cabecalho de classificacao do TEC (arts. 1º a 4º da Lei nº 11.340/2006), integralmente dentro do intervalo de U1 (arts. 1o-7o). Nao lida individualmente nesta fase. Recomenda-se leitura dedicada antes de usar como pratica de unidade.",Caderno Lei Maria da Penha - 1 ao 200.pdf,4
16,3715468,OBJETIVA CONCURSOS,CSoc (Pref SJ Ouro)/Pref SJ do Ouro,2025,B,"A Conferência das Nações Unidas sobre Direitos Humanos (Viena, 1993) reconheceu formalmente a violência contra as mulheres como uma das formas de viol…",PENDENTE_COMPARACAO_SUPABASE,,U1,1º a 4º da Lei nº 11.340/2006,BANCO_GERAL_MISSAO_FINAL,baixa,"Classificacao heuristica a partir do cabecalho de classificacao do TEC (arts. 1º a 4º da Lei nº 11.340/2006), integralmente dentro do intervalo de U1 (arts. 1o-7o). Nao lida individualmente nesta fase. Recomenda-se leitura dedicada antes de usar como pratica de unidade.",Caderno Lei Maria da Penha - 1 ao 200.pdf,4
17,3424633,VUNESP,Cuid Soc (Itapevi)/Pref Itapevi,2025,E,"Segundo o Atlas da Violência, publicado pelo IPEA em 2024, “entre 2012 e 2022, dentre as violências analisadas, mulheres são 60,1% das vítimas e, port…",PENDENTE_COMPARACAO_SUPABASE,,U1,1º a 4º da Lei nº 11.340/2006,BANCO_GERAL_MISSAO_FINAL,baixa,"Classificacao heuristica a partir do cabecalho de classificacao do TEC (arts. 1º a 4º da Lei nº 11.340/2006), integralmente dentro do intervalo de U1 (arts. 1o-7o). Nao lida individualmente nesta fase. Recomenda-se leitura dedicada antes de usar como pratica de unidade.",Caderno Lei Maria da Penha - 1 ao 200.pdf,4
18,3293690,FUNDATEC,GM (Pref Porto Alegre)/Pref Porto Alegre,2025,C,Qual é o órgão responsável por dar atenção especial e prioridade às situações dispostas na Lei Maria da Penha?,PENDENTE_COMPARACAO_SUPABASE,,U1,1º a 4º da Lei nº 11.340/2006,BANCO_GERAL_MISSAO_FINAL,baixa,"Classificacao heuristica a partir do cabecalho de classificacao do TEC (arts. 1º a 4º da Lei nº 11.340/2006), integralmente dentro do intervalo de U1 (arts. 1o-7o). Nao lida individualmente nesta fase. Recomenda-se leitura dedicada antes de usar como pratica de unidade.",Caderno Lei Maria da Penha - 1 ao 200.pdf,4
19,3675942,FUNDATEC,Aux (Pref Estância Velha)/Pref Estância Velha/Agente Administrativo,2025,E,A Lei Maria da Penha tem como objetivo primordial:,PENDENTE_COMPARACAO_SUPABASE,,U1,1º a 4º da Lei nº 11.340/2006,BANCO_GERAL_MISSAO_FINAL,baixa,"Classificacao heuristica a partir do cabecalho de classificacao do TEC (arts. 1º a 4º da Lei nº 11.340/2006), integralmente dentro do intervalo de U1 (arts. 1o-7o). Nao lida individualmente nesta fase. Recomenda-se leitura dedicada antes de usar como pratica de unidade.",Caderno Lei Maria da Penha - 1 ao 200.pdf,4
20,3295001,OBJETIVA CONCURSOS,Ag (Pref S Leopoldina)/Pref S Leopoldina/Serviços Gerais,2024,C,"Com 18 anos de existência, a Lei Maria da Penha se consolidou como um instrumento fundamental na luta contra a violência:",PENDENTE_COMPARACAO_SUPABASE,,U1,1º a 4º da Lei nº 11.340/2006,BANCO_GERAL_MISSAO_FINAL,baixa,"Classificacao heuristica a partir do cabecalho de classificacao do TEC (arts. 1º a 4º da Lei nº 11.340/2006), integralmente dentro do intervalo de U1 (arts. 1o-7o). Nao lida individualmente nesta fase. Recomenda-se leitura dedicada antes de usar como pratica de unidade.",Caderno Lei Maria da Penha - 1 ao 200.pdf,5
21,3053387,OBJETIVA CONCURSOS,Cont (Pref Pato Bragado)/Pref Pato Bragado,2024,A,"A respeito da Lei Maria da Penha, avaliar se as afirmativas são certas (C) ou erradas (E) e assinalar a sequência correspondente. ( ) A Lei busca prot…",PENDENTE_COMPARACAO_SUPABASE,,U1,1º a 4º da Lei nº 11.340/2006,BANCO_GERAL_MISSAO_FINAL,baixa,"Classificacao heuristica a partir do cabecalho de classificacao do TEC (arts. 1º a 4º da Lei nº 11.340/2006), integralmente dentro do intervalo de U1 (arts. 1o-7o). Nao lida individualmente nesta fase. Recomenda-se leitura dedicada antes de usar como pratica de unidade.",Caderno Lei Maria da Penha - 1 ao 200.pdf,5
22,3448185,FUNDATEC,GCM (Pref Bagé)/Pref Bagé,2024,B,"A Lei nº 11.340/2006, conhecida como Lei Maria da Penha, foi criada com qual finalidade?",PENDENTE_COMPARACAO_SUPABASE,,U1,1º a 4º da Lei nº 11.340/2006,BANCO_GERAL_MISSAO_FINAL,baixa,"Classificacao heuristica a partir do cabecalho de classificacao do TEC (arts. 1º a 4º da Lei nº 11.340/2006), integralmente dentro do intervalo de U1 (arts. 1o-7o). Nao lida individualmente nesta fase. Recomenda-se leitura dedicada antes de usar como pratica de unidade.",Caderno Lei Maria da Penha - 1 ao 200.pdf,5
23,3426676,FUNATEC,Ed Soc (Pref Rosário (MA))/Pref Rosário (MA),2024,D,O que o § 1º do Art. 3º da Lei Maria da Penha estabelece:,PENDENTE_COMPARACAO_SUPABASE,,U1,1º a 4º da Lei nº 11.340/2006,BANCO_GERAL_MISSAO_FINAL,baixa,"Classificacao heuristica a partir do cabecalho de classificacao do TEC (arts. 1º a 4º da Lei nº 11.340/2006), integralmente dentro do intervalo de U1 (arts. 1o-7o). Nao lida individualmente nesta fase. Recomenda-se leitura dedicada antes de usar como pratica de unidade.",Caderno Lei Maria da Penha - 1 ao 200.pdf,5
24,3426671,FUNATEC,Ed Soc (Pref Rosário (MA))/Pref Rosário (MA),2024,B,Indique qual é o objetivo principal da Lei Maria da Penha:,PENDENTE_COMPARACAO_SUPABASE,,U1,1º a 4º da Lei nº 11.340/2006,BANCO_GERAL_MISSAO_FINAL,baixa,"Classificacao heuristica a partir do cabecalho de classificacao do TEC (arts. 1º a 4º da Lei nº 11.340/2006), integralmente dentro do intervalo de U1 (arts. 1o-7o). Nao lida individualmente nesta fase. Recomenda-se leitura dedicada antes de usar como pratica de unidade.",Caderno Lei Maria da Penha - 1 ao 200.pdf,5
25,2960657,Com Exam Pref Bauru,Ag Sau (Pref Bauru)/Pref Bauru/Agente Comunitário de Saúde,2024,A,"Atualmente, as mulheres têm o amparo da Lei Federal nº 11.340, de 7 de agosto de 2006, que caracteriza a violência doméstica como uma das formas de vi…",PENDENTE_COMPARACAO_SUPABASE,,U1,1º a 4º da Lei nº 11.340/2006,BANCO_GERAL_MISSAO_FINAL,baixa,"Classificacao heuristica a partir do cabecalho de classificacao do TEC (arts. 1º a 4º da Lei nº 11.340/2006), integralmente dentro do intervalo de U1 (arts. 1o-7o). Nao lida individualmente nesta fase. Recomenda-se leitura dedicada antes de usar como pratica de unidade.",Caderno Lei Maria da Penha - 1 ao 200.pdf,5
26,3630972,FUNDATEC,ASG (CM Passo Sobrado)/CM Passo Sobrado,2024,D,A Lei Maria da Penha prevê que o Poder Público desenvolverá medidas para garantir os direitos humanos das mulheres dentro das relações domésticas e fa…,PENDENTE_COMPARACAO_SUPABASE,,U1,1º a 4º da Lei nº 11.340/2006,BANCO_GERAL_MISSAO_FINAL,baixa,"Classificacao heuristica a partir do cabecalho de classificacao do TEC (arts. 1º a 4º da Lei nº 11.340/2006), integralmente dentro do intervalo de U1 (arts. 1o-7o). Nao lida individualmente nesta fase. Recomenda-se leitura dedicada antes de usar como pratica de unidade.",Caderno Lei Maria da Penha - 1 ao 200.pdf,6
27,2960658,Com Exam Pref Bauru,Ag Sau (Pref Bauru)/Pref Bauru/Agente Comunitário de Saúde,2024,C,"O papel do Agente Comunitário é fundamental ao enfrentamento da VIOLÊNCIA FAMILIAR, portanto na realização das visitas domiciliares de rotina deve-se …",PENDENTE_COMPARACAO_SUPABASE,,U1,1º a 4º da Lei nº 11.340/2006,BANCO_GERAL_MISSAO_FINAL,baixa,"Classificacao heuristica a partir do cabecalho de classificacao do TEC (arts. 1º a 4º da Lei nº 11.340/2006), integralmente dentro do intervalo de U1 (arts. 1o-7o). Nao lida individualmente nesta fase. Recomenda-se leitura dedicada antes de usar como pratica de unidade.",Caderno Lei Maria da Penha - 1 ao 200.pdf,6
28,3377296,INAZ do Pará,Proc (Pref Luiz Alves)/Pref Luiz Alves,2024,A,A Lei Maria da Penha é uma legislação importante no Brasil que visa proteger as mulheres contra a violência doméstica. Compreender seus objetivos e di…,PENDENTE_COMPARACAO_SUPABASE,,U1,1º a 4º da Lei nº 11.340/2006,BANCO_GERAL_MISSAO_FINAL,baixa,"Classificacao heuristica a partir do cabecalho de classificacao do TEC (arts. 1º a 4º da Lei nº 11.340/2006), integralmente dentro do intervalo de U1 (arts. 1o-7o). Nao lida individualmente nesta fase. Recomenda-se leitura dedicada antes de usar como pratica de unidade.",Caderno Lei Maria da Penha - 1 ao 200.pdf,6
29,3080567,IBFC,Pol Pen (DGPP GO)/DGPP GO,2024,C,"A Lei nº 11.340/2006, denominada Lei Maria da Penha, tem como principal objetivo:",PENDENTE_COMPARACAO_SUPABASE,,U1,1º a 4º da Lei nº 11.340/2006,BANCO_GERAL_MISSAO_FINAL,baixa,"Classificacao heuristica a partir do cabecalho de classificacao do TEC (arts. 1º a 4º da Lei nº 11.340/2006), integralmente dentro do intervalo de U1 (arts. 1o-7o). Nao lida individualmente nesta fase. Recomenda-se leitura dedicada antes de usar como pratica de unidade.",Caderno Lei Maria da Penha - 1 ao 200.pdf,6
30,3085992,VUNESP,Assist Soc (Pref Osasco)/Pref Osasco,2024,A,"A Lei nº 11.340/2006, “Lei Maria da Penha”, cria mecanismos para coibir a violência doméstica e familiar contra a mulher. É um importante avanço no co…",PENDENTE_COMPARACAO_SUPABASE,,U1,1º a 4º da Lei nº 11.340/2006,BANCO_GERAL_MISSAO_FINAL,baixa,"Classificacao heuristica a partir do cabecalho de classificacao do TEC (arts. 1º a 4º da Lei nº 11.340/2006), integralmente dentro do intervalo de U1 (arts. 1o-7o). Nao lida individualmente nesta fase. Recomenda-se leitura dedicada antes de usar como pratica de unidade.",Caderno Lei Maria da Penha - 1 ao 200.pdf,6
31,2840645,FUNDATEC,Moto (Pref Jari)/Pref Jari,2024,E,"Segundo a Lei nº 11.340/2006, Lei Maria da Penha, o poder público desenvolverá políticas que visem garantir os direitos humanos das mulheres no âmbito…",PENDENTE_COMPARACAO_SUPABASE,,U1,1º a 4º da Lei nº 11.340/2006,BANCO_GERAL_MISSAO_FINAL,baixa,"Classificacao heuristica a partir do cabecalho de classificacao do TEC (arts. 1º a 4º da Lei nº 11.340/2006), integralmente dentro do intervalo de U1 (arts. 1o-7o). Nao lida individualmente nesta fase. Recomenda-se leitura dedicada antes de usar como pratica de unidade.",Caderno Lei Maria da Penha - 1 ao 200.pdf,7
32,3216517,Instituto Verbena,Ag (Pref Rio Branco (AC))/Pref Rio Branco (AC)/Social,2024,D,"Leia o texto a seguir. A violência de gênero é uma realidade preocupante que afeta milhares de mulheres em todo o Brasil, demandando medidas legislati…",PENDENTE_COMPARACAO_SUPABASE,,U1,1º a 4º da Lei nº 11.340/2006,BANCO_GERAL_MISSAO_FINAL,baixa,"Classificacao heuristica a partir do cabecalho de classificacao do TEC (arts. 1º a 4º da Lei nº 11.340/2006), integralmente dentro do intervalo de U1 (arts. 1o-7o). Nao lida individualmente nesta fase. Recomenda-se leitura dedicada antes de usar como pratica de unidade.",Caderno Lei Maria da Penha - 1 ao 200.pdf,7
33,3183601,FGV,RMAPS (ENARE)/ENARE/Saúde Coletiva,2024,B,"A violência é um dos graves problemas da sociedade atual e responsável em parte pela mortalidade precoce de jovens. Sobre essa situação, assinale a af…",PENDENTE_COMPARACAO_SUPABASE,,U1,1º a 4º da Lei nº 11.340/2006,BANCO_GERAL_MISSAO_FINAL,baixa,"Classificacao heuristica a partir do cabecalho de classificacao do TEC (arts. 1º a 4º da Lei nº 11.340/2006), integralmente dentro do intervalo de U1 (arts. 1o-7o). Nao lida individualmente nesta fase. Recomenda-se leitura dedicada antes de usar como pratica de unidade.",Caderno Lei Maria da Penha - 1 ao 200.pdf,7
34,3172432,ACAFE,Ass Soc (CELESC)/CELESC,2024,A,"Com base no que preconiza o Art. 2º da Lei nº 11.340, de 7 de agosto de 2006, analise as afirmações abaixo e assinale a CORRETA:",PENDENTE_COMPARACAO_SUPABASE,,U1,1º a 4º da Lei nº 11.340/2006,BANCO_GERAL_MISSAO_FINAL,baixa,"Classificacao heuristica a partir do cabecalho de classificacao do TEC (arts. 1º a 4º da Lei nº 11.340/2006), integralmente dentro do intervalo de U1 (arts. 1o-7o). Nao lida individualmente nesta fase. Recomenda-se leitura dedicada antes de usar como pratica de unidade.",Caderno Lei Maria da Penha - 1 ao 200.pdf,7
35,3168881,CONSULPLAN,Estag (TJ MG)/TJ MG/Direito/Graduação,2024,C,"Na cidade Alfa, mulheres enfrentam uma série de desafios que comprometem o exercício efetivo de seus direitos fundamentais. Elas vivem em condições pr…",PENDENTE_COMPARACAO_SUPABASE,,U1,1º a 4º da Lei nº 11.340/2006,BANCO_GERAL_MISSAO_FINAL,baixa,"Classificacao heuristica a partir do cabecalho de classificacao do TEC (arts. 1º a 4º da Lei nº 11.340/2006), integralmente dentro do intervalo de U1 (arts. 1o-7o). Nao lida individualmente nesta fase. Recomenda-se leitura dedicada antes de usar como pratica de unidade.",Caderno Lei Maria da Penha - 1 ao 200.pdf,8
36,3168462,FEPESE,Mon (Pref São José)/Pref São José,2024,A,Várias são as formas de agressões que são consideradas violência doméstica. Numere a coluna 2 identificando as respectivas formas de agressões conside…,PENDENTE_COMPARACAO_SUPABASE,,U1,1º a 4º da Lei nº 11.340/2006,BANCO_GERAL_MISSAO_FINAL,baixa,"Classificacao heuristica a partir do cabecalho de classificacao do TEC (arts. 1º a 4º da Lei nº 11.340/2006), integralmente dentro do intervalo de U1 (arts. 1o-7o). Nao lida individualmente nesta fase. Recomenda-se leitura dedicada antes de usar como pratica de unidade.",Caderno Lei Maria da Penha - 1 ao 200.pdf,8
37,3599839,IBEC,GL (CM Tremedal)/CM Tremedal,2024,A,"A Lei que cria mecanismos para coibir a violência doméstica e familiar contra a mulher, nos termos do § 8º do art. 226 da Constituição Federal, da Con…",PENDENTE_COMPARACAO_SUPABASE,,U1,1º a 4º da Lei nº 11.340/2006,BANCO_GERAL_MISSAO_FINAL,baixa,"Classificacao heuristica a partir do cabecalho de classificacao do TEC (arts. 1º a 4º da Lei nº 11.340/2006), integralmente dentro do intervalo de U1 (arts. 1o-7o). Nao lida individualmente nesta fase. Recomenda-se leitura dedicada antes de usar como pratica de unidade.",Caderno Lei Maria da Penha - 1 ao 200.pdf,8
38,2859695,IGEDUC,GM (Pref Garanhuns)/Pref Garanhuns,2024,Certo,"A Lei Maria da Penha cria mecanismos para prevenir e coibir a violência doméstica e familiar contra a mulher, independentemente de sua orientação sexu…",PENDENTE_COMPARACAO_SUPABASE,,U1,1º a 4º da Lei nº 11.340/2006,BANCO_GERAL_MISSAO_FINAL,baixa,"Classificacao heuristica a partir do cabecalho de classificacao do TEC (arts. 1º a 4º da Lei nº 11.340/2006), integralmente dentro do intervalo de U1 (arts. 1o-7o). Nao lida individualmente nesta fase. Recomenda-se leitura dedicada antes de usar como pratica de unidade.",Caderno Lei Maria da Penha - 1 ao 200.pdf,8
39,2856554,FUNDATEC,FOP (Pref Paraí (RS))/Pref Paraí (RS),2024,C,"Com base na Lei Maria da Penha, analise as assertivas abaixo: I. O Poder Público é um dos responsáveis por criar condições para o efetivo direito das …",PENDENTE_COMPARACAO_SUPABASE,,U1,1º a 4º da Lei nº 11.340/2006,BANCO_GERAL_MISSAO_FINAL,baixa,"Classificacao heuristica a partir do cabecalho de classificacao do TEC (arts. 1º a 4º da Lei nº 11.340/2006), integralmente dentro do intervalo de U1 (arts. 1o-7o). Nao lida individualmente nesta fase. Recomenda-se leitura dedicada antes de usar como pratica de unidade.",Caderno Lei Maria da Penha - 1 ao 200.pdf,9
40,2827679,FUNDATEC,ACE (Pref Novo Hamburgo)/Pref Novo Hamburgo,2024,D,Assinale a alternativa INCORRETA considerando o disposto na Lei nº 11.340/2006 (Lei Maria da Penha) e suas atualizações.,PENDENTE_COMPARACAO_SUPABASE,,U1,1º a 4º da Lei nº 11.340/2006,BANCO_GERAL_MISSAO_FINAL,baixa,"Classificacao heuristica a partir do cabecalho de classificacao do TEC (arts. 1º a 4º da Lei nº 11.340/2006), integralmente dentro do intervalo de U1 (arts. 1o-7o). Nao lida individualmente nesta fase. Recomenda-se leitura dedicada antes de usar como pratica de unidade.",Caderno Lei Maria da Penha - 1 ao 200.pdf,9
41,3004377,Instituto Consulplan,Cui Soc (Pref Pouso Alegre)/Pref Pouso Alegre,2024,C,"Os casos de violência contra a mulher aumentaram consideravelmente durante o período do isolamento social da pandemia. Temos, no Brasil, a Lei nº 11.3…",PENDENTE_COMPARACAO_SUPABASE,,U1,1º a 4º da Lei nº 11.340/2006,BANCO_GERAL_MISSAO_FINAL,baixa,"Classificacao heuristica a partir do cabecalho de classificacao do TEC (arts. 1º a 4º da Lei nº 11.340/2006), integralmente dentro do intervalo de U1 (arts. 1o-7o). Nao lida individualmente nesta fase. Recomenda-se leitura dedicada antes de usar como pratica de unidade.",Caderno Lei Maria da Penha - 1 ao 200.pdf,9
42,3503909,Instituto AVALIA,Ana Uni - SS (UESB)/UESB,2024,C,"A Lei nº 11.340, de 07 de agosto de 2006, prevê, em seu Artigo 2º, que “toda mulher, independentemente de classe, raça, etnia, orientação sexual, rend…",PENDENTE_COMPARACAO_SUPABASE,,U1,1º a 4º da Lei nº 11.340/2006,BANCO_GERAL_MISSAO_FINAL,baixa,"Classificacao heuristica a partir do cabecalho de classificacao do TEC (arts. 1º a 4º da Lei nº 11.340/2006), integralmente dentro do intervalo de U1 (arts. 1o-7o). Nao lida individualmente nesta fase. Recomenda-se leitura dedicada antes de usar como pratica de unidade.",Caderno Lei Maria da Penha - 1 ao 200.pdf,9
43,2923027,FGV,TFA (ADAB)/ADAB,2024,C,"Sobre a Lei nº 11.340/2006 (Lei Maria da Penha), assinale a afirmativa correta:",PENDENTE_COMPARACAO_SUPABASE,,U1,1º a 4º da Lei nº 11.340/2006,BANCO_GERAL_MISSAO_FINAL,baixa,"Classificacao heuristica a partir do cabecalho de classificacao do TEC (arts. 1º a 4º da Lei nº 11.340/2006), integralmente dentro do intervalo de U1 (arts. 1o-7o). Nao lida individualmente nesta fase. Recomenda-se leitura dedicada antes de usar como pratica de unidade.",Caderno Lei Maria da Penha - 1 ao 200.pdf,9
44,2941024,AVANÇASP,Coor CRAS (Pref Lorena)/Pref Lorena,2024,A,"De acordo com a Lei Maria da Penha, Art. 3º, parágrafo § 1º. Assinale a alternativa que completa corretamente a lacuna: O poder público desenvolverá p…",PENDENTE_COMPARACAO_SUPABASE,,U1,1º a 4º da Lei nº 11.340/2006,BANCO_GERAL_MISSAO_FINAL,baixa,"Classificacao heuristica a partir do cabecalho de classificacao do TEC (arts. 1º a 4º da Lei nº 11.340/2006), integralmente dentro do intervalo de U1 (arts. 1o-7o). Nao lida individualmente nesta fase. Recomenda-se leitura dedicada antes de usar como pratica de unidade.",Caderno Lei Maria da Penha - 1 ao 200.pdf,10
45,2593845,VUNESP,AgDP (DPE SP)/DPE SP/Cientista Social - Sociólogo,2023,A,"A chamada Lei Maria da Penha (Lei Federal nº 11.340/2006) determina, no § 1º de seu artigo 3º, que o “[...] poder público desenvolverá políticas que v…",PENDENTE_COMPARACAO_SUPABASE,,U1,1º a 4º da Lei nº 11.340/2006,BANCO_GERAL_MISSAO_FINAL,baixa,"Classificacao heuristica a partir do cabecalho de classificacao do TEC (arts. 1º a 4º da Lei nº 11.340/2006), integralmente dentro do intervalo de U1 (arts. 1o-7o). Nao lida individualmente nesta fase. Recomenda-se leitura dedicada antes de usar como pratica de unidade.",Caderno Lei Maria da Penha - 1 ao 200.pdf,10
46,2813038,INTEGRI BRASIL,GC (Pref Socorro)/Pref Socorro/Estagiário,2023,A,"Considerando a Lei Federal nº 11.340, de 7 de agosto de 2006, assinale a alternativa ERRADA:",PENDENTE_COMPARACAO_SUPABASE,,U1,1º a 4º da Lei nº 11.340/2006,BANCO_GERAL_MISSAO_FINAL,baixa,"Classificacao heuristica a partir do cabecalho de classificacao do TEC (arts. 1º a 4º da Lei nº 11.340/2006), integralmente dentro do intervalo de U1 (arts. 1o-7o). Nao lida individualmente nesta fase. Recomenda-se leitura dedicada antes de usar como pratica de unidade.",Caderno Lei Maria da Penha - 1 ao 200.pdf,10
47,2844315,GSA,GCM (Pref Itapetininga)/Pref Itapetininga,2023,D,"Nos termos da Lei n. 11.340, de 7 de agosto de 2006 que cria mecanismos para coibir a violência doméstica e familiar contra a mulher, nos termos do ar…",PENDENTE_COMPARACAO_SUPABASE,,U1,1º a 4º da Lei nº 11.340/2006,BANCO_GERAL_MISSAO_FINAL,baixa,"Classificacao heuristica a partir do cabecalho de classificacao do TEC (arts. 1º a 4º da Lei nº 11.340/2006), integralmente dentro do intervalo de U1 (arts. 1o-7o). Nao lida individualmente nesta fase. Recomenda-se leitura dedicada antes de usar como pratica de unidade.",Caderno Lei Maria da Penha - 1 ao 200.pdf,10
48,2421549,CEBRASPE (CESPE),Ana (CNMP)/CNMP/Apoio Jurídico/Direito,2023,Certo,"Com base na Lei n.º 11.340/2006, relativa aos mecanismos para coibir a violência doméstica e familiar contra a mulher, julgue o item a seguir. Cabe ao…",PENDENTE_COMPARACAO_SUPABASE,,U1,1º a 4º da Lei nº 11.340/2006,BANCO_GERAL_MISSAO_FINAL,baixa,"Classificacao heuristica a partir do cabecalho de classificacao do TEC (arts. 1º a 4º da Lei nº 11.340/2006), integralmente dentro do intervalo de U1 (arts. 1o-7o). Nao lida individualmente nesta fase. Recomenda-se leitura dedicada antes de usar como pratica de unidade.",Caderno Lei Maria da Penha - 1 ao 200.pdf,10
49,3386911,INEP BRASIL,Ana (Pref Palestina de GO)/Pref Palestina de GO/Ambiental,2023,D,"Em agosto de 2022, a Lei Maria da Penha completa 16 anos. O nome da norma referese a uma farmacêutica vítima de violência doméstica em 1983 e foi reco…",PENDENTE_COMPARACAO_SUPABASE,,U1,1º a 4º da Lei nº 11.340/2006,BANCO_GERAL_MISSAO_FINAL,baixa,"Classificacao heuristica a partir do cabecalho de classificacao do TEC (arts. 1º a 4º da Lei nº 11.340/2006), integralmente dentro do intervalo de U1 (arts. 1o-7o). Nao lida individualmente nesta fase. Recomenda-se leitura dedicada antes de usar como pratica de unidade.",Caderno Lei Maria da Penha - 1 ao 200.pdf,11
50,2839184,FUNDATEC,GM (Pref Imbé)/Pref Imbé,2023,B,"A Lei nº 11.340/2006, denominada “Lei Maria da Penha”, foi criada com qual finalidade?",PENDENTE_COMPARACAO_SUPABASE,,U1,1º a 4º da Lei nº 11.340/2006,BANCO_GERAL_MISSAO_FINAL,baixa,"Classificacao heuristica a partir do cabecalho de classificacao do TEC (arts. 1º a 4º da Lei nº 11.340/2006), integralmente dentro do intervalo de U1 (arts. 1o-7o). Nao lida individualmente nesta fase. Recomenda-se leitura dedicada antes de usar como pratica de unidade.",Caderno Lei Maria da Penha - 1 ao 200.pdf,11
51,2558874,Legalle,AFis (Pref Lajeado)/Pref Lajeado (RS),2023,A,"De acordo com a Lei Maria da Penha, a violência doméstica e familiar contra a mulher constitui uma das formas de violação dos:",PENDENTE_COMPARACAO_SUPABASE,,U1,1º a 4º da Lei nº 11.340/2006,BANCO_GERAL_MISSAO_FINAL,baixa,"Classificacao heuristica a partir do cabecalho de classificacao do TEC (arts. 1º a 4º da Lei nº 11.340/2006), integralmente dentro do intervalo de U1 (arts. 1o-7o). Nao lida individualmente nesta fase. Recomenda-se leitura dedicada antes de usar como pratica de unidade.",Caderno Lei Maria da Penha - 1 ao 200.pdf,11
52,2475517,IBAM,GCM (Pref Bertioga)/Pref Bertioga,2023,C,"A Lei no 11.340, de 07 de agosto de 2006, conhecida também como Lei Maria da Penha, criou diversos mecanismos para coibir e prevenir a violência domés…",PENDENTE_COMPARACAO_SUPABASE,,U1,1º a 4º da Lei nº 11.340/2006,BANCO_GERAL_MISSAO_FINAL,baixa,"Classificacao heuristica a partir do cabecalho de classificacao do TEC (arts. 1º a 4º da Lei nº 11.340/2006), integralmente dentro do intervalo de U1 (arts. 1o-7o). Nao lida individualmente nesta fase. Recomenda-se leitura dedicada antes de usar como pratica de unidade.",Caderno Lei Maria da Penha - 1 ao 200.pdf,11
53,2855429,IBFC,Tec Adm (SAEB BA)/SAEB BA/Administrativo,2023,A,"De acordo com a Lei Maria da Penha (Lei federal nº 11.340, de 7 de agosto de 2006), analise as afirmativas abaixo. I. O poder público desenvolverá pol…",PENDENTE_COMPARACAO_SUPABASE,,U1,1º a 4º da Lei nº 11.340/2006,BANCO_GERAL_MISSAO_FINAL,baixa,"Classificacao heuristica a partir do cabecalho de classificacao do TEC (arts. 1º a 4º da Lei nº 11.340/2006), integralmente dentro do intervalo de U1 (arts. 1o-7o). Nao lida individualmente nesta fase. Recomenda-se leitura dedicada antes de usar como pratica de unidade.",Caderno Lei Maria da Penha - 1 ao 200.pdf,11
54,2812979,INTEGRI BRASIL,GC (Pref Socorro)/Pref Socorro/Estagiário,2023,A,"Considere Lei Federal n° 11.340, que estabelece normativa sobre a violência doméstica contra a mulher. Com base em tal regra de direito, é ERRADO afir…",PENDENTE_COMPARACAO_SUPABASE,,U1,1º a 4º da Lei nº 11.340/2006,BANCO_GERAL_MISSAO_FINAL,baixa,"Classificacao heuristica a partir do cabecalho de classificacao do TEC (arts. 1º a 4º da Lei nº 11.340/2006), integralmente dentro do intervalo de U1 (arts. 1o-7o). Nao lida individualmente nesta fase. Recomenda-se leitura dedicada antes de usar como pratica de unidade.",Caderno Lei Maria da Penha - 1 ao 200.pdf,12
55,2976887,EPL Concursos,ASoc (Pref Sta Rita (PB))/Pref Sta Rita (PB),2023,D,"A Lei Maria da Penha é um marco fundamental na legislação brasileira, que tem como premissa coibir a violência doméstica e familiar contra a mulher. A…",PENDENTE_COMPARACAO_SUPABASE,,U1,1º a 4º da Lei nº 11.340/2006,BANCO_GERAL_MISSAO_FINAL,baixa,"Classificacao heuristica a partir do cabecalho de classificacao do TEC (arts. 1º a 4º da Lei nº 11.340/2006), integralmente dentro do intervalo de U1 (arts. 1o-7o). Nao lida individualmente nesta fase. Recomenda-se leitura dedicada antes de usar como pratica de unidade.",Caderno Lei Maria da Penha - 1 ao 200.pdf,12
56,2966120,Instituto Verbena,GCM (Pref S Helena de GO)/Pref S Helena de GO,2023,D,"Atualmente, existem no Brasil pelo menos seis leis específicas de proteção às mulheres. A Lei 11.340, de 07 de agosto de 2006, conhecida como Lei Mari…",PENDENTE_COMPARACAO_SUPABASE,,U1,1º a 4º da Lei nº 11.340/2006,BANCO_GERAL_MISSAO_FINAL,baixa,"Classificacao heuristica a partir do cabecalho de classificacao do TEC (arts. 1º a 4º da Lei nº 11.340/2006), integralmente dentro do intervalo de U1 (arts. 1o-7o). Nao lida individualmente nesta fase. Recomenda-se leitura dedicada antes de usar como pratica de unidade.",Caderno Lei Maria da Penha - 1 ao 200.pdf,12
57,2873457,IGEDUC,ASoc (Pref Pombos)/Pref Pombos/Secretaria de Assistência Social,2023,Errado,"Julgue o item a seguir. Indivíduos vítimas de violência doméstica , independentemente de sua localização geográfica, têm direito a apoio e proteção po…",PENDENTE_COMPARACAO_SUPABASE,,U1,1º a 4º da Lei nº 11.340/2006,BANCO_GERAL_MISSAO_FINAL,baixa,"Classificacao heuristica a partir do cabecalho de classificacao do TEC (arts. 1º a 4º da Lei nº 11.340/2006), integralmente dentro do intervalo de U1 (arts. 1o-7o). Nao lida individualmente nesta fase. Recomenda-se leitura dedicada antes de usar como pratica de unidade.",Caderno Lei Maria da Penha - 1 ao 200.pdf,12
58,2736871,IGEDUC,GM (Pref SV Férrer)/Pref SV Férrer,2023,Certo,"Julgue o item a seguir. Toda mulher, independentemente de classe, raça, etnia, orientação sexual, renda, cultura, nível educacional, idade e religião,…",PENDENTE_COMPARACAO_SUPABASE,,U1,1º a 4º da Lei nº 11.340/2006,BANCO_GERAL_MISSAO_FINAL,baixa,"Classificacao heuristica a partir do cabecalho de classificacao do TEC (arts. 1º a 4º da Lei nº 11.340/2006), integralmente dentro do intervalo de U1 (arts. 1o-7o). Nao lida individualmente nesta fase. Recomenda-se leitura dedicada antes de usar como pratica de unidade.",Caderno Lei Maria da Penha - 1 ao 200.pdf,12
59,2249471,FUNDATEC,Ag (Pref Candelária)/Pref Candelária/Comunitário de Saúde,2022,E,"Referenciando-se nos termos da Lei Maria da Penha, Lei Federal nº 11.340/2006, analise as assertivas abaixo e assinale a alternativa correta. I. Os fi…",PENDENTE_COMPARACAO_SUPABASE,,U1,1º a 4º da Lei nº 11.340/2006,BANCO_GERAL_MISSAO_FINAL,baixa,"Classificacao heuristica a partir do cabecalho de classificacao do TEC (arts. 1º a 4º da Lei nº 11.340/2006), integralmente dentro do intervalo de U1 (arts. 1o-7o). Nao lida individualmente nesta fase. Recomenda-se leitura dedicada antes de usar como pratica de unidade.",Caderno Lei Maria da Penha - 1 ao 200.pdf,12
60,2431415,Instituto Verbena,AAS (Pref GYN)/Pref GYN/Psicólogo,2022,C,A Lei n. 11.340/2006 (Lei Maria da Penha) cria mecanismos para,PENDENTE_COMPARACAO_SUPABASE,,U1,1º a 4º da Lei nº 11.340/2006,BANCO_GERAL_MISSAO_FINAL,baixa,"Classificacao heuristica a partir do cabecalho de classificacao do TEC (arts. 1º a 4º da Lei nº 11.340/2006), integralmente dentro do intervalo de U1 (arts. 1o-7o). Nao lida individualmente nesta fase. Recomenda-se leitura dedicada antes de usar como pratica de unidade.",Caderno Lei Maria da Penha - 1 ao 200.pdf,13
61,2025732,FUNDATEC,Arqt (Flores Cunha)/Pref Flores da Cunha,2022,A,"Fundamentando-se na Lei nº 11.340/2006 (Lei Maria da Penha), analise as assertivas abaixo e assinale V, se verdadeiras, ou F, se falsas. ( ) O poder p…",PENDENTE_COMPARACAO_SUPABASE,,U1,1º a 4º da Lei nº 11.340/2006,BANCO_GERAL_MISSAO_FINAL,baixa,"Classificacao heuristica a partir do cabecalho de classificacao do TEC (arts. 1º a 4º da Lei nº 11.340/2006), integralmente dentro do intervalo de U1 (arts. 1o-7o). Nao lida individualmente nesta fase. Recomenda-se leitura dedicada antes de usar como pratica de unidade.",Caderno Lei Maria da Penha - 1 ao 200.pdf,13
62,2386690,FUNDATEC,GM (Pref Viamão)/Pref Viamão,2022,C,"Um homem morava com uma mulher numa relação estável há mais de cinco anos, e, precisando de dinheiro, forçou esta mulher a se prostituir com outros am…",PENDENTE_COMPARACAO_SUPABASE,,U1,1º a 4º da Lei nº 11.340/2006,BANCO_GERAL_MISSAO_FINAL,baixa,"Classificacao heuristica a partir do cabecalho de classificacao do TEC (arts. 1º a 4º da Lei nº 11.340/2006), integralmente dentro do intervalo de U1 (arts. 1o-7o). Nao lida individualmente nesta fase. Recomenda-se leitura dedicada antes de usar como pratica de unidade.",Caderno Lei Maria da Penha - 1 ao 200.pdf,13
63,2268321,FCM,CEFETMINAS - Ass Soc (IF BA)/IF BA,2022,A,"Preencha corretamente as lacunas do texto a seguir, referente à Lei nº 11.340, de 7 de agosto de 2006 – Lei Maria da Penha. Toda mulher, _____________…",PENDENTE_COMPARACAO_SUPABASE,,U1,1º a 4º da Lei nº 11.340/2006,BANCO_GERAL_MISSAO_FINAL,baixa,"Classificacao heuristica a partir do cabecalho de classificacao do TEC (arts. 1º a 4º da Lei nº 11.340/2006), integralmente dentro do intervalo de U1 (arts. 1o-7o). Nao lida individualmente nesta fase. Recomenda-se leitura dedicada antes de usar como pratica de unidade.",Caderno Lei Maria da Penha - 1 ao 200.pdf,13
64,2335470,IBFC,Psico (SESACRE)/SESACRE,2022,D,"A Lei nº 11.340, conhecida como Lei Maria da Penha, cria mecanismos para coibir e prevenir a violência doméstica e familiar contra a mulher. Em relaçã…",PENDENTE_COMPARACAO_SUPABASE,,U1,1º a 4º da Lei nº 11.340/2006,BANCO_GERAL_MISSAO_FINAL,baixa,"Classificacao heuristica a partir do cabecalho de classificacao do TEC (arts. 1º a 4º da Lei nº 11.340/2006), integralmente dentro do intervalo de U1 (arts. 1o-7o). Nao lida individualmente nesta fase. Recomenda-se leitura dedicada antes de usar como pratica de unidade.",Caderno Lei Maria da Penha - 1 ao 200.pdf,14
65,2149611,IBFC,Deleg (PC BA)/PC BA,2022,D,A lei conhecida como “Lei Maria da Penha” possui quarenta e seis artigos e entrou em vigor no ano de 2006. Sobre as disposições que compõem o Título I…,PENDENTE_COMPARACAO_SUPABASE,,U1,1º a 4º da Lei nº 11.340/2006,BANCO_GERAL_MISSAO_FINAL,baixa,"Classificacao heuristica a partir do cabecalho de classificacao do TEC (arts. 1º a 4º da Lei nº 11.340/2006), integralmente dentro do intervalo de U1 (arts. 1o-7o). Nao lida individualmente nesta fase. Recomenda-se leitura dedicada antes de usar como pratica de unidade.",Caderno Lei Maria da Penha - 1 ao 200.pdf,14
66,2249561,FUNDATEC,Med (Pref Candelária)/Pref Candelária/Clínico Geral/Estratégia de Saúde da Família,2022,C,"Referenciando-se nos termos da Lei Maria da Penha, Lei Federal nº 11.340/2006, analise as assertivas abaixo: I. A violência doméstica e familiar contr…",PENDENTE_COMPARACAO_SUPABASE,,U1,1º a 4º da Lei nº 11.340/2006,BANCO_GERAL_MISSAO_FINAL,baixa,"Classificacao heuristica a partir do cabecalho de classificacao do TEC (arts. 1º a 4º da Lei nº 11.340/2006), integralmente dentro do intervalo de U1 (arts. 1o-7o). Nao lida individualmente nesta fase. Recomenda-se leitura dedicada antes de usar como pratica de unidade.",Caderno Lei Maria da Penha - 1 ao 200.pdf,14
67,1939620,FCM,CEFETMINAS - ASoc (Pref Timóteo)/Pref Timóteo,2022,B,"A propósito da Lei 11.340/2006 (Lei Maria da Penha), é correto afirmar que essa Lei",PENDENTE_COMPARACAO_SUPABASE,,U1,1º a 4º da Lei nº 11.340/2006,BANCO_GERAL_MISSAO_FINAL,baixa,"Classificacao heuristica a partir do cabecalho de classificacao do TEC (arts. 1º a 4º da Lei nº 11.340/2006), integralmente dentro do intervalo de U1 (arts. 1o-7o). Nao lida individualmente nesta fase. Recomenda-se leitura dedicada antes de usar como pratica de unidade.",Caderno Lei Maria da Penha - 1 ao 200.pdf,14
68,2221550,AVANÇASP,Proc (CM Sorocaba)/CM Sorocaba,2022,C,"Para os efeitos da Lei 11340/2006, configura violência doméstica e familiar contra a mulher qualquer ação ou omissão baseada no gênero que lhe cause m…",PENDENTE_COMPARACAO_SUPABASE,,U1,1º a 4º da Lei nº 11.340/2006,BANCO_GERAL_MISSAO_FINAL,baixa,"Classificacao heuristica a partir do cabecalho de classificacao do TEC (arts. 1º a 4º da Lei nº 11.340/2006), integralmente dentro do intervalo de U1 (arts. 1o-7o). Nao lida individualmente nesta fase. Recomenda-se leitura dedicada antes de usar como pratica de unidade.",Caderno Lei Maria da Penha - 1 ao 200.pdf,14
69,1864815,FGV,Insp Pol (PC RJ)/PC RJ,2022,C,"Em relação ao sujeito passivo dos delitos de violência doméstica e familiar contra a mulher, é correto afirmar que:",PENDENTE_COMPARACAO_SUPABASE,,U1,1º a 4º da Lei nº 11.340/2006,BANCO_GERAL_MISSAO_FINAL,baixa,"Classificacao heuristica a partir do cabecalho de classificacao do TEC (arts. 1º a 4º da Lei nº 11.340/2006), integralmente dentro do intervalo de U1 (arts. 1o-7o). Nao lida individualmente nesta fase. Recomenda-se leitura dedicada antes de usar como pratica de unidade.",Caderno Lei Maria da Penha - 1 ao 200.pdf,15
70,2173149,MetroCapital,Coor CRAS (N Odessa)/Pref Nova Odessa,2022,C,A Lei de nº 11.340/2006 ficou nacionalmente conhecida como:,PENDENTE_COMPARACAO_SUPABASE,,U1,1º a 4º da Lei nº 11.340/2006,BANCO_GERAL_MISSAO_FINAL,baixa,"Classificacao heuristica a partir do cabecalho de classificacao do TEC (arts. 1º a 4º da Lei nº 11.340/2006), integralmente dentro do intervalo de U1 (arts. 1o-7o). Nao lida individualmente nesta fase. Recomenda-se leitura dedicada antes de usar como pratica de unidade.",Caderno Lei Maria da Penha - 1 ao 200.pdf,15
71,2116409,Instituto Consulplan,Adv (Pref Caeté)/Pref Caeté/CREAS,2022,D,"Nos termos da Lei nº 11.340/2006 – Lei Maria da Penha, configura violência doméstica e familiar contra a mulher qualquer ação ou omissão baseada no gê…",PENDENTE_COMPARACAO_SUPABASE,,U1,1º a 4º da Lei nº 11.340/2006,BANCO_GERAL_MISSAO_FINAL,baixa,"Classificacao heuristica a partir do cabecalho de classificacao do TEC (arts. 1º a 4º da Lei nº 11.340/2006), integralmente dentro do intervalo de U1 (arts. 1o-7o). Nao lida individualmente nesta fase. Recomenda-se leitura dedicada antes de usar como pratica de unidade.",Caderno Lei Maria da Penha - 1 ao 200.pdf,15
72,2520087,FUNDATEC,SEsc (Morro Reuter)/Pref Morro Reuter,2022,D,"De acordo com a Lei Maria da Penha, no âmbito das relações domésticas e familiares, serão desenvolvidas, pelo poder público, políticas que visem garan…",PENDENTE_COMPARACAO_SUPABASE,,U1,1º a 4º da Lei nº 11.340/2006,BANCO_GERAL_MISSAO_FINAL,baixa,"Classificacao heuristica a partir do cabecalho de classificacao do TEC (arts. 1º a 4º da Lei nº 11.340/2006), integralmente dentro do intervalo de U1 (arts. 1o-7o). Nao lida individualmente nesta fase. Recomenda-se leitura dedicada antes de usar como pratica de unidade.",Caderno Lei Maria da Penha - 1 ao 200.pdf,15
73,3098120,NC UFPR (FUNPAR),Ed Soc (FAS)/FAS,2022,E,A Lei n.º 11.340 (Lei Maria da Penha) foi sancionada no ano de 2006 com os objetivos de:,PENDENTE_COMPARACAO_SUPABASE,,U1,1º a 4º da Lei nº 11.340/2006,BANCO_GERAL_MISSAO_FINAL,baixa,"Classificacao heuristica a partir do cabecalho de classificacao do TEC (arts. 1º a 4º da Lei nº 11.340/2006), integralmente dentro do intervalo de U1 (arts. 1o-7o). Nao lida individualmente nesta fase. Recomenda-se leitura dedicada antes de usar como pratica de unidade.",Caderno Lei Maria da Penha - 1 ao 200.pdf,15
74,2347033,VUNESP,GCM (F.co Morato)/Pref F.co Morato/Masculino e Feminino,2022,B,"Nos termos da Lei no 11.340, de 07 de agosto de 2006 (Lei “Maria da Penha”), é correto afirmar que",PENDENTE_COMPARACAO_SUPABASE,,U1,1º a 4º da Lei nº 11.340/2006,BANCO_GERAL_MISSAO_FINAL,baixa,"Classificacao heuristica a partir do cabecalho de classificacao do TEC (arts. 1º a 4º da Lei nº 11.340/2006), integralmente dentro do intervalo de U1 (arts. 1o-7o). Nao lida individualmente nesta fase. Recomenda-se leitura dedicada antes de usar como pratica de unidade.",Caderno Lei Maria da Penha - 1 ao 200.pdf,16
75,1820933,AVANÇASP,Ag (Pref Laranjal P)/Pref Laranjal Pta/Social,2021,D,"Com relação às noções básicas acerca da Lei Maria da Penha, analise os itens a seguir e, ao final, assinale a alternativa correta: I – Cabe à família,…",PENDENTE_COMPARACAO_SUPABASE,,U1,1º a 4º da Lei nº 11.340/2006,BANCO_GERAL_MISSAO_FINAL,baixa,"Classificacao heuristica a partir do cabecalho de classificacao do TEC (arts. 1º a 4º da Lei nº 11.340/2006), integralmente dentro do intervalo de U1 (arts. 1o-7o). Nao lida individualmente nesta fase. Recomenda-se leitura dedicada antes de usar como pratica de unidade.",Caderno Lei Maria da Penha - 1 ao 200.pdf,16
76,1838014,FGV,Of (PM PB)/PM PB,2021,E,"Em relação à fixação da competência dos Juizados Especiais de Violência Doméstica e Familiar Contra a Mulher, é correto afirmar que:",PENDENTE_COMPARACAO_SUPABASE,,U1,1º a 4º da Lei nº 11.340/2006,BANCO_GERAL_MISSAO_FINAL,baixa,"Classificacao heuristica a partir do cabecalho de classificacao do TEC (arts. 1º a 4º da Lei nº 11.340/2006), integralmente dentro do intervalo de U1 (arts. 1o-7o). Nao lida individualmente nesta fase. Recomenda-se leitura dedicada antes de usar como pratica de unidade.",Caderno Lei Maria da Penha - 1 ao 200.pdf,16
77,1632418,IDIB,Sarg (PM ES)/PM ES,2021,D,"Com base na Lei “Maria da Penha” (Lei nº 11.340/2006), analise as assertivas a seguir: I. Serão asseguradas às mulheres as condições para o exercício …",PENDENTE_COMPARACAO_SUPABASE,,U1,1º a 4º da Lei nº 11.340/2006,BANCO_GERAL_MISSAO_FINAL,baixa,"Classificacao heuristica a partir do cabecalho de classificacao do TEC (arts. 1º a 4º da Lei nº 11.340/2006), integralmente dentro do intervalo de U1 (arts. 1o-7o). Nao lida individualmente nesta fase. Recomenda-se leitura dedicada antes de usar como pratica de unidade.",Caderno Lei Maria da Penha - 1 ao 200.pdf,16
78,1839818,FUMARC,Del Pol (PC MG)/PC MG,2021,A,"Lei Maria da Penha (Lei 11.340/2006) determina que casos de violência doméstica e intrafamiliar que sejam tipificados como crime, devem ser apurados a…",PENDENTE_COMPARACAO_SUPABASE,,U1,1º a 4º da Lei nº 11.340/2006,BANCO_GERAL_MISSAO_FINAL,baixa,"Classificacao heuristica a partir do cabecalho de classificacao do TEC (arts. 1º a 4º da Lei nº 11.340/2006), integralmente dentro do intervalo de U1 (arts. 1o-7o). Nao lida individualmente nesta fase. Recomenda-se leitura dedicada antes de usar como pratica de unidade.",Caderno Lei Maria da Penha - 1 ao 200.pdf,16
79,1510319,Unifil,Cuid (Pref Tupãssi)/Pref Tupãssi,2020,B,"De acordo com Art. 2º da Lei 11.340, de 7/08/2006, toda mulher, independentemente de classe, raça, etnia, orientação sexual, renda, cultura, nível edu…",PENDENTE_COMPARACAO_SUPABASE,,U1,1º a 4º da Lei nº 11.340/2006,BANCO_GERAL_MISSAO_FINAL,baixa,"Classificacao heuristica a partir do cabecalho de classificacao do TEC (arts. 1º a 4º da Lei nº 11.340/2006), integralmente dentro do intervalo de U1 (arts. 1o-7o). Nao lida individualmente nesta fase. Recomenda-se leitura dedicada antes de usar como pratica de unidade.",Caderno Lei Maria da Penha - 1 ao 200.pdf,17
80,1510318,Unifil,Cuid (Pref Tupãssi)/Pref Tupãssi,2020,D,"A Lei nº 11.340, de 07/08/2006, criou mecanismos para coibir a violência doméstica e familiar contra a mulher, nos termos do § 8º do Art. 226 da Const…",PENDENTE_COMPARACAO_SUPABASE,,U1,1º a 4º da Lei nº 11.340/2006,BANCO_GERAL_MISSAO_FINAL,baixa,"Classificacao heuristica a partir do cabecalho de classificacao do TEC (arts. 1º a 4º da Lei nº 11.340/2006), integralmente dentro do intervalo de U1 (arts. 1o-7o). Nao lida individualmente nesta fase. Recomenda-se leitura dedicada antes de usar como pratica de unidade.",Caderno Lei Maria da Penha - 1 ao 200.pdf,17
81,1224650,Instituto AOCP,Ed Soc (Pref Betim)/Pref Betim,2020,E,"A Lei nº 11.340/2006, conhecida como Lei “Maria da Penha”, cria mecanismos para",PENDENTE_COMPARACAO_SUPABASE,,U1,1º a 4º da Lei nº 11.340/2006,BANCO_GERAL_MISSAO_FINAL,baixa,"Classificacao heuristica a partir do cabecalho de classificacao do TEC (arts. 1º a 4º da Lei nº 11.340/2006), integralmente dentro do intervalo de U1 (arts. 1o-7o). Nao lida individualmente nesta fase. Recomenda-se leitura dedicada antes de usar como pratica de unidade.",Caderno Lei Maria da Penha - 1 ao 200.pdf,17
82,1658147,FUNDATEC,GM (Pref Campo Bom)/Pref Campo Bom,2020,D,A Lei conhecida como “Lei Maria da Penha” trata sobre qual atitude que deve ter a atenção do Guarda Municipal durante o exercício das suas atividades?,PENDENTE_COMPARACAO_SUPABASE,,U1,1º a 4º da Lei nº 11.340/2006,BANCO_GERAL_MISSAO_FINAL,baixa,"Classificacao heuristica a partir do cabecalho de classificacao do TEC (arts. 1º a 4º da Lei nº 11.340/2006), integralmente dentro do intervalo de U1 (arts. 1o-7o). Nao lida individualmente nesta fase. Recomenda-se leitura dedicada antes de usar como pratica de unidade.",Caderno Lei Maria da Penha - 1 ao 200.pdf,17
83,1447418,QUADRIX,Ag Fisc (CRESS 26)/CRESS 26 (AC),2020,Certo,A Lei Maria da Penha é um importante instrumento utilizado no exercício profissional do assistente social. Para realizar a socialização de informações…,PENDENTE_COMPARACAO_SUPABASE,,U1,1º a 4º da Lei nº 11.340/2006,BANCO_GERAL_MISSAO_FINAL,baixa,"Classificacao heuristica a partir do cabecalho de classificacao do TEC (arts. 1º a 4º da Lei nº 11.340/2006), integralmente dentro do intervalo de U1 (arts. 1o-7o). Nao lida individualmente nesta fase. Recomenda-se leitura dedicada antes de usar como pratica de unidade.",Caderno Lei Maria da Penha - 1 ao 200.pdf,17
84,1052749,OBJETIVA CONCURSOS,Tec (Pref Jaú)/Pref Jaú/Enfermagem do PSF I,2019,A,"Em conformidade com a Lei nº 11.340/2006, analisar os itens abaixo: I. A violência doméstica e familiar contra a mulher constitui uma das formas de vi…",PENDENTE_COMPARACAO_SUPABASE,,U1,1º a 4º da Lei nº 11.340/2006,BANCO_GERAL_MISSAO_FINAL,baixa,"Classificacao heuristica a partir do cabecalho de classificacao do TEC (arts. 1º a 4º da Lei nº 11.340/2006), integralmente dentro do intervalo de U1 (arts. 1o-7o). Nao lida individualmente nesta fase. Recomenda-se leitura dedicada antes de usar como pratica de unidade.",Caderno Lei Maria da Penha - 1 ao 200.pdf,17
85,1076983,IBFC,Vig Patr (FSA)/FSA,2019,A,"Nos últimos tempos, tem aumentado a preocupação com a prevenção e combate à violência contra a mulher. A esse respeito, assinale a alternativa correta…",PENDENTE_COMPARACAO_SUPABASE,,U1,1º a 4º da Lei nº 11.340/2006,BANCO_GERAL_MISSAO_FINAL,baixa,"Classificacao heuristica a partir do cabecalho de classificacao do TEC (arts. 1º a 4º da Lei nº 11.340/2006), integralmente dentro do intervalo de U1 (arts. 1o-7o). Nao lida individualmente nesta fase. Recomenda-se leitura dedicada antes de usar como pratica de unidade.",Caderno Lei Maria da Penha - 1 ao 200.pdf,18
86,1593095,PRÓ-MUNICÍPIO,Insp Seg (OSHCP HCP)/OSHCP,2019,D,"A respeito da Lei Maria da Penha, Lei 11.340/2006, marque V (para verdadeiro) e F (para falso). ( ) Toda mulher, independentemente de classe, raça, et…",PENDENTE_COMPARACAO_SUPABASE,,U1,1º a 4º da Lei nº 11.340/2006,BANCO_GERAL_MISSAO_FINAL,baixa,"Classificacao heuristica a partir do cabecalho de classificacao do TEC (arts. 1º a 4º da Lei nº 11.340/2006), integralmente dentro do intervalo de U1 (arts. 1o-7o). Nao lida individualmente nesta fase. Recomenda-se leitura dedicada antes de usar como pratica de unidade.",Caderno Lei Maria da Penha - 1 ao 200.pdf,18
87,2561403,FAUEL,Psic (Guarapuava)/Pref Guarapuava,2019,B,"No que se refere ao objetivo da Lei Maria da Penha (Lei nº 11.340), é CORRETO afirmar que:",PENDENTE_COMPARACAO_SUPABASE,,U1,1º a 4º da Lei nº 11.340/2006,BANCO_GERAL_MISSAO_FINAL,baixa,"Classificacao heuristica a partir do cabecalho de classificacao do TEC (arts. 1º a 4º da Lei nº 11.340/2006), integralmente dentro do intervalo de U1 (arts. 1o-7o). Nao lida individualmente nesta fase. Recomenda-se leitura dedicada antes de usar como pratica de unidade.",Caderno Lei Maria da Penha - 1 ao 200.pdf,18
88,1747721,CSC IFPA,Ass Soc (IF PA)/IF PA,2019,D,"A Lei Maria da Penha, Lei Federal número 11.340 de 7 de agosto de 2006, cria mecanismos para coibir a violência doméstica e familiar contra a mulher. …",PENDENTE_COMPARACAO_SUPABASE,,U1,1º a 4º da Lei nº 11.340/2006,BANCO_GERAL_MISSAO_FINAL,baixa,"Classificacao heuristica a partir do cabecalho de classificacao do TEC (arts. 1º a 4º da Lei nº 11.340/2006), integralmente dentro do intervalo de U1 (arts. 1o-7o). Nao lida individualmente nesta fase. Recomenda-se leitura dedicada antes de usar como pratica de unidade.",Caderno Lei Maria da Penha - 1 ao 200.pdf,18
89,864577,IADES,Tec Enf (SEASTER PA)/SEASTER PA,2019,C,"A Lei nº 11.340/2006, denominada Lei Maria da Penha, cria mecanismos para coibir e prevenir a violência doméstica e familiar contra a mulher, bem como…",PENDENTE_COMPARACAO_SUPABASE,,U1,1º a 4º da Lei nº 11.340/2006,BANCO_GERAL_MISSAO_FINAL,baixa,"Classificacao heuristica a partir do cabecalho de classificacao do TEC (arts. 1º a 4º da Lei nº 11.340/2006), integralmente dentro do intervalo de U1 (arts. 1o-7o). Nao lida individualmente nesta fase. Recomenda-se leitura dedicada antes de usar como pratica de unidade.",Caderno Lei Maria da Penha - 1 ao 200.pdf,19
90,1529733,OBJETIVA CONCURSOS,CSoc (Pref Chapecó)/Pref Chapecó,2019,B,"Segundo a Lei nº 11.340/2006, analisar os itens abaixo: I. Serão asseguradas às mulheres as condições para o exercício efetivo dos direitos à vida, à …",PENDENTE_COMPARACAO_SUPABASE,,U1,1º a 4º da Lei nº 11.340/2006,BANCO_GERAL_MISSAO_FINAL,baixa,"Classificacao heuristica a partir do cabecalho de classificacao do TEC (arts. 1º a 4º da Lei nº 11.340/2006), integralmente dentro do intervalo de U1 (arts. 1o-7o). Nao lida individualmente nesta fase. Recomenda-se leitura dedicada antes de usar como pratica de unidade.",Caderno Lei Maria da Penha - 1 ao 200.pdf,19
91,1289893,OBJETIVA CONCURSOS,Enf (Pref SJ Ouro)/Pref SJ do Ouro,2019,A,"De acordo com a Lei nº 11.340/2006 - Lei Maria da Penha, assinalar a alternativa INCORRETA:",PENDENTE_COMPARACAO_SUPABASE,,U1,1º a 4º da Lei nº 11.340/2006,BANCO_GERAL_MISSAO_FINAL,baixa,"Classificacao heuristica a partir do cabecalho de classificacao do TEC (arts. 1º a 4º da Lei nº 11.340/2006), integralmente dentro do intervalo de U1 (arts. 1o-7o). Nao lida individualmente nesta fase. Recomenda-se leitura dedicada antes de usar como pratica de unidade.",Caderno Lei Maria da Penha - 1 ao 200.pdf,19
92,1287814,ADM&TEC,ASoc (Pref Pedra)/Pref Pedra,2019,B,"Leia as afirmativas a seguir: I. Toda mulher, independentemente de classe, raça, etnia, orientação sexual, renda, cultura, nível educacional, idade e …",PENDENTE_COMPARACAO_SUPABASE,,U1,1º a 4º da Lei nº 11.340/2006,BANCO_GERAL_MISSAO_FINAL,baixa,"Classificacao heuristica a partir do cabecalho de classificacao do TEC (arts. 1º a 4º da Lei nº 11.340/2006), integralmente dentro do intervalo de U1 (arts. 1o-7o). Nao lida individualmente nesta fase. Recomenda-se leitura dedicada antes de usar como pratica de unidade.",Caderno Lei Maria da Penha - 1 ao 200.pdf,19
93,1280016,OBJETIVA CONCURSOS,TEnf (S Cristóvão S)/Pref S Cristóvão Sul,2019,A,"Em conformidade com a Lei nº 11.340/2006, analisar os itens abaixo: I. Serão asseguradas às mulheres as condições para o exercício efetivo dos direito…",PENDENTE_COMPARACAO_SUPABASE,,U1,1º a 4º da Lei nº 11.340/2006,BANCO_GERAL_MISSAO_FINAL,baixa,"Classificacao heuristica a partir do cabecalho de classificacao do TEC (arts. 1º a 4º da Lei nº 11.340/2006), integralmente dentro do intervalo de U1 (arts. 1o-7o). Nao lida individualmente nesta fase. Recomenda-se leitura dedicada antes de usar como pratica de unidade.",Caderno Lei Maria da Penha - 1 ao 200.pdf,20
94,1272071,IBFC,1º Ten (PM BA)/PM BA/Médico/Cardiologia,2019,E,"Acerca das disposições legais da Lei n° 11.340/2006 (conhecida como “Lei Maria da Penha”), leia o artigo 2° abaixo: “Art. 2º: Toda mulher, independent…",PENDENTE_COMPARACAO_SUPABASE,,U1,1º a 4º da Lei nº 11.340/2006,BANCO_GERAL_MISSAO_FINAL,baixa,"Classificacao heuristica a partir do cabecalho de classificacao do TEC (arts. 1º a 4º da Lei nº 11.340/2006), integralmente dentro do intervalo de U1 (arts. 1o-7o). Nao lida individualmente nesta fase. Recomenda-se leitura dedicada antes de usar como pratica de unidade.",Caderno Lei Maria da Penha - 1 ao 200.pdf,20
95,3485122,CEPS Pref Arapiraca,Ass Soc (Pref Arapiraca)/Pref Arapiraca,2019,E,"A Lei n. 11.340, de 7 de agosto de 2006, cria mecanismos para coibir e prevenir a violência doméstica e familiar contra a mulher, nos termos do § 8o d…",PENDENTE_COMPARACAO_SUPABASE,,U1,1º a 4º da Lei nº 11.340/2006,BANCO_GERAL_MISSAO_FINAL,baixa,"Classificacao heuristica a partir do cabecalho de classificacao do TEC (arts. 1º a 4º da Lei nº 11.340/2006), integralmente dentro do intervalo de U1 (arts. 1o-7o). Nao lida individualmente nesta fase. Recomenda-se leitura dedicada antes de usar como pratica de unidade.",Caderno Lei Maria da Penha - 1 ao 200.pdf,20
96,951498,VUNESP,Edu Soc (Valinhos)/Pref Valinhos,2019,A,"Ainda que recente, não se pode negar a importância da Lei Maria da Penha, um mecanismo para garantir a proteção da mulher nos casos de violência domés…",PENDENTE_COMPARACAO_SUPABASE,,U1,1º a 4º da Lei nº 11.340/2006,BANCO_GERAL_MISSAO_FINAL,baixa,"Classificacao heuristica a partir do cabecalho de classificacao do TEC (arts. 1º a 4º da Lei nº 11.340/2006), integralmente dentro do intervalo de U1 (arts. 1o-7o). Nao lida individualmente nesta fase. Recomenda-se leitura dedicada antes de usar como pratica de unidade.",Caderno Lei Maria da Penha - 1 ao 200.pdf,20
97,962159,Unifil,Ori Soc (Jd Alegre)/Pref Jardim Alegre,2019,D,"A Lei nº 11.340/2006 criou para a violência doméstica e contra a , nos termos do Art. 226, § 8º da Constituição Federal, da Convenção sobre a Eliminaç…",PENDENTE_COMPARACAO_SUPABASE,,U1,1º a 4º da Lei nº 11.340/2006,BANCO_GERAL_MISSAO_FINAL,baixa,"Classificacao heuristica a partir do cabecalho de classificacao do TEC (arts. 1º a 4º da Lei nº 11.340/2006), integralmente dentro do intervalo de U1 (arts. 1o-7o). Nao lida individualmente nesta fase. Recomenda-se leitura dedicada antes de usar como pratica de unidade.",Caderno Lei Maria da Penha - 1 ao 200.pdf,20
98,989303,FCM,CEFETMINAS - ASoc (Bela Vista MG)/Pref B Vista MG/Departamento de Assistência Social,2019,D,"A Lei 11.340, de 7 de agosto de 2006 (Lei Maria da Penha), cria",PENDENTE_COMPARACAO_SUPABASE,,U1,1º a 4º da Lei nº 11.340/2006,BANCO_GERAL_MISSAO_FINAL,baixa,"Classificacao heuristica a partir do cabecalho de classificacao do TEC (arts. 1º a 4º da Lei nº 11.340/2006), integralmente dentro do intervalo de U1 (arts. 1o-7o). Nao lida individualmente nesta fase. Recomenda-se leitura dedicada antes de usar como pratica de unidade.",Caderno Lei Maria da Penha - 1 ao 200.pdf,21
99,1529832,OBJETIVA CONCURSOS,Enf (Pref Chapecó)/Pref Chapecó/Estomaterapeuta,2019,B,"A violência doméstica e familiar contra a mulher constitui uma das formas de violação dos direitos humanos. Considerando-se a Lei nº 11.340/2006, marc…",PENDENTE_COMPARACAO_SUPABASE,,U1,1º a 4º da Lei nº 11.340/2006,BANCO_GERAL_MISSAO_FINAL,baixa,"Classificacao heuristica a partir do cabecalho de classificacao do TEC (arts. 1º a 4º da Lei nº 11.340/2006), integralmente dentro do intervalo de U1 (arts. 1o-7o). Nao lida individualmente nesta fase. Recomenda-se leitura dedicada antes de usar como pratica de unidade.",Caderno Lei Maria da Penha - 1 ao 200.pdf,21
100,2152302,AMEOSC,A Soc (Pref B Bonita (SC))/Pref B Bonita (SC),2019,C,"Para os efeitos da Lei Maria da Penha, configura violência doméstica e familiar contra a mulher qualquer ação ou omissão baseada no gênero que lhe cau…",PENDENTE_COMPARACAO_SUPABASE,,U1,1º a 4º da Lei nº 11.340/2006,BANCO_GERAL_MISSAO_FINAL,baixa,"Classificacao heuristica a partir do cabecalho de classificacao do TEC (arts. 1º a 4º da Lei nº 11.340/2006), integralmente dentro do intervalo de U1 (arts. 1o-7o). Nao lida individualmente nesta fase. Recomenda-se leitura dedicada antes de usar como pratica de unidade.",Caderno Lei Maria da Penha - 1 ao 200.pdf,21
101,1397689,ADM&TEC,Ori Soc (Olivença)/Pref Olivença,2019,C,"Leia as afirmativas a seguir: I. O CRAS não deve ser instalado em locais próximos a famílias em situação de vulnerabilidade. II. Toda mulher, independ…",PENDENTE_COMPARACAO_SUPABASE,,U1,1º a 4º da Lei nº 11.340/2006,BANCO_GERAL_MISSAO_FINAL,baixa,"Classificacao heuristica a partir do cabecalho de classificacao do TEC (arts. 1º a 4º da Lei nº 11.340/2006), integralmente dentro do intervalo de U1 (arts. 1o-7o). Nao lida individualmente nesta fase. Recomenda-se leitura dedicada antes de usar como pratica de unidade.",Caderno Lei Maria da Penha - 1 ao 200.pdf,21
102,1355282,OBJETIVA CONCURSOS,ACS (Pref A Olinto)/Pref Antonio Olinto,2019,D,"Segundo a Lei nº 11.340/2006, toda mulher, independentemente de classe, raça, etnia, orientação sexual, renda, cultura, nível educacional, idade e rel…",PENDENTE_COMPARACAO_SUPABASE,,U1,1º a 4º da Lei nº 11.340/2006,BANCO_GERAL_MISSAO_FINAL,baixa,"Classificacao heuristica a partir do cabecalho de classificacao do TEC (arts. 1º a 4º da Lei nº 11.340/2006), integralmente dentro do intervalo de U1 (arts. 1o-7o). Nao lida individualmente nesta fase. Recomenda-se leitura dedicada antes de usar como pratica de unidade.",Caderno Lei Maria da Penha - 1 ao 200.pdf,22
103,1068477,VUNESP,ASoc (Pref Mogi das Cruzes)/Pref Mogi Cruzes,2019,B,"Toda mulher, independentemente de classe, raça, etnia, orientação sexual, renda, cultura, nível educacional, idade e religião, goza dos direitos funda…",PENDENTE_COMPARACAO_SUPABASE,,U1,1º a 4º da Lei nº 11.340/2006,BANCO_GERAL_MISSAO_FINAL,baixa,"Classificacao heuristica a partir do cabecalho de classificacao do TEC (arts. 1º a 4º da Lei nº 11.340/2006), integralmente dentro do intervalo de U1 (arts. 1o-7o). Nao lida individualmente nesta fase. Recomenda-se leitura dedicada antes de usar como pratica de unidade.",Caderno Lei Maria da Penha - 1 ao 200.pdf,22
104,832755,NUCEPE UESPI,GM (Pref Teresina)/Pref Teresina,2019,B,"à Lei Maria da Penha (11.340/2006), marque a alternativa CORRETA.",PENDENTE_COMPARACAO_SUPABASE,,U1,1º a 4º da Lei nº 11.340/2006,BANCO_GERAL_MISSAO_FINAL,baixa,"Classificacao heuristica a partir do cabecalho de classificacao do TEC (arts. 1º a 4º da Lei nº 11.340/2006), integralmente dentro do intervalo de U1 (arts. 1o-7o). Nao lida individualmente nesta fase. Recomenda-se leitura dedicada antes de usar como pratica de unidade.",Caderno Lei Maria da Penha - 1 ao 200.pdf,22
105,671809,VUNESP,Ass Soc (Pref Buritizal)/Pref Buritizal,2018,D,"Lei no 11.340/2006 (Lei Maria da Penha), ao criar mecanismos para coibir a violência doméstica e familiar contra a mulher, determina em seu art. 3o qu…",PENDENTE_COMPARACAO_SUPABASE,,U1,1º a 4º da Lei nº 11.340/2006,BANCO_GERAL_MISSAO_FINAL,baixa,"Classificacao heuristica a partir do cabecalho de classificacao do TEC (arts. 1º a 4º da Lei nº 11.340/2006), integralmente dentro do intervalo de U1 (arts. 1o-7o). Nao lida individualmente nesta fase. Recomenda-se leitura dedicada antes de usar como pratica de unidade.",Caderno Lei Maria da Penha - 1 ao 200.pdf,22
106,672689,OBJETIVA CONCURSOS,Coord (V. Graeff)/Pref Victor Graeff/CRAS,2018,B,"Segundo o que dispõe a Lei nº 11.340/2006, analisar os itens abaixo: I - Toda mulher, independentemente de classe, raça, etnia, orientação sexual, ren…",PENDENTE_COMPARACAO_SUPABASE,,U1,1º a 4º da Lei nº 11.340/2006,BANCO_GERAL_MISSAO_FINAL,baixa,"Classificacao heuristica a partir do cabecalho de classificacao do TEC (arts. 1º a 4º da Lei nº 11.340/2006), integralmente dentro do intervalo de U1 (arts. 1o-7o). Nao lida individualmente nesta fase. Recomenda-se leitura dedicada antes de usar como pratica de unidade.",Caderno Lei Maria da Penha - 1 ao 200.pdf,22
107,2196120,URI,Ass (Pref Santo Ângelo)/Pref Santo Ângelo,2018,A,"Segundo a Lei Maria da Penha, a violência doméstica e familiar contra a mulher constitui uma das formas de violação descrita corretamente na alternati…",PENDENTE_COMPARACAO_SUPABASE,,U1,1º a 4º da Lei nº 11.340/2006,BANCO_GERAL_MISSAO_FINAL,baixa,"Classificacao heuristica a partir do cabecalho de classificacao do TEC (arts. 1º a 4º da Lei nº 11.340/2006), integralmente dentro do intervalo de U1 (arts. 1o-7o). Nao lida individualmente nesta fase. Recomenda-se leitura dedicada antes de usar como pratica de unidade.",Caderno Lei Maria da Penha - 1 ao 200.pdf,23
108,1158509,ADM&TEC,ASoc (Pref Serra T)/Pref Serra Talhada,2018,B,"Leia as afirmativas a seguir: I. A violência moral contra a mulher é entendida como qualquer conduta que configure calúnia, difamação ou injúria. II. …",PENDENTE_COMPARACAO_SUPABASE,,U1,1º a 4º da Lei nº 11.340/2006,BANCO_GERAL_MISSAO_FINAL,baixa,"Classificacao heuristica a partir do cabecalho de classificacao do TEC (arts. 1º a 4º da Lei nº 11.340/2006), integralmente dentro do intervalo de U1 (arts. 1o-7o). Nao lida individualmente nesta fase. Recomenda-se leitura dedicada antes de usar como pratica de unidade.",Caderno Lei Maria da Penha - 1 ao 200.pdf,23
109,1158514,ADM&TEC,ASoc (Pref Serra T)/Pref Serra Talhada,2018,A,Leia as afirmativas a seguir: I. A interferência na formação psicológica da criança ou do adolescente promovida ou induzida por um dos genitores é con…,PENDENTE_COMPARACAO_SUPABASE,,U1,1º a 4º da Lei nº 11.340/2006,BANCO_GERAL_MISSAO_FINAL,baixa,"Classificacao heuristica a partir do cabecalho de classificacao do TEC (arts. 1º a 4º da Lei nº 11.340/2006), integralmente dentro do intervalo de U1 (arts. 1o-7o). Nao lida individualmente nesta fase. Recomenda-se leitura dedicada antes de usar como pratica de unidade.",Caderno Lei Maria da Penha - 1 ao 200.pdf,23
110,921710,FAFIPA,Ass Soc (Pref Loanda/Pref Loanda/NASF,2018,C,"Com relação ao previsto e instituído na Lei Maria da Penha, assinale a alternativa CORRETA:",PENDENTE_COMPARACAO_SUPABASE,,U1,1º a 4º da Lei nº 11.340/2006,BANCO_GERAL_MISSAO_FINAL,baixa,"Classificacao heuristica a partir do cabecalho de classificacao do TEC (arts. 1º a 4º da Lei nº 11.340/2006), integralmente dentro do intervalo de U1 (arts. 1o-7o). Nao lida individualmente nesta fase. Recomenda-se leitura dedicada antes de usar como pratica de unidade.",Caderno Lei Maria da Penha - 1 ao 200.pdf,23
111,538077,CPCON UEPB,Or Soc (Pref R Cruz)/Pref Riacho da Cruz,2017,B,"Julgue as assertivas abaixo com relação à lei Maria da Penha (lei nº 11.340, de 7/08/2006): I- Cria mecanismos para coibir e prevenir a violência domé…",PENDENTE_COMPARACAO_SUPABASE,,U1,1º a 4º da Lei nº 11.340/2006,BANCO_GERAL_MISSAO_FINAL,baixa,"Classificacao heuristica a partir do cabecalho de classificacao do TEC (arts. 1º a 4º da Lei nº 11.340/2006), integralmente dentro do intervalo de U1 (arts. 1o-7o). Nao lida individualmente nesta fase. Recomenda-se leitura dedicada antes de usar como pratica de unidade.",Caderno Lei Maria da Penha - 1 ao 200.pdf,23
112,1221043,FUNDEPES COPEVE-UFAL,GM (Pref BS Miguel (AL))/Pref BS Miguel (AL),2017,D,"Acerca da Lei nº 11.340/2006, é correto afirmar:",PENDENTE_COMPARACAO_SUPABASE,,U1,1º a 4º da Lei nº 11.340/2006,BANCO_GERAL_MISSAO_FINAL,baixa,"Classificacao heuristica a partir do cabecalho de classificacao do TEC (arts. 1º a 4º da Lei nº 11.340/2006), integralmente dentro do intervalo de U1 (arts. 1o-7o). Nao lida individualmente nesta fase. Recomenda-se leitura dedicada antes de usar como pratica de unidade.",Caderno Lei Maria da Penha - 1 ao 200.pdf,24
113,1550174,OBJETIVA CONCURSOS,AgLeg (CM Sta Maria)/CM Santa Maria/Vigilância,2016,D,"Em conformidade com a Lei nº 11.340/06, analisar a sentença abaixo: Toda mulher, dependendo da classe, raça, etnia, orientação sexual, renda, cultura,…",PENDENTE_COMPARACAO_SUPABASE,,U1,1º a 4º da Lei nº 11.340/2006,BANCO_GERAL_MISSAO_FINAL,baixa,"Classificacao heuristica a partir do cabecalho de classificacao do TEC (arts. 1º a 4º da Lei nº 11.340/2006), integralmente dentro do intervalo de U1 (arts. 1o-7o). Nao lida individualmente nesta fase. Recomenda-se leitura dedicada antes de usar como pratica de unidade.",Caderno Lei Maria da Penha - 1 ao 200.pdf,24
114,975211,FUNRIO,Ass Soc (IF Baiano)/IF Baiano,2016,C,"Para os efeitos da Lei nº 11.340 de 07/08/2006, configura violência doméstica e familiar contra a mulher qualquer ação ou omissão baseada no gênero qu…",PENDENTE_COMPARACAO_SUPABASE,,U1,1º a 4º da Lei nº 11.340/2006,BANCO_GERAL_MISSAO_FINAL,baixa,"Classificacao heuristica a partir do cabecalho de classificacao do TEC (arts. 1º a 4º da Lei nº 11.340/2006), integralmente dentro do intervalo de U1 (arts. 1o-7o). Nao lida individualmente nesta fase. Recomenda-se leitura dedicada antes de usar como pratica de unidade.",Caderno Lei Maria da Penha - 1 ao 200.pdf,24
115,1238180,CAIPIMES,GCM (Pref Sto André)/Pref Santo André/3ª Classe Feminino,2015,A,A Lei Maria da Penha: 1- cria mecanismos para coibir e prevenir a violência doméstica e familiar contra a mulher e estabelece medidas de assistência e…,PENDENTE_COMPARACAO_SUPABASE,,U1,1º a 4º da Lei nº 11.340/2006,BANCO_GERAL_MISSAO_FINAL,baixa,"Classificacao heuristica a partir do cabecalho de classificacao do TEC (arts. 1º a 4º da Lei nº 11.340/2006), integralmente dentro do intervalo de U1 (arts. 1o-7o). Nao lida individualmente nesta fase. Recomenda-se leitura dedicada antes de usar como pratica de unidade.",Caderno Lei Maria da Penha - 1 ao 200.pdf,24
116,1229752,CAIPIMES,Psic (Pref Mogi das Cruzes)/Pref Mogi Cruzes,2015,D,"A Lei nº 11.340, conhecida popularmente como Lei Maria da Penha, em vigor a partir de 2006, é reconhecida mundialmente no enfrentamento à violência co…",PENDENTE_COMPARACAO_SUPABASE,,U1,1º a 4º da Lei nº 11.340/2006,BANCO_GERAL_MISSAO_FINAL,baixa,"Classificacao heuristica a partir do cabecalho de classificacao do TEC (arts. 1º a 4º da Lei nº 11.340/2006), integralmente dentro do intervalo de U1 (arts. 1o-7o). Nao lida individualmente nesta fase. Recomenda-se leitura dedicada antes de usar como pratica de unidade.",Caderno Lei Maria da Penha - 1 ao 200.pdf,25
117,1238179,CAIPIMES,GCM (Pref Sto André)/Pref Santo André/3ª Classe Masculino,2015,B,É INCORRETO afirmar que no Preâmbulo e nos primeiros artigos das Disposições Preliminares da referida Lei consta que altera:,PENDENTE_COMPARACAO_SUPABASE,,U1,1º a 4º da Lei nº 11.340/2006,BANCO_GERAL_MISSAO_FINAL,baixa,"Classificacao heuristica a partir do cabecalho de classificacao do TEC (arts. 1º a 4º da Lei nº 11.340/2006), integralmente dentro do intervalo de U1 (arts. 1o-7o). Nao lida individualmente nesta fase. Recomenda-se leitura dedicada antes de usar como pratica de unidade.",Caderno Lei Maria da Penha - 1 ao 200.pdf,25
118,519852,Instituto AOCP,Ass Soc (Pref Angra)/Pref Angra,2015,C,"Sobre a Lei 11.340/2006, assinale a alternativa correta.",PENDENTE_COMPARACAO_SUPABASE,,U1,1º a 4º da Lei nº 11.340/2006,BANCO_GERAL_MISSAO_FINAL,baixa,"Classificacao heuristica a partir do cabecalho de classificacao do TEC (arts. 1º a 4º da Lei nº 11.340/2006), integralmente dentro do intervalo de U1 (arts. 1o-7o). Nao lida individualmente nesta fase. Recomenda-se leitura dedicada antes de usar como pratica de unidade.",Caderno Lei Maria da Penha - 1 ao 200.pdf,25
119,806505,CEFETBAHIA,Estag (DPE BA)/DPE BA/Nível Médio,2015,A,"Em 2006, foi aprovada a Lei ________________, que visa diminuir a violência contra a mulher. Essa lei é aplicada quando as mulheres sofrem violência, …",PENDENTE_COMPARACAO_SUPABASE,,U1,1º a 4º da Lei nº 11.340/2006,BANCO_GERAL_MISSAO_FINAL,baixa,"Classificacao heuristica a partir do cabecalho de classificacao do TEC (arts. 1º a 4º da Lei nº 11.340/2006), integralmente dentro do intervalo de U1 (arts. 1o-7o). Nao lida individualmente nesta fase. Recomenda-se leitura dedicada antes de usar como pratica de unidade.",Caderno Lei Maria da Penha - 1 ao 200.pdf,25
120,1103896,Legalle,Vis (Pref N Esp Sul)/Pref N Esper. do Sul,2015,E,A Lei Maria da Penha foi criada com o objetivo de:,PENDENTE_COMPARACAO_SUPABASE,,U1,1º a 4º da Lei nº 11.340/2006,BANCO_GERAL_MISSAO_FINAL,baixa,"Classificacao heuristica a partir do cabecalho de classificacao do TEC (arts. 1º a 4º da Lei nº 11.340/2006), integralmente dentro do intervalo de U1 (arts. 1o-7o). Nao lida individualmente nesta fase. Recomenda-se leitura dedicada antes de usar como pratica de unidade.",Caderno Lei Maria da Penha - 1 ao 200.pdf,25
121,1036729,Instituto CONSULPAM,ASoc (Pref N Olinda)/Pref Nova Olinda,2015,D,É INCORRETO dizer sobre a Lei Maria da Penha:,PENDENTE_COMPARACAO_SUPABASE,,U1,1º a 4º da Lei nº 11.340/2006,BANCO_GERAL_MISSAO_FINAL,baixa,"Classificacao heuristica a partir do cabecalho de classificacao do TEC (arts. 1º a 4º da Lei nº 11.340/2006), integralmente dentro do intervalo de U1 (arts. 1o-7o). Nao lida individualmente nesta fase. Recomenda-se leitura dedicada antes de usar como pratica de unidade.",Caderno Lei Maria da Penha - 1 ao 200.pdf,25
122,1238177,CAIPIMES,GCM (Pref Sto André)/Pref Santo André/3ª Classe Feminino,2015,D,"A Lei Nº 11.340, art. 3º da Lei Maria da Penha, assegura às mulheres as condições para o exercício efetivo dos direitos. Dentre a relação dos direitos…",PENDENTE_COMPARACAO_SUPABASE,,U1,1º a 4º da Lei nº 11.340/2006,BANCO_GERAL_MISSAO_FINAL,baixa,"Classificacao heuristica a partir do cabecalho de classificacao do TEC (arts. 1º a 4º da Lei nº 11.340/2006), integralmente dentro do intervalo de U1 (arts. 1o-7o). Nao lida individualmente nesta fase. Recomenda-se leitura dedicada antes de usar como pratica de unidade.",Caderno Lei Maria da Penha - 1 ao 200.pdf,26
123,335333,FGV,Con Leg (CM Recife)/CM Recife/Ciências Sociais e Políticas,2014,C,"A Lei Maria da Penha entrou em vigor em 22 de setembro de 2006. O nome da lei é uma homenagem a Maria da Penha Maia, que após sofrer seis anos de viol…",PENDENTE_COMPARACAO_SUPABASE,,U1,1º a 4º da Lei nº 11.340/2006,BANCO_GERAL_MISSAO_FINAL,baixa,"Classificacao heuristica a partir do cabecalho de classificacao do TEC (arts. 1º a 4º da Lei nº 11.340/2006), integralmente dentro do intervalo de U1 (arts. 1o-7o). Nao lida individualmente nesta fase. Recomenda-se leitura dedicada antes de usar como pratica de unidade.",Caderno Lei Maria da Penha - 1 ao 200.pdf,26
124,241971,VUNESP,Educ Soc (Pref RP)/Pref RP,2014,C,"É correto afirmar que uma das finalidades, entre outras, da Lei n.º 11.340, de 07 de agosto de 2006, conhecida como Lei Maria da Penha, é",PENDENTE_COMPARACAO_SUPABASE,,U1,1º a 4º da Lei nº 11.340/2006,BANCO_GERAL_MISSAO_FINAL,baixa,"Classificacao heuristica a partir do cabecalho de classificacao do TEC (arts. 1º a 4º da Lei nº 11.340/2006), integralmente dentro do intervalo de U1 (arts. 1o-7o). Nao lida individualmente nesta fase. Recomenda-se leitura dedicada antes de usar como pratica de unidade.",Caderno Lei Maria da Penha - 1 ao 200.pdf,26
125,278329,INCAB (ex-FUNCAB),Ag Adm (SEMCAS)/Pref Rio Branco (AC),2014,D,"A Lei Federal nº 11.340/2006, conhecida como Lei Maria da Penha, cria mecanismos para coibir e prevenir a violência contra a mulher, dispõe sobre a cr…",PENDENTE_COMPARACAO_SUPABASE,,U1,1º a 4º da Lei nº 11.340/2006,BANCO_GERAL_MISSAO_FINAL,baixa,"Classificacao heuristica a partir do cabecalho de classificacao do TEC (arts. 1º a 4º da Lei nº 11.340/2006), integralmente dentro do intervalo de U1 (arts. 1o-7o). Nao lida individualmente nesta fase. Recomenda-se leitura dedicada antes de usar como pratica de unidade.",Caderno Lei Maria da Penha - 1 ao 200.pdf,26
126,3197479,AOCP,ASoc (DESO)/DESO,2013,C,"Na interpretação da Lei Maria da Penha, serão considerados os fins sociais a que ela se destina e, especialmente, as condições peculiares das mulheres…",PENDENTE_COMPARACAO_SUPABASE,,U1,1º a 4º da Lei nº 11.340/2006,BANCO_GERAL_MISSAO_FINAL,baixa,"Classificacao heuristica a partir do cabecalho de classificacao do TEC (arts. 1º a 4º da Lei nº 11.340/2006), integralmente dentro do intervalo de U1 (arts. 1o-7o). Nao lida individualmente nesta fase. Recomenda-se leitura dedicada antes de usar como pratica de unidade.",Caderno Lei Maria da Penha - 1 ao 200.pdf,26
127,467766,FUNDATEC,TO (IRGA)/IRGA,2013,D,"Considerando o regramento previsto na Lei Federal nº 11.340/2006 (Lei Maria da Penha), analise as afirmações que seguem: I. Esta Lei cria mecanismos p…",PENDENTE_COMPARACAO_SUPABASE,,U1,1º a 4º da Lei nº 11.340/2006,BANCO_GERAL_MISSAO_FINAL,baixa,"Classificacao heuristica a partir do cabecalho de classificacao do TEC (arts. 1º a 4º da Lei nº 11.340/2006), integralmente dentro do intervalo de U1 (arts. 1o-7o). Nao lida individualmente nesta fase. Recomenda-se leitura dedicada antes de usar como pratica de unidade.",Caderno Lei Maria da Penha - 1 ao 200.pdf,26
128,496084,ESPP,Psico (MPE PR)/MPE PR,2013,C,"A Lei nº 11.340 de 7 de agosto de 2006, ficou conhecida como Lei Maria da Penha e é resultado de uma luta histórica dos movimentos feministas e de mul…",PENDENTE_COMPARACAO_SUPABASE,,U1,1º a 4º da Lei nº 11.340/2006,BANCO_GERAL_MISSAO_FINAL,baixa,"Classificacao heuristica a partir do cabecalho de classificacao do TEC (arts. 1º a 4º da Lei nº 11.340/2006), integralmente dentro do intervalo de U1 (arts. 1o-7o). Nao lida individualmente nesta fase. Recomenda-se leitura dedicada antes de usar como pratica de unidade.",Caderno Lei Maria da Penha - 1 ao 200.pdf,27
129,1247948,CAIPIMES,Ass (Pref Sto André)/Pref Santo André/Social I,2012,B,"O artigo 1º da Lei Maria da Penha, dispõe sobre a criação:",PENDENTE_COMPARACAO_SUPABASE,,U1,1º a 4º da Lei nº 11.340/2006,BANCO_GERAL_MISSAO_FINAL,baixa,"Classificacao heuristica a partir do cabecalho de classificacao do TEC (arts. 1º a 4º da Lei nº 11.340/2006), integralmente dentro do intervalo de U1 (arts. 1o-7o). Nao lida individualmente nesta fase. Recomenda-se leitura dedicada antes de usar como pratica de unidade.",Caderno Lei Maria da Penha - 1 ao 200.pdf,27
130,579391,FCC,ATE (SEE MG)/SEE MG/Nível I Grau A/Técnico - Apoio Técnico em SRE e no Órgão Central da SEE,2012,A,"Uma mulher, vítima de violência doméstica que resultou em lesões irreversíveis a sua saúde, como paraplegia e outras sequelas, se transformou em símbo…",PENDENTE_COMPARACAO_SUPABASE,,U1,1º a 4º da Lei nº 11.340/2006,BANCO_GERAL_MISSAO_FINAL,baixa,"Classificacao heuristica a partir do cabecalho de classificacao do TEC (arts. 1º a 4º da Lei nº 11.340/2006), integralmente dentro do intervalo de U1 (arts. 1o-7o). Nao lida individualmente nesta fase. Recomenda-se leitura dedicada antes de usar como pratica de unidade.",Caderno Lei Maria da Penha - 1 ao 200.pdf,27
131,455023,CEBRASPE (CESPE),Of (PM DF)/PM DF/Especialista/Manutenção em Comunicações,2010,Certo,"Com relação à Lei Maria da Penha, julgue o seguinte item. Toda mulher goza dos direitos fundamentais inerentes à pessoa humana, sendo-lhe asseguradas …",PENDENTE_COMPARACAO_SUPABASE,,U1,1º a 4º da Lei nº 11.340/2006,BANCO_GERAL_MISSAO_FINAL,baixa,"Classificacao heuristica a partir do cabecalho de classificacao do TEC (arts. 1º a 4º da Lei nº 11.340/2006), integralmente dentro do intervalo de U1 (arts. 1o-7o). Nao lida individualmente nesta fase. Recomenda-se leitura dedicada antes de usar como pratica de unidade.",Caderno Lei Maria da Penha - 1 ao 200.pdf,27
132,1530784,CEBRASPE (CESPE),Ass Soc (UNIPAMPA)/UNIPAMPA,2009,Certo,"Assistentes sociais trabalham com as mais diversas expressões da questão social, esclarecendo à população seus direitos sociais e os meios de acesso a…",PENDENTE_COMPARACAO_SUPABASE,,U1,1º a 4º da Lei nº 11.340/2006,BANCO_GERAL_MISSAO_FINAL,baixa,"Classificacao heuristica a partir do cabecalho de classificacao do TEC (arts. 1º a 4º da Lei nº 11.340/2006), integralmente dentro do intervalo de U1 (arts. 1o-7o). Nao lida individualmente nesta fase. Recomenda-se leitura dedicada antes de usar como pratica de unidade.",Caderno Lei Maria da Penha - 1 ao 200.pdf,28
133,2545096,FCC,AJ (TJ PA)/TJ PA/Assistente Social,2009,A,"Segundo a Lei nº 11.340, de 7 de agosto de 2006 (Lei Maria da Penha), cria mecanismos para coibir a violência doméstica e familiar contra a mulher, no…",PENDENTE_COMPARACAO_SUPABASE,,U1,1º a 4º da Lei nº 11.340/2006,BANCO_GERAL_MISSAO_FINAL,baixa,"Classificacao heuristica a partir do cabecalho de classificacao do TEC (arts. 1º a 4º da Lei nº 11.340/2006), integralmente dentro do intervalo de U1 (arts. 1o-7o). Nao lida individualmente nesta fase. Recomenda-se leitura dedicada antes de usar como pratica de unidade.",Caderno Lei Maria da Penha - 1 ao 200.pdf,28
134,2853020,VUNESP,Prof EFM (SEDUC SP)/SEDUC SP/Sociologia,2009,D,"Mecanismos de combate à violência doméstica e familiar contra a mulher foram criados pela Lei n.º 11.340, de 07 de Agosto de 2006. Essa lei ficou conh…",PENDENTE_COMPARACAO_SUPABASE,,U1,1º a 4º da Lei nº 11.340/2006,BANCO_GERAL_MISSAO_FINAL,baixa,"Classificacao heuristica a partir do cabecalho de classificacao do TEC (arts. 1º a 4º da Lei nº 11.340/2006), integralmente dentro do intervalo de U1 (arts. 1o-7o). Nao lida individualmente nesta fase. Recomenda-se leitura dedicada antes de usar como pratica de unidade.",Caderno Lei Maria da Penha - 1 ao 200.pdf,28
135,1322346,CEBRASPE (CESPE),Med Leg (PC TO)/PC TO,2008,Certo,"Após discussão entre casal e ocorrência de “vias de fato”, o marido e a esposa foram levados à delegacia e, a seguir, ao IML. A esposa apresentava equ…",PENDENTE_COMPARACAO_SUPABASE,,U1,1º a 4º da Lei nº 11.340/2006,BANCO_GERAL_MISSAO_FINAL,baixa,"Classificacao heuristica a partir do cabecalho de classificacao do TEC (arts. 1º a 4º da Lei nº 11.340/2006), integralmente dentro do intervalo de U1 (arts. 1o-7o). Nao lida individualmente nesta fase. Recomenda-se leitura dedicada antes de usar como pratica de unidade.",Caderno Lei Maria da Penha - 1 ao 200.pdf,28
136,1719996,Marinha,QT (Marinha)/Marinha/Serviço Social,2008,E,"A Lei 11.340/2006, conhecida como a Lei Maria da Penha, cria mecanismos para",PENDENTE_COMPARACAO_SUPABASE,,U1,1º a 4º da Lei nº 11.340/2006,BANCO_GERAL_MISSAO_FINAL,baixa,"Classificacao heuristica a partir do cabecalho de classificacao do TEC (arts. 1º a 4º da Lei nº 11.340/2006), integralmente dentro do intervalo de U1 (arts. 1o-7o). Nao lida individualmente nesta fase. Recomenda-se leitura dedicada antes de usar como pratica de unidade.",Caderno Lei Maria da Penha - 1 ao 200.pdf,28
137,3749543,IGEDUC,ASoc (Pref Calçado)/Pref Calçado,2026,B,"A Lei Maria da Penha (Lei nº 11.340/2006) é o principal marco legal no combate à violência doméstica e familiar contra a mulher no Brasil, estabelecen…",PENDENTE_COMPARACAO_SUPABASE,,U1,5º a 7º da Lei nº 11.340/2006,BANCO_GERAL_MISSAO_FINAL,baixa,"Classificacao heuristica a partir do cabecalho de classificacao do TEC (arts. 5º a 7º da Lei nº 11.340/2006), integralmente dentro do intervalo de U1 (arts. 1o-7o). Nao lida individualmente nesta fase. Recomenda-se leitura dedicada antes de usar como pratica de unidade.",Caderno Lei Maria da Penha - 1 ao 200.pdf,28
138,3803127,PS Concursos,Coord (Pref Timbé do Sul)/Pref Timbé do Sul/Social de Alta Complexidade,2026,E,"Conforme disposto na Lei nº 11.340, de 7 de agosto de 2006 (Lei Maria da Penha), assinale a alternativa que NÃO corresponde a uma das formas de violên…",PENDENTE_COMPARACAO_SUPABASE,,U1,5º a 7º da Lei nº 11.340/2006,BANCO_GERAL_MISSAO_FINAL,baixa,"Classificacao heuristica a partir do cabecalho de classificacao do TEC (arts. 5º a 7º da Lei nº 11.340/2006), integralmente dentro do intervalo de U1 (arts. 1o-7o). Nao lida individualmente nesta fase. Recomenda-se leitura dedicada antes de usar como pratica de unidade.",Caderno Lei Maria da Penha - 1 ao 200.pdf,29
139,3795016,CEPUERJ,Res Jur (UERJ)/UERJ,2026,D,"Duas mulheres tiveram relacionamento afetivo, durante o qual ambas permaneceram morando em suas respectivas residências. Após o término do relacioname…",PENDENTE_COMPARACAO_SUPABASE,,U1,5º a 7º da Lei nº 11.340/2006,BANCO_GERAL_MISSAO_FINAL,baixa,"Classificacao heuristica a partir do cabecalho de classificacao do TEC (arts. 5º a 7º da Lei nº 11.340/2006), integralmente dentro do intervalo de U1 (arts. 1o-7o). Nao lida individualmente nesta fase. Recomenda-se leitura dedicada antes de usar como pratica de unidade.",Caderno Lei Maria da Penha - 1 ao 200.pdf,29
140,4114069,FUNDATEC,Ag (Pref Carlos Barbosa)/Pref Carlos Barbosa/Administrativo,2026,B,"Em abril de 2026, foi reconhecida uma nova forma de violência doméstica e familiar contra a mulher pela Lei Maria da Penha. Entendida como qualquer fo…",PENDENTE_COMPARACAO_SUPABASE,,U1,5º a 7º da Lei nº 11.340/2006,BANCO_GERAL_MISSAO_FINAL,baixa,"Classificacao heuristica a partir do cabecalho de classificacao do TEC (arts. 5º a 7º da Lei nº 11.340/2006), integralmente dentro do intervalo de U1 (arts. 1o-7o). Nao lida individualmente nesta fase. Recomenda-se leitura dedicada antes de usar como pratica de unidade.",Caderno Lei Maria da Penha - 1 ao 200.pdf,29
141,3856073,PROMUN,Of Esc (Pref (Pref Cpo Jordão)/Pref Cpo Jordão,2026,C,"Sob a perspectiva da Lei Nº 11.340/2006 – Lei Maria da Penha, são consideradas formas de violência doméstica e familiar contra a mulher: I. Patrimonia…",PENDENTE_COMPARACAO_SUPABASE,,U1,5º a 7º da Lei nº 11.340/2006,BANCO_GERAL_MISSAO_FINAL,baixa,"Classificacao heuristica a partir do cabecalho de classificacao do TEC (arts. 5º a 7º da Lei nº 11.340/2006), integralmente dentro do intervalo de U1 (arts. 1o-7o). Nao lida individualmente nesta fase. Recomenda-se leitura dedicada antes de usar como pratica de unidade.",Caderno Lei Maria da Penha - 1 ao 200.pdf,29
142,3828140,FUNDATEC,AFT (Pref Três Passos)/Pref Três Passos,2026,A,"A Lei Maria da Penha é uma legislação brasileira que cria mecanismos para coibir e prevenir a violência doméstica e familiar contra a mulher, estabele…",PENDENTE_COMPARACAO_SUPABASE,,U1,5º a 7º da Lei nº 11.340/2006,BANCO_GERAL_MISSAO_FINAL,baixa,"Classificacao heuristica a partir do cabecalho de classificacao do TEC (arts. 5º a 7º da Lei nº 11.340/2006), integralmente dentro do intervalo de U1 (arts. 1o-7o). Nao lida individualmente nesta fase. Recomenda-se leitura dedicada antes de usar como pratica de unidade.",Caderno Lei Maria da Penha - 1 ao 200.pdf,29
143,3845700,AVANÇASP,Proc JM (Pref Potim)/Pref Potim,2026,D,"Marina, ao longo de seu relacionamento, passou a sofrer mudanças em sua autoestima. Seu parceiro frequentemente a humilhava, insultava suas crenças, c…",PENDENTE_COMPARACAO_SUPABASE,,U1,5º a 7º da Lei nº 11.340/2006,BANCO_GERAL_MISSAO_FINAL,baixa,"Classificacao heuristica a partir do cabecalho de classificacao do TEC (arts. 5º a 7º da Lei nº 11.340/2006), integralmente dentro do intervalo de U1 (arts. 1o-7o). Nao lida individualmente nesta fase. Recomenda-se leitura dedicada antes de usar como pratica de unidade.",Caderno Lei Maria da Penha - 1 ao 200.pdf,30
144,4015013,FUNDATEC,Moto (Pref Ivorá)/Pref Ivorá,2026,B,"De acordo com o art. 5º da Lei nº 11.340/2006 (Lei Maria da Penha), para os efeitos dessa Lei, configura violência doméstica e familiar contra a mulhe…",PENDENTE_COMPARACAO_SUPABASE,,U1,5º a 7º da Lei nº 11.340/2006,BANCO_GERAL_MISSAO_FINAL,baixa,"Classificacao heuristica a partir do cabecalho de classificacao do TEC (arts. 5º a 7º da Lei nº 11.340/2006), integralmente dentro do intervalo de U1 (arts. 1o-7o). Nao lida individualmente nesta fase. Recomenda-se leitura dedicada antes de usar como pratica de unidade.",Caderno Lei Maria da Penha - 1 ao 200.pdf,30
145,3805712,FCC,Ana (MPE SE)/MPE SE/Psicologia,2026,C,"A Lei Maria da Penha (Lei nº 11.340/2006) criou mecanismos para coibir e prevenir a violência doméstica e familiar contra a mulher, tendo estabelecido…",PENDENTE_COMPARACAO_SUPABASE,,U1,5º a 7º da Lei nº 11.340/2006,BANCO_GERAL_MISSAO_FINAL,baixa,"Classificacao heuristica a partir do cabecalho de classificacao do TEC (arts. 5º a 7º da Lei nº 11.340/2006), integralmente dentro do intervalo de U1 (arts. 1o-7o). Nao lida individualmente nesta fase. Recomenda-se leitura dedicada antes de usar como pratica de unidade.",Caderno Lei Maria da Penha - 1 ao 200.pdf,30
146,3771990,Unifil,Psi (Pref Amélia)/Pref Amélia/II,2026,D,A Lei Maria da Penha (Lei nº 11.340/2006) é um marco fundamental no enfrentamento à violência contra a mulher no Brasil. Sua importância está em vária…,PENDENTE_COMPARACAO_SUPABASE,,U1,5º a 7º da Lei nº 11.340/2006,BANCO_GERAL_MISSAO_FINAL,baixa,"Classificacao heuristica a partir do cabecalho de classificacao do TEC (arts. 5º a 7º da Lei nº 11.340/2006), integralmente dentro do intervalo de U1 (arts. 1o-7o). Nao lida individualmente nesta fase. Recomenda-se leitura dedicada antes de usar como pratica de unidade.",Caderno Lei Maria da Penha - 1 ao 200.pdf,30
147,3818144,AMAUC,Ass Soc (Pref Irani)/Pref Irani,2026,B,A Lei nº 11.340/2006 cria mecanismos para coibir e prevenir a violência doméstica e familiar contra a mulher. A lei tipifica diferentes formas de viol…,PENDENTE_COMPARACAO_SUPABASE,,U1,5º a 7º da Lei nº 11.340/2006,BANCO_GERAL_MISSAO_FINAL,baixa,"Classificacao heuristica a partir do cabecalho de classificacao do TEC (arts. 5º a 7º da Lei nº 11.340/2006), integralmente dentro do intervalo de U1 (arts. 1o-7o). Nao lida individualmente nesta fase. Recomenda-se leitura dedicada antes de usar como pratica de unidade.",Caderno Lei Maria da Penha - 1 ao 200.pdf,31
148,3772977,CETAP,ASoc (Pref Viseu)/Pref Viseu,2026,A,"Para os efeitos da Lei Maria da Penha, configura violência doméstica e familiar contra a mulher qualquer ação ou omissão baseada no gênero que lhe cau…",PENDENTE_COMPARACAO_SUPABASE,,U1,5º a 7º da Lei nº 11.340/2006,BANCO_GERAL_MISSAO_FINAL,baixa,"Classificacao heuristica a partir do cabecalho de classificacao do TEC (arts. 5º a 7º da Lei nº 11.340/2006), integralmente dentro do intervalo de U1 (arts. 1o-7o). Nao lida individualmente nesta fase. Recomenda-se leitura dedicada antes de usar como pratica de unidade.",Caderno Lei Maria da Penha - 1 ao 200.pdf,31
149,3801265,FUNDATEC,Enf (Pref Agudo)/Pref Agudo,2026,C,"Uma mulher adulta relata ter sofrido reiteradas ameaças e controle psicológico por parte de sua irmã, com quem reside no mesmo imóvel, em contexto de …",PENDENTE_COMPARACAO_SUPABASE,,U1,5º a 7º da Lei nº 11.340/2006,BANCO_GERAL_MISSAO_FINAL,baixa,"Classificacao heuristica a partir do cabecalho de classificacao do TEC (arts. 5º a 7º da Lei nº 11.340/2006), integralmente dentro do intervalo de U1 (arts. 1o-7o). Nao lida individualmente nesta fase. Recomenda-se leitura dedicada antes de usar como pratica de unidade.",Caderno Lei Maria da Penha - 1 ao 200.pdf,31
150,4041994,CEBRASPE (CESPE),Alun Of (PM DF)/PM DF,2026,B,"Em relação às formas de violência doméstica e familiar contra a mulher, julgue os itens seguintes, conforme a Lei Maria da Penha. I. Configura-se viol…",PENDENTE_COMPARACAO_SUPABASE,,U1,5º a 7º da Lei nº 11.340/2006,BANCO_GERAL_MISSAO_FINAL,baixa,"Classificacao heuristica a partir do cabecalho de classificacao do TEC (arts. 5º a 7º da Lei nº 11.340/2006), integralmente dentro do intervalo de U1 (arts. 1o-7o). Nao lida individualmente nesta fase. Recomenda-se leitura dedicada antes de usar como pratica de unidade.",Caderno Lei Maria da Penha - 1 ao 200.pdf,31
151,3979218,SELECON,Ass (UFRJ)/UFRJ/Administração,2026,A,"Por meio de lei específica, foi instituído programa para prevenir e enfrentar a prática do assédio sexual e de crimes contra a dignidade sexual e de t…",PENDENTE_COMPARACAO_SUPABASE,,U1,5º a 7º da Lei nº 11.340/2006,BANCO_GERAL_MISSAO_FINAL,baixa,"Classificacao heuristica a partir do cabecalho de classificacao do TEC (arts. 5º a 7º da Lei nº 11.340/2006), integralmente dentro do intervalo de U1 (arts. 1o-7o). Nao lida individualmente nesta fase. Recomenda-se leitura dedicada antes de usar como pratica de unidade.",Caderno Lei Maria da Penha - 1 ao 200.pdf,32
152,3966881,IDECAN,Ass Soc (UNILAB)/UNILAB,2026,D,"No tocante a Lei Maria da Penha (Lei nº 11.340/2006), são formas de violência doméstica e familiar contra a mulher, entre outras, aquela entendida com…",PENDENTE_COMPARACAO_SUPABASE,,U1,5º a 7º da Lei nº 11.340/2006,BANCO_GERAL_MISSAO_FINAL,baixa,"Classificacao heuristica a partir do cabecalho de classificacao do TEC (arts. 5º a 7º da Lei nº 11.340/2006), integralmente dentro do intervalo de U1 (arts. 1o-7o). Nao lida individualmente nesta fase. Recomenda-se leitura dedicada antes de usar como pratica de unidade.",Caderno Lei Maria da Penha - 1 ao 200.pdf,32
153,3803405,PS Concursos,Psic (Pref Timbé do Sul)/Pref Timbé do Sul,2026,D,"Estão previstos cinco tipos de violência doméstica e familiar contra a mulher na Lei Maria da Penha: física, psicológica, moral, sexual e patrimonial.…",PENDENTE_COMPARACAO_SUPABASE,,U1,5º a 7º da Lei nº 11.340/2006,BANCO_GERAL_MISSAO_FINAL,baixa,"Classificacao heuristica a partir do cabecalho de classificacao do TEC (arts. 5º a 7º da Lei nº 11.340/2006), integralmente dentro do intervalo de U1 (arts. 1o-7o). Nao lida individualmente nesta fase. Recomenda-se leitura dedicada antes de usar como pratica de unidade.",Caderno Lei Maria da Penha - 1 ao 200.pdf,32
154,3779878,IMPARH,PTNS (SDHDS)/Pref Fortaleza/Pedagogia,2026,C,"A Lei Maria da Penha (Lei nº 11.340/2006) define diferentes formas de violência doméstica e familiar contra a mulher. Sobre essa definição, assinale a…",PENDENTE_COMPARACAO_SUPABASE,,U1,5º a 7º da Lei nº 11.340/2006,BANCO_GERAL_MISSAO_FINAL,baixa,"Classificacao heuristica a partir do cabecalho de classificacao do TEC (arts. 5º a 7º da Lei nº 11.340/2006), integralmente dentro do intervalo de U1 (arts. 1o-7o). Nao lida individualmente nesta fase. Recomenda-se leitura dedicada antes de usar como pratica de unidade.",Caderno Lei Maria da Penha - 1 ao 200.pdf,32
155,3956879,VUNESP,GCM (Pref SP)/Pref SP,2026,E,"De acordo com a Lei nº 11.340/06 (Lei Maria da Penha), assinale a alternativa correta.",PENDENTE_COMPARACAO_SUPABASE,,U1,5º a 7º da Lei nº 11.340/2006,BANCO_GERAL_MISSAO_FINAL,baixa,"Classificacao heuristica a partir do cabecalho de classificacao do TEC (arts. 5º a 7º da Lei nº 11.340/2006), integralmente dentro do intervalo de U1 (arts. 1o-7o). Nao lida individualmente nesta fase. Recomenda-se leitura dedicada antes de usar como pratica de unidade.",Caderno Lei Maria da Penha - 1 ao 200.pdf,32
156,3791630,Instituto AOCP,Pol Pen (DEPEN MG)/DEPEN MG,2026,D,"Letícia vive em união estável com Renato. Após discussões, Renato reteve os documentos pessoais de Letícia (RG e CPF), subtraiu o cartão bancário e de…",PENDENTE_COMPARACAO_SUPABASE,,U1,5º a 7º da Lei nº 11.340/2006,BANCO_GERAL_MISSAO_FINAL,baixa,"Classificacao heuristica a partir do cabecalho de classificacao do TEC (arts. 5º a 7º da Lei nº 11.340/2006), integralmente dentro do intervalo de U1 (arts. 1o-7o). Nao lida individualmente nesta fase. Recomenda-se leitura dedicada antes de usar como pratica de unidade.",Caderno Lei Maria da Penha - 1 ao 200.pdf,32
157,3815893,FUNATEC,Ass Soc (Pref V Mearim)/Pref V Mearim,2026,C,"No âmbito da legislação brasileira, a violência doméstica é compreendida de forma ampla e multifacetada. Assinale a alternativa que expressa corretame…",PENDENTE_COMPARACAO_SUPABASE,,U1,5º a 7º da Lei nº 11.340/2006,BANCO_GERAL_MISSAO_FINAL,baixa,"Classificacao heuristica a partir do cabecalho de classificacao do TEC (arts. 5º a 7º da Lei nº 11.340/2006), integralmente dentro do intervalo de U1 (arts. 1o-7o). Nao lida individualmente nesta fase. Recomenda-se leitura dedicada antes de usar como pratica de unidade.",Caderno Lei Maria da Penha - 1 ao 200.pdf,33
158,3363059,FUNDATEC,ASoc (Tangará S)/Pref Tangará da S,2025,D,"De acordo com a Lei Maria da Penha, analise as assertivas abaixo: I. É forma de violência doméstica e familiar contra a mulher, entre outras, a violên…",PENDENTE_COMPARACAO_SUPABASE,,U1,5º a 7º da Lei nº 11.340/2006,BANCO_GERAL_MISSAO_FINAL,baixa,"Classificacao heuristica a partir do cabecalho de classificacao do TEC (arts. 5º a 7º da Lei nº 11.340/2006), integralmente dentro do intervalo de U1 (arts. 1o-7o). Nao lida individualmente nesta fase. Recomenda-se leitura dedicada antes de usar como pratica de unidade.",Caderno Lei Maria da Penha - 1 ao 200.pdf,33
159,3790587,AMEOSC,Ori Soc (Pref Anchieta (SC))/Pref Anchieta (SC),2025,C,A Lei Maria da Penha (Lei nº 11.340/2006) representa um marco na luta contra a violência doméstica e familiar contra a mulher. Sobre as formas de viol…,PENDENTE_COMPARACAO_SUPABASE,,U1,5º a 7º da Lei nº 11.340/2006,BANCO_GERAL_MISSAO_FINAL,baixa,"Classificacao heuristica a partir do cabecalho de classificacao do TEC (arts. 5º a 7º da Lei nº 11.340/2006), integralmente dentro do intervalo de U1 (arts. 1o-7o). Nao lida individualmente nesta fase. Recomenda-se leitura dedicada antes de usar como pratica de unidade.",Caderno Lei Maria da Penha - 1 ao 200.pdf,33
160,3754603,SELECON,Ass Soc (Pref Marcelândia)/Pref Marcelândia,2025,C,"Joseane vive uma relação abusiva com seu companheiro, Arthur, que vem crescendo dia-a-dia. Atualmente, Arthur impõe limitações aos lugares e horários …",PENDENTE_COMPARACAO_SUPABASE,,U1,5º a 7º da Lei nº 11.340/2006,BANCO_GERAL_MISSAO_FINAL,baixa,"Classificacao heuristica a partir do cabecalho de classificacao do TEC (arts. 5º a 7º da Lei nº 11.340/2006), integralmente dentro do intervalo de U1 (arts. 1o-7o). Nao lida individualmente nesta fase. Recomenda-se leitura dedicada antes de usar como pratica de unidade.",Caderno Lei Maria da Penha - 1 ao 200.pdf,33
161,3750700,FUNDATEC,At Ger (Pref Soledade (RS))/Pref Soledade (RS),2025,E,"De acordo com a Lei Maria da Penha, qual das alternativas abaixo caracteriza violência psicológica?",PENDENTE_COMPARACAO_SUPABASE,,U1,5º a 7º da Lei nº 11.340/2006,BANCO_GERAL_MISSAO_FINAL,baixa,"Classificacao heuristica a partir do cabecalho de classificacao do TEC (arts. 5º a 7º da Lei nº 11.340/2006), integralmente dentro do intervalo de U1 (arts. 1o-7o). Nao lida individualmente nesta fase. Recomenda-se leitura dedicada antes de usar como pratica de unidade.",Caderno Lei Maria da Penha - 1 ao 200.pdf,33
162,3750522,FUNDATEC,Moto (Pref Soledade (RS))/Pref Soledade (RS),2025,A,"Segundo a Lei Maria da Penha, quem pode ser considerada vítima de violência doméstica e familiar?",PENDENTE_COMPARACAO_SUPABASE,,U1,5º a 7º da Lei nº 11.340/2006,BANCO_GERAL_MISSAO_FINAL,baixa,"Classificacao heuristica a partir do cabecalho de classificacao do TEC (arts. 5º a 7º da Lei nº 11.340/2006), integralmente dentro do intervalo de U1 (arts. 1o-7o). Nao lida individualmente nesta fase. Recomenda-se leitura dedicada antes de usar como pratica de unidade.",Caderno Lei Maria da Penha - 1 ao 200.pdf,34
163,3750520,FUNDATEC,Moto (Pref Soledade (RS))/Pref Soledade (RS),2025,D,"Conforme a Lei Maria da Penha, é entendida como violência contra a mulher a violência:",PENDENTE_COMPARACAO_SUPABASE,,U1,5º a 7º da Lei nº 11.340/2006,BANCO_GERAL_MISSAO_FINAL,baixa,"Classificacao heuristica a partir do cabecalho de classificacao do TEC (arts. 5º a 7º da Lei nº 11.340/2006), integralmente dentro do intervalo de U1 (arts. 1o-7o). Nao lida individualmente nesta fase. Recomenda-se leitura dedicada antes de usar como pratica de unidade.",Caderno Lei Maria da Penha - 1 ao 200.pdf,34
164,3750109,FUNDATEC,Of Adm (Pref Soledade (RS))/Pref Soledade (RS),2025,E,"Conforme a Lei Maria da Penha, para fins de aplicação da norma, considera-se unidade doméstica:",PENDENTE_COMPARACAO_SUPABASE,,U1,5º a 7º da Lei nº 11.340/2006,BANCO_GERAL_MISSAO_FINAL,baixa,"Classificacao heuristica a partir do cabecalho de classificacao do TEC (arts. 5º a 7º da Lei nº 11.340/2006), integralmente dentro do intervalo de U1 (arts. 1o-7o). Nao lida individualmente nesta fase. Recomenda-se leitura dedicada antes de usar como pratica de unidade.",Caderno Lei Maria da Penha - 1 ao 200.pdf,34
165,3748345,AMEOSC,Psico (Pref Iporã do Oeste)/Pref Iporã do Oeste,2025,D,"Durante uma escuta qualificada em um Centro de Referência, uma psicóloga identificou sinais de violência psicológica em uma mulher em situação de vuln…",PENDENTE_COMPARACAO_SUPABASE,,U1,5º a 7º da Lei nº 11.340/2006,BANCO_GERAL_MISSAO_FINAL,baixa,"Classificacao heuristica a partir do cabecalho de classificacao do TEC (arts. 5º a 7º da Lei nº 11.340/2006), integralmente dentro do intervalo de U1 (arts. 1o-7o). Nao lida individualmente nesta fase. Recomenda-se leitura dedicada antes de usar como pratica de unidade.",Caderno Lei Maria da Penha - 1 ao 200.pdf,34
166,3745005,OBJETIVA CONCURSOS,Den (Pref Francisco Alves)/Pref Francisco Alves,2025,D,"Tendo em vista a Lei nº 11.340/2006 — Lei Maria da Penha, assinalar a alternativa que NÃO configura violência doméstica e familiar contra a mulher.",PENDENTE_COMPARACAO_SUPABASE,,U1,5º a 7º da Lei nº 11.340/2006,BANCO_GERAL_MISSAO_FINAL,baixa,"Classificacao heuristica a partir do cabecalho de classificacao do TEC (arts. 5º a 7º da Lei nº 11.340/2006), integralmente dentro do intervalo de U1 (arts. 1o-7o). Nao lida individualmente nesta fase. Recomenda-se leitura dedicada antes de usar como pratica de unidade.",Caderno Lei Maria da Penha - 1 ao 200.pdf,34
167,3744367,FUNDATEC,GCM (Pref St'a Livramento)/Pref St'a Livramento,2025,C,"Marido descobre uma traição da esposa, com quem tem união estável há muitos anos. Estando ela grávida, ele a obriga a realizar um aborto, afirmando qu…",PENDENTE_COMPARACAO_SUPABASE,,U1,5º a 7º da Lei nº 11.340/2006,BANCO_GERAL_MISSAO_FINAL,baixa,"Classificacao heuristica a partir do cabecalho de classificacao do TEC (arts. 5º a 7º da Lei nº 11.340/2006), integralmente dentro do intervalo de U1 (arts. 1o-7o). Nao lida individualmente nesta fase. Recomenda-se leitura dedicada antes de usar como pratica de unidade.",Caderno Lei Maria da Penha - 1 ao 200.pdf,34
168,3744036,FGV,Prom Jus (MPE ES)/MPE ES,2025,B,"Caio e Isabela, ambos maiores e capazes, namoraram durante anos, embora nunca tenham residido em conjunto. No curso do relacionamento, o casal aliment…",PENDENTE_COMPARACAO_SUPABASE,,U1,5º a 7º da Lei nº 11.340/2006,BANCO_GERAL_MISSAO_FINAL,baixa,"Classificacao heuristica a partir do cabecalho de classificacao do TEC (arts. 5º a 7º da Lei nº 11.340/2006), integralmente dentro do intervalo de U1 (arts. 1o-7o). Nao lida individualmente nesta fase. Recomenda-se leitura dedicada antes de usar como pratica de unidade.",Caderno Lei Maria da Penha - 1 ao 200.pdf,35
169,3743053,OBJETIVA CONCURSOS,ACS (Pref Francisco Alves)/Pref Francisco Alves,2025,C,"Sob a perspectiva da Lei nº 11.340/2006 − Lei Maria da Penha, são consideradas formas de violência doméstica e familiar contra a mulher: I. Patrimonia…",PENDENTE_COMPARACAO_SUPABASE,,U1,5º a 7º da Lei nº 11.340/2006,BANCO_GERAL_MISSAO_FINAL,baixa,"Classificacao heuristica a partir do cabecalho de classificacao do TEC (arts. 5º a 7º da Lei nº 11.340/2006), integralmente dentro do intervalo de U1 (arts. 1o-7o). Nao lida individualmente nesta fase. Recomenda-se leitura dedicada antes de usar como pratica de unidade.",Caderno Lei Maria da Penha - 1 ao 200.pdf,35
170,3742586,FEPESE,Ass Soc (Pref Cunha Porã)/Pref Cunha Porã/Políticas Públicas,2025,E,"Durante atendimento social, uma mulher relata que seu companheiro a impede de trabalhar, controla seu dinheiro, retém seus documentos pessoais e destr…",PENDENTE_COMPARACAO_SUPABASE,,U1,5º a 7º da Lei nº 11.340/2006,BANCO_GERAL_MISSAO_FINAL,baixa,"Classificacao heuristica a partir do cabecalho de classificacao do TEC (arts. 5º a 7º da Lei nº 11.340/2006), integralmente dentro do intervalo de U1 (arts. 1o-7o). Nao lida individualmente nesta fase. Recomenda-se leitura dedicada antes de usar como pratica de unidade.",Caderno Lei Maria da Penha - 1 ao 200.pdf,35
171,3721393,FUNDATEC,Eletro (3 de Maio)/Pref Três de Maio,2025,B,"Maria é casada com João, que é um homem muito ciumento. João fiscaliza as ações de Maria, não a deixa sair com as amigas quando ele não está junto e e…",PENDENTE_COMPARACAO_SUPABASE,,U1,5º a 7º da Lei nº 11.340/2006,BANCO_GERAL_MISSAO_FINAL,baixa,"Classificacao heuristica a partir do cabecalho de classificacao do TEC (arts. 5º a 7º da Lei nº 11.340/2006), integralmente dentro do intervalo de U1 (arts. 1o-7o). Nao lida individualmente nesta fase. Recomenda-se leitura dedicada antes de usar como pratica de unidade.",Caderno Lei Maria da Penha - 1 ao 200.pdf,35
172,3721268,FUNDATEC,Aux EI (Pref Três de Maio)/Pref Três de Maio,2025,D,"Relacione a Coluna 1 à Coluna 2, considerando as disposições constantes da Lei Maria da Penha sobre as formas de violência contra a mulher e associand…",PENDENTE_COMPARACAO_SUPABASE,,U1,5º a 7º da Lei nº 11.340/2006,BANCO_GERAL_MISSAO_FINAL,baixa,"Classificacao heuristica a partir do cabecalho de classificacao do TEC (arts. 5º a 7º da Lei nº 11.340/2006), integralmente dentro do intervalo de U1 (arts. 1o-7o). Nao lida individualmente nesta fase. Recomenda-se leitura dedicada antes de usar como pratica de unidade.",Caderno Lei Maria da Penha - 1 ao 200.pdf,35
173,3715907,EDUCA PB,Psic (Pref SJ Rio do Peixe)/Pref SJ Rio do Peixe,2025,C,"Segundo o disposto no Art. 5º da Lei Maria da Penha (Lei nº 11.340/2006), a violência doméstica e familiar contra a mulher pode ocorrer em diferentes …",PENDENTE_COMPARACAO_SUPABASE,,U1,5º a 7º da Lei nº 11.340/2006,BANCO_GERAL_MISSAO_FINAL,baixa,"Classificacao heuristica a partir do cabecalho de classificacao do TEC (arts. 5º a 7º da Lei nº 11.340/2006), integralmente dentro do intervalo de U1 (arts. 1o-7o). Nao lida individualmente nesta fase. Recomenda-se leitura dedicada antes de usar como pratica de unidade.",Caderno Lei Maria da Penha - 1 ao 200.pdf,36
174,3715573,OBJETIVA CONCURSOS,Enf (Pref SJ Ouro)/Pref SJ do Ouro,2025,D,"São formas de violência doméstica e familiar contra a mulher, segundo a Lei nº 11.340/2006 — Lei Maria da Penha: I. Psicológica. II. Patrimonial. III.…",PENDENTE_COMPARACAO_SUPABASE,,U1,5º a 7º da Lei nº 11.340/2006,BANCO_GERAL_MISSAO_FINAL,baixa,"Classificacao heuristica a partir do cabecalho de classificacao do TEC (arts. 5º a 7º da Lei nº 11.340/2006), integralmente dentro do intervalo de U1 (arts. 1o-7o). Nao lida individualmente nesta fase. Recomenda-se leitura dedicada antes de usar como pratica de unidade.",Caderno Lei Maria da Penha - 1 ao 200.pdf,36
175,3711497,AMEOSC,Psic (Pref S M do Oeste)/Pref S M do Oeste,2025,D,"A Lei Maria da Penha (Lei nº 11.340/2006) é um marco na legislação brasileira de proteção aos direitos humanos das mulheres, criando mecanismos para c…",PENDENTE_COMPARACAO_SUPABASE,,U1,5º a 7º da Lei nº 11.340/2006,BANCO_GERAL_MISSAO_FINAL,baixa,"Classificacao heuristica a partir do cabecalho de classificacao do TEC (arts. 5º a 7º da Lei nº 11.340/2006), integralmente dentro do intervalo de U1 (arts. 1o-7o). Nao lida individualmente nesta fase. Recomenda-se leitura dedicada antes de usar como pratica de unidade.",Caderno Lei Maria da Penha - 1 ao 200.pdf,36
176,3709866,CONSULPLAN,Estag (TJ MG)/TJ MG/Direito,2025,D,"Ana sofreu violência psicológica praticada por seu ex-namorado. No processo, a defesa alega que a Lei Maria da Penha não se aplicaria ao caso, pois nã…",PENDENTE_COMPARACAO_SUPABASE,,U1,5º a 7º da Lei nº 11.340/2006,BANCO_GERAL_MISSAO_FINAL,baixa,"Classificacao heuristica a partir do cabecalho de classificacao do TEC (arts. 5º a 7º da Lei nº 11.340/2006), integralmente dentro do intervalo de U1 (arts. 1o-7o). Nao lida individualmente nesta fase. Recomenda-se leitura dedicada antes de usar como pratica de unidade.",Caderno Lei Maria da Penha - 1 ao 200.pdf,36
177,3709704,FUNDATEC,Prof (Pref Xangri-lá)/Pref Xangri-lá/Artes,2025,C,"A Lei Maria da Penha estabelece medidas para coibir a violência doméstica e familiar contra a mulher. Com base na referida Lei, assinale a alternativa…",PENDENTE_COMPARACAO_SUPABASE,,U1,5º a 7º da Lei nº 11.340/2006,BANCO_GERAL_MISSAO_FINAL,baixa,"Classificacao heuristica a partir do cabecalho de classificacao do TEC (arts. 5º a 7º da Lei nº 11.340/2006), integralmente dentro do intervalo de U1 (arts. 1o-7o). Nao lida individualmente nesta fase. Recomenda-se leitura dedicada antes de usar como pratica de unidade.",Caderno Lei Maria da Penha - 1 ao 200.pdf,37
178,3708369,FUNDATEC,Ori Edu (Pref Xangri-lá)/Pref Xangri-lá/II,2025,A,"Em um desentendimento familiar, Silvia agrediu sua cunhada, Maiara. Assustada com a situação, Maiara procurou a Delegacia da Mulher e perguntou à dele…",PENDENTE_COMPARACAO_SUPABASE,,U1,5º a 7º da Lei nº 11.340/2006,BANCO_GERAL_MISSAO_FINAL,baixa,"Classificacao heuristica a partir do cabecalho de classificacao do TEC (arts. 5º a 7º da Lei nº 11.340/2006), integralmente dentro do intervalo de U1 (arts. 1o-7o). Nao lida individualmente nesta fase. Recomenda-se leitura dedicada antes de usar como pratica de unidade.",Caderno Lei Maria da Penha - 1 ao 200.pdf,37
179,3703829,FAFIPA,Adv (CM Candói)/CM Candói,2025,C,"Em uma audiência no Juizado de Violência Doméstica e Familiar contra a Mulher, Marta, 45 anos, professora universitária, relatou que, após o fim de um…",PENDENTE_COMPARACAO_SUPABASE,,U1,5º a 7º da Lei nº 11.340/2006,BANCO_GERAL_MISSAO_FINAL,baixa,"Classificacao heuristica a partir do cabecalho de classificacao do TEC (arts. 5º a 7º da Lei nº 11.340/2006), integralmente dentro do intervalo de U1 (arts. 1o-7o). Nao lida individualmente nesta fase. Recomenda-se leitura dedicada antes de usar como pratica de unidade.",Caderno Lei Maria da Penha - 1 ao 200.pdf,37
180,3702820,FUNDATEC,Ag (Pref Xangri-lá)/Pref Xangri-lá/Cadastro Imobiliário,2025,D,Em qual das situações abaixo as previsões da Lei Maria da Penha NÃO poderiam ser aplicadas?,PENDENTE_COMPARACAO_SUPABASE,,U1,5º a 7º da Lei nº 11.340/2006,BANCO_GERAL_MISSAO_FINAL,baixa,"Classificacao heuristica a partir do cabecalho de classificacao do TEC (arts. 5º a 7º da Lei nº 11.340/2006), integralmente dentro do intervalo de U1 (arts. 1o-7o). Nao lida individualmente nesta fase. Recomenda-se leitura dedicada antes de usar como pratica de unidade.",Caderno Lei Maria da Penha - 1 ao 200.pdf,37
181,3695694,CONSULPLAN,Cuid Soc (Pref Indaiatuba)/Pref Indaiatuba,2025,C,"Considere o caso hipotético, à luz do Estatuto da Pessoa Idosa, Lei Maria da Penha, Estatuto da Criança e Adolescente (ECA) e Sistema Nacional de Aten…",PENDENTE_COMPARACAO_SUPABASE,,U1,5º a 7º da Lei nº 11.340/2006,BANCO_GERAL_MISSAO_FINAL,baixa,"Classificacao heuristica a partir do cabecalho de classificacao do TEC (arts. 5º a 7º da Lei nº 11.340/2006), integralmente dentro do intervalo de U1 (arts. 1o-7o). Nao lida individualmente nesta fase. Recomenda-se leitura dedicada antes de usar como pratica de unidade.",Caderno Lei Maria da Penha - 1 ao 200.pdf,37
182,3689397,NUCEPE UESPI,Tec NS (SEDUC PI)/SEDUC PI/Assistente Social/Atendimento Especializado,2025,E,"A lei 11.340/2006 configura violência doméstica e familiar contra a mulher qualquer ação ou omissão baseada no gênero que lhe cause morte, lesão, sofr…",PENDENTE_COMPARACAO_SUPABASE,,U1,5º a 7º da Lei nº 11.340/2006,BANCO_GERAL_MISSAO_FINAL,baixa,"Classificacao heuristica a partir do cabecalho de classificacao do TEC (arts. 5º a 7º da Lei nº 11.340/2006), integralmente dentro do intervalo de U1 (arts. 1o-7o). Nao lida individualmente nesta fase. Recomenda-se leitura dedicada antes de usar como pratica de unidade.",Caderno Lei Maria da Penha - 1 ao 200.pdf,38
183,3688456,FUNDATEC,Prof (Pref Montenegro)/Pref Montenegro/Área II/Artes Visuais,2025,A,"Com base na Lei Maria da Penha, instituída pela Lei nº 11.340/2006, analise as assertivas abaixo e assinale a alternativa correta. I. Configura violên…",PENDENTE_COMPARACAO_SUPABASE,,U1,5º a 7º da Lei nº 11.340/2006,BANCO_GERAL_MISSAO_FINAL,baixa,"Classificacao heuristica a partir do cabecalho de classificacao do TEC (arts. 5º a 7º da Lei nº 11.340/2006), integralmente dentro do intervalo de U1 (arts. 1o-7o). Nao lida individualmente nesta fase. Recomenda-se leitura dedicada antes de usar como pratica de unidade.",Caderno Lei Maria da Penha - 1 ao 200.pdf,38
184,3676352,SELECON,Tec NS (Pref Cuiabá)/Pref Cuiabá/Assistente Social,2025,D,"A Lei Maria da Penha cria mecanismos para coibir a violência doméstica e familiar contra a mulher. Nessa Lei, é considerada violência moral contra a m…",PENDENTE_COMPARACAO_SUPABASE,,U1,5º a 7º da Lei nº 11.340/2006,BANCO_GERAL_MISSAO_FINAL,baixa,"Classificacao heuristica a partir do cabecalho de classificacao do TEC (arts. 5º a 7º da Lei nº 11.340/2006), integralmente dentro do intervalo de U1 (arts. 1o-7o). Nao lida individualmente nesta fase. Recomenda-se leitura dedicada antes de usar como pratica de unidade.",Caderno Lei Maria da Penha - 1 ao 200.pdf,38
185,3675822,FUNDATEC,ASoc (Estância V)/Pref Estância Velha,2025,C,"De acordo com a Lei Maria da Penha, são formas de violência contra a mulher: I. Moral e sexual. II. Documental e racial. III. Patrimonial e física. IV…",PENDENTE_COMPARACAO_SUPABASE,,U1,5º a 7º da Lei nº 11.340/2006,BANCO_GERAL_MISSAO_FINAL,baixa,"Classificacao heuristica a partir do cabecalho de classificacao do TEC (arts. 5º a 7º da Lei nº 11.340/2006), integralmente dentro do intervalo de U1 (arts. 1o-7o). Nao lida individualmente nesta fase. Recomenda-se leitura dedicada antes de usar como pratica de unidade.",Caderno Lei Maria da Penha - 1 ao 200.pdf,38
186,3675621,CONSULPLAN,ASA (Indaiatuba)/Pref Indaiatuba,2025,D,"No dia 07 de agosto de 2025, a Lei Maria da Penha (Lei nº 11.340/2006) completou 19 anos, sendo considerada um dos maiores marcos de conquista históri…",PENDENTE_COMPARACAO_SUPABASE,,U1,5º a 7º da Lei nº 11.340/2006,BANCO_GERAL_MISSAO_FINAL,baixa,"Classificacao heuristica a partir do cabecalho de classificacao do TEC (arts. 5º a 7º da Lei nº 11.340/2006), integralmente dentro do intervalo de U1 (arts. 1o-7o). Nao lida individualmente nesta fase. Recomenda-se leitura dedicada antes de usar como pratica de unidade.",Caderno Lei Maria da Penha - 1 ao 200.pdf,39
187,3675500,FUNDATEC,Ag (Estância V)/Pref Estância Velha/Operacional,2025,D,"Arlene se desentendeu com seu marido Ricardo e estava arrumando suas coisas para sair de casa. Ricardo, quando descobriu, resolveu pegar todo o dinhei…",PENDENTE_COMPARACAO_SUPABASE,,U1,5º a 7º da Lei nº 11.340/2006,BANCO_GERAL_MISSAO_FINAL,baixa,"Classificacao heuristica a partir do cabecalho de classificacao do TEC (arts. 5º a 7º da Lei nº 11.340/2006), integralmente dentro do intervalo de U1 (arts. 1o-7o). Nao lida individualmente nesta fase. Recomenda-se leitura dedicada antes de usar como pratica de unidade.",Caderno Lei Maria da Penha - 1 ao 200.pdf,39
188,3675377,FUNDATEC,Ag (Estância V)/Pref Estância Velha/Administrativo,2025,D,"A Lei Maria da Penha visa prevenir, coibir e punir a violência doméstica e familiar contra a mulher em todo território nacional. Com base nessa Lei, a…",PENDENTE_COMPARACAO_SUPABASE,,U1,5º a 7º da Lei nº 11.340/2006,BANCO_GERAL_MISSAO_FINAL,baixa,"Classificacao heuristica a partir do cabecalho de classificacao do TEC (arts. 5º a 7º da Lei nº 11.340/2006), integralmente dentro do intervalo de U1 (arts. 1o-7o). Nao lida individualmente nesta fase. Recomenda-se leitura dedicada antes de usar como pratica de unidade.",Caderno Lei Maria da Penha - 1 ao 200.pdf,39
189,3659535,AMAUC,ASoc (AMAUC)/AMAUC,2025,E,"A Lei Maria da Penha define, em seu Art. 7º, as formas de violência doméstica e familiar contra a mulher. Um assistente social, ao realizar um atendim…",PENDENTE_COMPARACAO_SUPABASE,,U1,5º a 7º da Lei nº 11.340/2006,BANCO_GERAL_MISSAO_FINAL,baixa,"Classificacao heuristica a partir do cabecalho de classificacao do TEC (arts. 5º a 7º da Lei nº 11.340/2006), integralmente dentro do intervalo de U1 (arts. 1o-7o). Nao lida individualmente nesta fase. Recomenda-se leitura dedicada antes de usar como pratica de unidade.",Caderno Lei Maria da Penha - 1 ao 200.pdf,39
190,3657266,FGV,Ana Gest (AgSUS)/AgSUS/Psicologia,2025,A,"Inconformado com o fim do relacionamento amoroso, Hugo passou a perseguir Laura, vigiando-a na chegada e na saída da empresa em que trabalha. Um dia H…",PENDENTE_COMPARACAO_SUPABASE,,U1,5º a 7º da Lei nº 11.340/2006,BANCO_GERAL_MISSAO_FINAL,baixa,"Classificacao heuristica a partir do cabecalho de classificacao do TEC (arts. 5º a 7º da Lei nº 11.340/2006), integralmente dentro do intervalo de U1 (arts. 1o-7o). Nao lida individualmente nesta fase. Recomenda-se leitura dedicada antes de usar como pratica de unidade.",Caderno Lei Maria da Penha - 1 ao 200.pdf,40
191,3655644,DECORP,ASoc (Pref Mal Thaumaturgo)/Pref Mal Thaumaturgo,2025,A,Considere as afirmações a respeito da Lei Maria da Penha (Lei n.º 11.340/2006) no contexto da política social brasileira: I. Criou mecanismos de prote…,PENDENTE_COMPARACAO_SUPABASE,,U1,5º a 7º da Lei nº 11.340/2006,BANCO_GERAL_MISSAO_FINAL,baixa,"Classificacao heuristica a partir do cabecalho de classificacao do TEC (arts. 5º a 7º da Lei nº 11.340/2006), integralmente dentro do intervalo de U1 (arts. 1o-7o). Nao lida individualmente nesta fase. Recomenda-se leitura dedicada antes de usar como pratica de unidade.",Caderno Lei Maria da Penha - 1 ao 200.pdf,40
192,3655033,CPCON UEPB,Ass Soc (Pref R Sto Antônio)/Pref R Sto Antônio,2025,C,"“A violência de gênero é um fenômeno estrutural que perpassa as relações sociais e familiares” (Saffioti, 2004, p. 68), exigindo respostas interdiscip…",PENDENTE_COMPARACAO_SUPABASE,,U1,5º a 7º da Lei nº 11.340/2006,BANCO_GERAL_MISSAO_FINAL,baixa,"Classificacao heuristica a partir do cabecalho de classificacao do TEC (arts. 5º a 7º da Lei nº 11.340/2006), integralmente dentro do intervalo de U1 (arts. 1o-7o). Nao lida individualmente nesta fase. Recomenda-se leitura dedicada antes de usar como pratica de unidade. ATENCAO: enunciado e alternativas identicos ao(s) caderno(s) 193 (mesma banca CPCON UEPB, concursos municipais distintos, mesmo gabarito) -- duplicata interna a resolver na fase de deduplicacao.",Caderno Lei Maria da Penha - 1 ao 200.pdf,40
193,3653091,CPCON UEPB,Ass Soc (Pref São Bentinho)/Pref São Bentinho,2025,C,"“A violência de gênero é um fenômeno estrutural que perpassa as relações sociais e familiares” (Saffioti, 2004, p. 68), exigindo respostas interdiscip…",PENDENTE_COMPARACAO_SUPABASE,,U1,5º a 7º da Lei nº 11.340/2006,BANCO_GERAL_MISSAO_FINAL,baixa,"Classificacao heuristica a partir do cabecalho de classificacao do TEC (arts. 5º a 7º da Lei nº 11.340/2006), integralmente dentro do intervalo de U1 (arts. 1o-7o). Nao lida individualmente nesta fase. Recomenda-se leitura dedicada antes de usar como pratica de unidade. ATENCAO: enunciado e alternativas identicos ao(s) caderno(s) 192 (mesma banca CPCON UEPB, concursos municipais distintos, mesmo gabarito) -- duplicata interna a resolver na fase de deduplicacao.",Caderno Lei Maria da Penha - 1 ao 200.pdf,40
194,3651424,AMEOSC,ASoc (Pref Guarujá do Sul)/Pref Guarujá do Sul,2025,B,"A Lei Maria da Penha define cinco modalidades de violência contra a mulher: física, sexual, psicológica, patrimonial e moral. Compreender essas catego…",PENDENTE_COMPARACAO_SUPABASE,,U1,5º a 7º da Lei nº 11.340/2006,BANCO_GERAL_MISSAO_FINAL,baixa,"Classificacao heuristica a partir do cabecalho de classificacao do TEC (arts. 5º a 7º da Lei nº 11.340/2006), integralmente dentro do intervalo de U1 (arts. 1o-7o). Nao lida individualmente nesta fase. Recomenda-se leitura dedicada antes de usar como pratica de unidade.",Caderno Lei Maria da Penha - 1 ao 200.pdf,41
195,3644085,Instituto ACCESS,FVS (Pref Estrela Dalva)/Pref Estrela Dalva,2025,C,"A violência contra a mulher é um grave problema social no Brasil, que envolve diferentes formas de agressão física, psicológica, sexual, patrimonial e…",PENDENTE_COMPARACAO_SUPABASE,,U1,5º a 7º da Lei nº 11.340/2006,BANCO_GERAL_MISSAO_FINAL,baixa,"Classificacao heuristica a partir do cabecalho de classificacao do TEC (arts. 5º a 7º da Lei nº 11.340/2006), integralmente dentro do intervalo de U1 (arts. 1o-7o). Nao lida individualmente nesta fase. Recomenda-se leitura dedicada antes de usar como pratica de unidade.",Caderno Lei Maria da Penha - 1 ao 200.pdf,41
196,3642869,ISET,Ass Soc (Pref Conc do Coité)/Pref Conc do Coité,2025,B,"A Lei nº 11.340/2006, conhecida como Lei Maria da Penha, representa um marco legal no enfrentamento da violência contra a mulher no Brasil. Sobre seus…",PENDENTE_COMPARACAO_SUPABASE,,U1,5º a 7º da Lei nº 11.340/2006,BANCO_GERAL_MISSAO_FINAL,baixa,"Classificacao heuristica a partir do cabecalho de classificacao do TEC (arts. 5º a 7º da Lei nº 11.340/2006), integralmente dentro do intervalo de U1 (arts. 1o-7o). Nao lida individualmente nesta fase. Recomenda-se leitura dedicada antes de usar como pratica de unidade.",Caderno Lei Maria da Penha - 1 ao 200.pdf,41
197,3640962,OBJETIVA CONCURSOS,Ass Soc (Pref Harmonia)/Pref Harmonia,2025,B,"No âmbito da Lei nº 11.340/2006 — Lei Maria da Penha, assinalar a alternativa que configura violência sexual.",PENDENTE_COMPARACAO_SUPABASE,,U1,5º a 7º da Lei nº 11.340/2006,BANCO_GERAL_MISSAO_FINAL,baixa,"Classificacao heuristica a partir do cabecalho de classificacao do TEC (arts. 5º a 7º da Lei nº 11.340/2006), integralmente dentro do intervalo de U1 (arts. 1o-7o). Nao lida individualmente nesta fase. Recomenda-se leitura dedicada antes de usar como pratica de unidade.",Caderno Lei Maria da Penha - 1 ao 200.pdf,41
198,3634736,PRH-UEM,Ag Uni Pro (UEM)/UEM/Assistente Social,2025,E,"Quanto às formas de violência doméstica e familiar contra a mulher de acordo com a Lei n.º 11.340/2006 (Lei Maria da Penha), assinale a alternativa in…",PENDENTE_COMPARACAO_SUPABASE,,U1,5º a 7º da Lei nº 11.340/2006,BANCO_GERAL_MISSAO_FINAL,baixa,"Classificacao heuristica a partir do cabecalho de classificacao do TEC (arts. 5º a 7º da Lei nº 11.340/2006), integralmente dentro do intervalo de U1 (arts. 1o-7o). Nao lida individualmente nesta fase. Recomenda-se leitura dedicada antes de usar como pratica de unidade.",Caderno Lei Maria da Penha - 1 ao 200.pdf,41
199,3634734,PRH-UEM,Ag Uni Pro (UEM)/UEM/Assistente Social,2025,A,A violência contra a mulher é desafio cotidiano enfrentado na sociedade. A respeito da definição de violência doméstica e familiar contra a mulher con…,PENDENTE_COMPARACAO_SUPABASE,,U1,5º a 7º da Lei nº 11.340/2006,BANCO_GERAL_MISSAO_FINAL,baixa,"Classificacao heuristica a partir do cabecalho de classificacao do TEC (arts. 5º a 7º da Lei nº 11.340/2006), integralmente dentro do intervalo de U1 (arts. 1o-7o). Nao lida individualmente nesta fase. Recomenda-se leitura dedicada antes de usar como pratica de unidade.",Caderno Lei Maria da Penha - 1 ao 200.pdf,42
200,3633911,FUNDATEC,ANT (PROCERGS)/PROCERGS/Engenheiro de Segurança do Trabalho,2025,D,"Segundo a Lei Maria da Penha, entre as formas de violência doméstica e familiar contra a mulher, está a violência psicológica, entendida como qualquer…",PENDENTE_COMPARACAO_SUPABASE,,U1,5º a 7º da Lei nº 11.340/2006,BANCO_GERAL_MISSAO_FINAL,baixa,"Classificacao heuristica a partir do cabecalho de classificacao do TEC (arts. 5º a 7º da Lei nº 11.340/2006), integralmente dentro do intervalo de U1 (arts. 1o-7o). Nao lida individualmente nesta fase. Recomenda-se leitura dedicada antes de usar como pratica de unidade.",Caderno Lei Maria da Penha - 1 ao 200.pdf,42
